OTU ID	SLCLTDTT028	SLCLTDTT029	SLCLTDTT030	SLCLTDTT034	SLCLTDTT035	SLCLTDTT036	SLCLTDTT040	SLCLTDTT041	SLCLTDTT042	SLCLTDTT046	SLCLTDTT047	SLCLTDTT048	SLCLTDTT052	SLCLTDTT053	SLCLTDTT054	SLCLTDTT058	SLCLTDTT059	SLCLTDTT060	SLCLTDTT064	SLCLTDTT065	SLCLTDTT066	SLCLTDTT070	SLCLTDTT071	SLCLTDTT072	SLCLTDTT076	SLCLTDTT077	SLCLTDTT078	SLCLTDTT082	SLCLTDTT083	SLCLTDTT084	SLCLTDTT004	SLCLTDTT005	SLCLTDTT006	SLCLTDTT010	SLCLTDTT011	SLCLTDTT012	SLCLTDTT016	SLCLTDTT017	SLCLTDTT018	SLCLTDTT022	SLCLTDTT023	SLCLTDTT024	SLCLTDTT094	SLCLTDTT095	SLCLTDTT096	SLCLTDTT100	SLCLTDTT101	SLCLTDTT102	SLCLTDTT106	SLCLTDTT107	SLCLTDTT108	SLCLTDTT112	SLCLTDTT113	SLCLTDTT114	SLCLTDTT118	SLCLTDTT119	SLCLTDTT120	SLCLTDTT124	SLCLTDTT125	SLCLTDTT126	SLCLTDTT130	SLCLTDTT131	SLCLTDTT132	SLCLTDTT136	SLCLTDTT137	SLCLTDTT138	SLCLTDTT142	SLCLTDTT143	SLCLTDTT144	SLCLTDTT148	SLCLTDTT149	SLCLTDTT150	SLCLTDTT154	SLCLTDTT155	SLCLTDTT156	SLCLTDTT160	SLCLTDTT161	SLCLTDTT162	SLCLTDTT166	SLCLTDTT167	SLCLTDTT168	SLCLTDTT172	SLCLTDTT173	SLCLTDTT174	SLCLTDTT178	SLCLTDTT179	SLCLTDTT180	SLCLTDTT184	SLCLTDTT185	SLCLTDTT186	taxonomy
k__Bacteria;p__Firmicutes;c__Bacilli;o__Lactobacillales;f__Lactobacillaceae;g__Ligilactobacillus	40897	119058	105295	87961	51724	77476	3825	18716	12310	9768	20065	32896	27374	55900	29997	57065	79975	64025	173469	140987	77739	28750	34444	31518	156528	95599	94044	56604	56679	108102	36193	51148	58621	12964	31703	35295	49287	50190	86122	45708	62983	31986	151520	120343	91564	79107	61620	63143	289126	279836	304720	89582	131499	94835	13187	46763	8207	88721	113131	76931	195825	69364	79149	96543	116980	107546	30390	89211	65425	177005	244027	137397	11644	34704	9672	41939	49678	56763	175127	167014	92745	49063	33812	17663	124655	44607	103471	1826	25011	27023	
k__Bacteria;p__Firmicutes;c__Bacilli;o__Lactobacillales;f__Lactobacillaceae;g__Lactobacillus	65250	119492	92639	62545	72362	64318	8561	63758	133376	92855	158670	94309	6506	16455	5346	15104	32125	37218	6805	12803	6021	16075	53911	26861	2111	2215	6580	15196	18207	3687	144685	148077	136589	83189	118759	93317	84944	89562	142937	29137	29486	15914	31134	60352	8738	48066	64362	88124	9493	10027	6910	21594	30447	27143	8555	80696	44075	22703	39676	23026	70500	24560	41951	31139	46695	34121	30678	64079	28416	18526	77902	56519	78955	117502	67102	73780	72286	75924	4547	3525	1161	76263	158074	107541	43075	85449	107894	1355	38386	18408	
k__Bacteria;p__Bacteroidota;c__Bacteroidia;o__Bacteroidales;f__Muribaculaceae;g__	5420	18918	23366	29166	47433	45844	2171	25192	31889	21159	19997	36062	7905	71922	53688	38418	46285	65035	63899	85766	39571	54002	29701	104591	68350	79956	100456	85110	154952	96412	3980	5251	7844	33032	15767	13188	21796	25518	28870	21272	72168	27195	22954	35150	31828	69145	18346	24245	18853	21758	64904	48481	44050	47495	19823	82502	38267	47290	66284	30252	63249	9799	4469	37030	44557	23319	9928	16552	19411	7279	1295	796	11601	7197	8672	36205	45405	53618	35003	51317	31981	42655	50893	46281	20647	20408	79269	34333	136119	177384	
k__Bacteria;p__Firmicutes;c__Bacilli;o__Bacillales;f__Bacillaceae;g__Bacillus	1837	10427	11379	527	8050	1263	253	3731	433	155	393	516	18980	29734	31141	4614	4508	5100	3114	18257	84810	14736	114314	27042	50775	88254	68602	5116	2334	975	3462	40876	65435	4516	54218	24926	2544	41084	919	6914	71252	10390	3341	4378	2397	7168	3872	11176	449	856	636	2538	1247	762	837	2037	4173	535	1660	874	10655	2645	33814	788	1548	431	76273	4920	9695	6985	7886	7904	3103	6475	25818	189	33000	1036	32453	13708	10308	1837	4675	3772	178	56	138	34	34	55	
k__Bacteria;p__Firmicutes;c__Bacilli;o__Lactobacillales;f__Lactobacillaceae;g__HT002	5156	11310	12427	16025	19755	15853	3537	25708	58037	21592	48747	48109	1973	6794	2234	3416	7402	7540	5299	15586	6891	5433	14786	9885	1234	1620	4399	5928	3027	1667	18502	26663	23166	32099	23354	19263	7695	11804	10905	5146	9483	3749	22600	36070	4798	16015	20983	39218	6015	4801	3681	13530	19134	14182	1936	13151	9672	15468	22821	10416	112297	21620	38937	20899	25897	17753	11975	13068	7802	2421	8604	6362	45573	73629	43623	26701	23926	25736	2928	2682	1178	5704	12347	10719	9852	35815	47034	385	7772	9211	
k__Bacteria;p__Firmicutes;c__Bacilli;o__Erysipelotrichales;f__Erysipelotrichaceae;g__Turicibacter	348	362	386	1724	3522	2612	915	2436	1973	4395	823	2381	1857	1439	564	17051	1983	2353	22888	1031	1193	27435	9350	14698	2558	814	1052	68944	2309	804	721	1804	560	3078	1229	779	532	505	479	1299	964	437	1051	298	161	717	354	269	243	190	239	1110	186	140	2171	751	3432	15390	4160	4101	732	990	360	18173	2809	1686	1168	195	312	364	362	236	5534	1871	5952	1288	3739	1633	7303	289	807	10541	6423	9873	205	880	3290	6878	5731	2130	
k__Bacteria;p__Firmicutes;c__Clostridia;o__Clostridiales;f__Clostridiaceae;g__Candidatus Arthromitus	157180	4036	228	11707	5813	4930	338029	73467	3440	79705	2177	243	225821	3889	104	80847	12635	148	33412	31	144	53	494	41	462	28	18	5934	20	13	2243	230	199	23038	157	34	49943	26069	119	174995	21624	155	50	25	11	48	30	37	26	45	17	31	22	19	285377	2542	13401	11606	574	36	464	172017	428	1667	94	19	75	27	16	19	36	27	99246	2893	73	1292	488	42	12167	28	28	10720	40	25	19	16	38	17	19	13	
k__Bacteria;p__Desulfobacterota;c__Desulfovibrionia;o__Desulfovibrionales;f__Desulfovibrionaceae;g__Desulfovibrio	435	1106	727	2602	3147	3435	162	1509	1311	2020	1990	1933	441	4612	4297	10009	16463	12876	2480	2409	2049	3707	3103	6586	1056	814	1896	4397	7081	3991	448	469	465	3731	985	814	548	559	536	311	607	316	6158	8381	2347	7797	2705	1915	1193	635	1108	7736	5136	3311	1636	1668	2971	5751	11596	3678	3012	686	1210	6101	3162	1488	919	2476	1008	381	114	125	817	572	693	1241	3132	4073	790	1056	1127	1429	1290	2298	4834	1700	4446	2122	8512	5543	
k__Bacteria;p__Firmicutes;c__Clostridia;o__Lachnospirales;f__Lachnospiraceae;g__Lachnospiraceae UCG-006	212	133	279	1410	12093	9449	508	9429	2400	297	407	913	721	8592	9898	2657	4393	8848	725	580	691	2556	1511	3001	890	1364	2361	1718	2775	3180	100	192	410	669	505	857	1603	1350	1292	464	1717	787	851	759	1217	1899	221	604	401	428	1181	3779	794	1728	1574	1588	4202	1575	1725	1154	496	126	119	324	344	239	587	149	1030	661	93	62	850	443	1589	568	3136	1083	2012	4951	5057	1717	2592	1945	173	797	10033	5710	2500	5341	
k__Bacteria;p__Bacteroidota;c__Bacteroidia;o__Bacteroidales;f__Muribaculaceae;g__Muribaculum	300	496	711	3566	6787	5425	168	2845	2642	1824	1219	1821	924	7240	7033	5862	9396	8258	6063	6426	4157	4729	3630	7508	5439	3265	7037	7951	7182	6063	290	274	715	1830	1316	1401	2915	2210	1914	2412	7523	4033	2069	3784	6307	4377	1455	2253	1464	2543	6101	3006	3268	3662	1283	4504	2717	5278	6919	3063	2849	526	467	6267	4210	2259	1300	504	1708	682	69	57	819	636	955	3950	5615	6317	4795	6552	4108	3696	4043	6162	342	3341	15497	723	14325	16382	
k__Bacteria;p__Firmicutes;c__Clostridia;o__Lachnospirales;f__Lachnospiraceae;g__	534	151	345	1515	15178	10453	523	9723	1923	851	963	2773	1648	5012	10313	3242	599	2443	2099	1280	3045	11872	3311	7442	606	725	1917	2145	5698	2133	122	435	564	393	330	483	591	597	282	354	1974	937	1612	1111	1652	5504	937	1550	329	830	865	7132	484	840	3227	1036	8890	2755	2509	1376	3133	581	382	1503	2186	1929	2937	456	859	2954	538	324	1706	1099	4285	259	3051	401	4914	1362	4246	1685	942	784	732	632	1379	5513	740	1388	
k__Bacteria;p__Proteobacteria;c__Gammaproteobacteria;o__Enterobacterales;f__Enterobacteriaceae;g__Escherichia-Shigella	50	62	72	776	3296	1519	48	45	60	349	56	55	111	1335	179	2551	71	2064	58	553	182	306	2484	1663	141	150	168	102	69	34	53	6013	5959	8180	2089	5601	9491	43048	277	102	397	65	38	444	33	63	191	57	94	196	67	1049	446	186	103	143	539	50	73	28	13881	766	46621	75	117	33	1030	118	32	40	109	29	48	42	63	38	382	45	85	50	40	37	51	61	373	53	82	85	48	54	
k__Bacteria;p__Firmicutes;c__Clostridia;o__Lachnospirales;f__Lachnospiraceae;g__Lachnospiraceae UCG-001	60	45	14	674	5698	2080	129	3097	530	34	48	210	558	219	892	42	45	138	0	38	188	3605	315	1037	380	355	486	398	168	86	33	60	62	33	16	0	16	35	53	74	279	145	1102	1166	263	9514	379	473	99	340	142	6591	294	262	49	0	109	104	112	11	750	52	41	69	85	64	2817	188	253	1122	85	99	132	66	98	35	100	50	3792	603	2175	1335	513	503	299	720	385	67	501	399	
k__Bacteria;p__Firmicutes;c__Bacilli;o__Erysipelotrichales;f__Erysipelotrichaceae;g__Faecalibaculum	372	340	1110	140	321	351	36	151	146	98	92	120	394	5634	5679	3496	4718	6336	703	199	474	1807	1259	2884	120	110	303	544	4638	133	89	149	192	131	127	149	80	93	110	102	151	55	53	54	27	87	312	160	45	54	53	39	71	55	1834	4867	3212	298	506	264	1526	360	524	249	291	167	183	51	120	110	127	59	127	163	194	190	912	430	572	349	450	532	260	412	38	221	258	489	3442	6953	
k__Bacteria;p__Proteobacteria;c__Gammaproteobacteria;o__Pseudomonadales;f__Pseudomonadaceae;g__Pseudomonas	14	51	115	2	0	0	9	8	8	11	24	56	1506	34078	32607	11	6	3	14	34	0	7	13	16	21399	14060	5692	4014	917	165	0	7	8	464	1137	228	10	5	0	411	3785	472	14	6	0	4	1085	8	0	0	0	8	165	0	11	0	5	0	166	3	17	10	16	8	164	3	8	0	0	9	288	0	32	225	263	14	4444	226	9	0	0	0	8	7	0	0	0	10	6	5	
k__Bacteria;p__Firmicutes;c__Bacilli;o__Lactobacillales;f__Lactobacillaceae;g__	109	319	377	0	1103	379	413	3330	6925	1933	4891	5488	400	1772	620	753	2008	1956	0	0	0	1320	3870	2506	271	406	1164	1425	671	404	458	550	692	2269	2142	1890	1020	1963	2005	223	424	182	6391	10213	1340	4311	5364	10283	1544	1349	895	3773	5027	3688	487	3606	2461	0	0	0	188	0	12	0	0	0	3357	3599	2185	640	2118	1780	3168	5218	3702	3395	2988	3207	815	779	307	1576	3696	3006	2866	9538	12851	98	2176	2432	
k__Bacteria;p__Firmicutes;c__Bacilli;o__Staphylococcales;f__Staphylococcaceae;g__Staphylococcus	61	263	169	160	1385	836	337	2946	657	662	137	357	2148	111	197	33	81	38	73	0	19	123	81	77	34	39	61	95	12	10	683	371	1231	7572	4430	17764	3138	3082	1266	3163	4041	1179	14	72	0	15	598	163	34	37	13	34	65	0	8	25	24	0	75	13	16	0	13	0	97	0	21	18	24	0	205	0	659	368	722	53	564	35	42	56	0	0	50	33	11	27	56	0	16	0	
k__Bacteria;p__Proteobacteria;c__Gammaproteobacteria;o__Enterobacterales;f__Enterobacteriaceae;g__Citrobacter	58	315	875	9	26	0	0	0	0	46	178	281	253	1483	1632	0	0	0	13	14	0	0	0	14	905	801	251	234	33	17	0	0	11	3289	3974	1838	0	20	0	1045	13401	2213	11	0	0	7	61	0	9	0	0	0	0	6	0	0	0	0	0	0	15	11	0	0	0	0	0	0	0	0	0	0	136	488	525	48	11845	475	0	0	0	0	0	0	0	0	0	0	0	0	
k__Bacteria;p__Firmicutes;c__Bacilli;o__Lactobacillales;f__Lactobacillaceae;g__Limosilactobacillus	71	201	246	77	786	245	319	2113	4443	1329	3116	3550	337	1292	386	561	1345	1374	0	0	0	1158	3071	1903	241	304	892	1340	695	346	294	328	414	1591	1338	1197	634	1142	1247	138	278	129	3911	6179	929	2692	3533	6872	1042	897	670	2450	3397	2477	335	2222	1538	0	0	0	0	0	0	0	0	0	2025	2276	1434	431	1400	1081	2244	3541	2467	2261	2228	2115	539	529	234	927	2076	1783	1710	6420	7850	64	1422	1639	
k__Bacteria;p__Firmicutes;c__Clostridia;o__Lachnospirales;f__Lachnospiraceae;g__Lachnoclostridium	161	148	237	765	5291	4469	185	2694	636	351	531	1472	834	13273	17361	934	918	2201	1843	2132	1861	4706	1513	4457	503	609	2341	1640	3614	2538	28	157	242	189	172	264	735	498	427	192	893	517	1475	1032	1914	3206	879	874	332	368	911	2828	1083	2118	1543	1615	3894	2253	3330	2520	1329	160	575	1412	1923	1551	1461	420	980	944	255	89	500	358	1027	313	1355	515	2273	8199	7390	838	1185	831	618	1014	4326	701	3795	7463	
k__Bacteria;p__Proteobacteria;c__Gammaproteobacteria;o__Burkholderiales;f__Sutterellaceae;g__Parasutterella	232	330	350	2225	2204	2227	91	789	863	482	572	578	204	1736	1558	1666	2805	3272	1376	1099	665	1730	1253	2521	434	419	1193	1209	1262	968	449	469	571	1273	1043	1025	1046	897	651	1306	1953	1042	1161	1099	337	1413	620	715	329	419	627	1723	1204	901	791	1564	1449	797	1215	606	1330	441	669	1335	976	607	289	448	585	225	20	32	363	457	670	1085	1958	1808	972	1117	534	1913	2113	2920	233	1439	4201	564	9111	6669	
k__Bacteria;p__Bacteroidota;c__Bacteroidia;o__Bacteroidales;f__Rikenellaceae;g__Alistipes	45	9	16	107	1681	1309	67	1058	208	38	46	115	324	378	2882	621	40	405	149	38	127	401	84	214	95	87	106	127	169	30	9	28	38	18	17	16	26	63	25	47	235	130	63	139	68	823	85	241	9	57	29	552	27	47	130	13	132	310	173	36	728	117	20	148	375	432	267	26	51	525	139	77	145	107	160	8	546	21	383	47	335	91	42	48	59	43	32	584	19	48	
k__Bacteria;p__Actinobacteriota;c__Coriobacteriia;o__Coriobacteriales;f__Atopobiaceae;g__Coriobacteriaceae UCG-002	145	139	237	347	215	228	18	94	97	42	33	74	50	107	56	1630	1486	1832	324	154	148	6041	3786	10580	710	383	1187	2045	642	482	188	133	127	109	177	99	98	100	88	156	198	41	97	23	12	59	31	48	7	6	22	93	40	32	141	258	568	148	291	151	491	97	125	143	267	84	106	32	99	109	11	22	19	6	23	146	600	242	400	114	298	2449	745	1012	60	235	1165	242	2035	3733	
k__Bacteria;p__Firmicutes;c__Clostridia;o__Clostridiales;f__Clostridiaceae;g__Clostridium sensu stricto 1	209	62	25	34	138	162	28	21	85	20	15	12	65	785	454	1549	135	372	0	0	20	0	35	0	13	9	0	43	24	0	12	44	29	0	15	17	18	14	9	16	7	0	22	12	0	0	48	46	20	0	11	0	18	20	459	279	1812	6	0	0	0	18	0	0	0	8	12	0	0	0	24	20	15	0	16	0	81	0	0	0	0	11	8	0	13	0	0	0	0	13	
k__Bacteria;p__Firmicutes;c__Bacilli;o__Lactobacillales;f__Streptococcaceae;g__Streptococcus	315	2603	785	164	359	481	173	946	218	573	159	174	922	2753	1549	111	419	251	165	111	74	295	1224	514	110	82	244	334	60	42	5320	2578	63693	1648	1317	1600	736	1343	525	12166	10221	1142	112	1894	161	170	710	983	99	274	65	166	449	119	60	152	186	94	252	222	241	88	108	111	181	126	445	79	71	194	259	147	834	2434	1669	92	193	84	407	157	101	85	135	56	83	598	213	38	169	59	
k__Bacteria;p__Actinobacteriota;c__Actinobacteria;o__Bifidobacteriales;f__Bifidobacteriaceae;g__Bifidobacterium	20	37	42	201	110	146	26	88	59	58	73	50	23	44	34	176	182	204	27	40	25	1282	2032	1577	356	180	293	2034	2752	445	302	115	156	190	351	180	113	176	79	351	230	60	43	34	18	104	161	73	20	38	25	24	60	8	31	49	56	28	68	30	58	27	25	25	66	0	77	26	58	59	90	27	90	86	118	280	657	240	716	134	143	2617	922	396	29	107	234	187	3008	878	
k__Bacteria;p__Firmicutes;c__Clostridia;o__Lachnospirales;f__Lachnospiraceae;g__Lachnospiraceae NK4A136 group	125	106	72	464	6121	2964	140	2719	367	238	234	470	652	1386	6543	1094	131	658	285	113	174	3122	639	1512	151	204	189	338	2094	15	36	256	298	58	149	174	98	161	54	158	491	205	472	298	109	1018	520	300	33	96	41	1665	106	67	558	91	1885	624	310	88	287	67	50	227	358	239	545	33	75	570	210	60	540	417	1351	33	1607	100	613	96	450	289	76	74	101	144	103	9573	59	99	
k__Bacteria;p__Bacteroidota;c__Bacteroidia;o__Bacteroidales;f__Bacteroidaceae;g__Bacteroides	58	33	72	132	1332	1085	73	819	197	85	86	141	324	323	3516	431	69	234	125	54	80	565	154	260	137	146	111	158	924	43	48	105	127	24	92	57	81	147	111	174	999	678	127	155	66	262	4737	183	75	87	55	155	661	56	126	64	179	112	807	28	634	127	73	94	1016	114	300	53	89	301	1120	73	107	142	181	49	428	80	565	81	473	70	62	83	54	140	109	8342	88	206	
k__Bacteria;p__Bacteroidota;c__Bacteroidia;o__Bacteroidales;f__Tannerellaceae;g__Parabacteroides	17	9	25	107	1466	674	50	1192	238	7	46	85	983	267	25262	169	50	135	64	0	49	496	310	292	85	87	61	44	567	24	15	29	45	0	5	25	0	37	36	169	868	522	37	39	28	112	101	73	20	30	42	51	28	55	226	32	258	19	112	11	781	138	70	22	65	53	211	36	47	183	55	36	88	75	250	24	424	44	282	49	258	60	29	8	5	126	67	2058	58	128	
k__Bacteria;p__Bacteroidota;c__Bacteroidia;o__Bacteroidales;f__Marinifilaceae;g__Odoribacter	5	3	0	5	78	71	3	55	11	4	7	15	44	81	150	61	4	51	13	3	25	513	48	205	36	18	60	39	7	4	3	0	0	0	0	0	0	4	5	0	0	2	66	115	32	2081	59	483	5	52	35	993	19	18	86	0	72	35	22	10	123	11	4	12	14	28	20	4	13	58	6	5	11	19	18	0	14	4	18	0	23	4	0	0	8	3	0	121	0	5	
k__Bacteria;p__Firmicutes;c__Clostridia;o__Lachnospirales;f__Lachnospiraceae;g__Marvinbryantia	28	0	20	224	3416	1813	74	1809	296	189	135	487	112	303	409	185	57	190	91	163	209	526	207	393	72	72	479	154	590	361	0	20	30	34	40	36	51	94	52	43	254	161	89	56	202	566	80	234	18	68	121	680	46	104	192	86	262	272	216	100	527	50	107	143	351	245	268	22	82	362	54	8	225	152	404	0	247	19	375	225	530	228	167	132	45	47	536	12	218	167	
k__Bacteria;p__Verrucomicrobiota;c__Verrucomicrobiae;o__Verrucomicrobiales;f__Akkermansiaceae;g__Akkermansia	37	56	107	49	221	241	45	79	53	60	45	34	277	992	1330	60	398	339	47	71	44	55	174	93	54	72	46	37	3985	28	43	91	145	37	58	71	36	72	40	49	116	35	44	55	33	62	674	139	41	37	35	35	138	27	144	444	216	31	161	29	77	33	36	23	154	23	71	25	46	37	234	34	44	100	97	41	402	47	49	46	40	81	88	64	26	35	144	19353	42	48	
k__Bacteria;p__Firmicutes;c__Clostridia;o__Lachnospirales;f__Lachnospiraceae;g__ASF356	42	19	19	131	2759	1135	137	2689	332	24	30	74	46	38	416	0	0	0	18	0	0	54	0	31	11	15	12	14	0	4	0	20	22	16	25	11	14	26	22	22	37	24	37	72	21	106	11	30	11	0	0	332	14	20	26	0	0	13	83	0	318	68	19	0	14	0	102	14	19	36	30	0	49	48	56	12	21	21	89	12	58	22	31	18	24	0	23	185	7	16	
k__Bacteria;p__Firmicutes;c__Clostridia;o__Peptococcales;f__Peptococcaceae;g__	14	0	8	28	374	196	26	472	62	29	31	67	77	101	277	62	12	63	34	13	28	353	74	91	20	26	35	31	109	0	12	6	10	8	23	21	0	18	7	27	118	63	35	48	14	94	12	15	7	23	16	153	18	8	35	5	41	29	30	13	44	8	10	15	23	20	69	10	13	36	11	11	39	32	176	0	81	21	135	10	106	22	11	0	10	14	9	363	5	17	
k__Bacteria;p__Firmicutes;c__Clostridia;o__Lachnospirales;f__Lachnospiraceae;g__Roseburia	34	0	10	91	1346	934	33	835	170	33	25	99	93	282	656	267	0	196	39	11	69	254	15	74	27	10	14	52	82	0	0	19	8	10	21	22	0	10	0	0	46	13	47	39	16	523	373	71	0	6	0	295	55	12	49	0	50	41	127	0	258	38	0	51	178	60	330	83	177	1001	235	97	22	33	81	0	151	7	159	10	146	313	95	89	183	34	7	30	0	18	
k__Bacteria;p__Firmicutes;c__Clostridia;o__Lachnospirales;f__Lachnospiraceae;g__28-4	69	38	29	85	1027	616	63	878	158	98	122	233	47	50	79	34	25	35	48	28	49	119	47	111	35	61	58	54	36	20	30	35	54	36	46	28	39	54	41	59	77	33	77	44	43	267	63	123	26	52	50	95	36	15	68	22	89	61	124	23	57	42	34	30	77	50	48	26	30	31	48	23	66	74	136	30	169	37	37	35	25	36	31	30	38	26	41	3283	30	14	
k__Bacteria;p__Firmicutes;c__Clostridia;o__Oscillospirales;f__Oscillospiraceae;g__Oscillibacter	0	0	0	31	351	116	0	214	9	13	9	22	30	35	130	11	0	16	0	17	0	496	85	53	0	15	0	12	200	11	0	9	20	6	0	24	17	0	0	19	20	13	79	19	10	66	173	34	0	25	7	156	41	21	14	0	50	18	52	0	87	8	0	18	35	0	115	0	23	29	59	0	57	23	36	9	51	10	103	8	58	66	0	10	13	0	0	3795	0	12	
k__Bacteria;p__Firmicutes;c__Clostridia;o__Oscillospirales;f__Oscillospiraceae;g__Colidextribacter	48	23	24	94	1247	692	47	830	120	81	65	166	241	296	1636	423	22	276	37	0	91	1601	362	818	119	97	91	134	221	15	21	24	51	19	0	38	19	17	0	62	225	80	166	200	43	1241	170	171	19	72	18	1067	38	57	152	0	244	117	72	0	147	34	14	31	128	97	530	0	41	313	53	28	102	80	184	5	134	17	765	32	528	159	40	56	79	107	28	1235	0	109	
k__Bacteria;p__Bacteroidota;c__Bacteroidia;o__Bacteroidales;f__Rikenellaceae;g__Rikenellaceae RC9 gut group	27	16	6	35	578	595	31	342	90	23	32	77	199	97	3514	115	23	112	40	33	42	186	38	136	45	35	30	44	68	16	7	15	25	16	15	8	16	42	38	52	258	116	22	39	15	65	24	34	21	16	28	46	28	20	132	23	102	39	66	0	476	64	17	30	111	102	77	12	22	78	29	22	44	31	64	21	82	16	95	40	87	40	32	27	15	45	35	2612	29	62	
k__Bacteria;p__Firmicutes;c__Clostridia;o__Lachnospirales;f__Lachnospiraceae;g__Lachnospiraceae FCS020 group	0	17	0	0	134	159	0	92	17	40	15	69	37	73	311	25	0	24	7	15	41	216	53	78	12	20	56	27	120	71	0	13	21	0	16	9	0	0	9	0	66	39	118	57	76	121	87	58	20	0	24	367	19	48	18	0	47	40	56	42	39	0	0	54	76	61	111	22	13	40	49	16	35	11	54	0	6	8	121	33	177	20	13	0	20	9	61	254	28	79	
k__Bacteria;p__Firmicutes;c__Bacilli;o__Acholeplasmatales;f__Acholeplasmataceae;g__Anaeroplasma	17	0	7	23	351	180	12	342	57	13	8	33	66	334	1496	103	23	130	0	0	10	124	44	73	6	6	11	32	80	0	0	0	8	0	0	0	5	0	8	0	0	0	6	10	3	86	4	45	0	0	0	22	7	11	342	9	182	7	9	0	98	10	0	0	9	6	8	3	0	0	0	0	26	27	57	3	267	0	0	0	0	0	0	0	0	0	0	0	0	0	
k__Bacteria;p__Firmicutes;c__Clostridia;o__Clostridia vadinBB60 group;f__;g__	92	10	20	136	2226	1439	104	1650	304	70	66	169	147	253	2203	355	3	174	27	8	50	423	60	294	51	43	63	55	62	0	0	11	30	28	16	14	41	59	23	28	111	61	22	84	21	308	33	92	11	17	0	823	35	42	267	0	198	45	92	0	765	104	0	80	282	311	91	13	47	333	92	44	203	154	297	19	686	22	150	16	159	51	23	23	22	2	4	2186	3	39	
k__Bacteria;p__Bacteroidota;c__Bacteroidia;o__Bacteroidales;f__Rikenellaceae;g__Rikenella	41	7	0	42	721	496	0	519	107	9	8	0	38	116	859	94	17	76	26	10	5	0	2	0	0	0	0	8	0	0	0	0	0	0	10	7	11	11	11	23	84	57	17	57	61	106	9	38	2	28	45	289	18	26	68	2	94	35	26	9	28	14	0	23	31	36	60	0	18	21	0	0	25	21	31	5	268	8	70	30	55	19	0	6	0	32	93	454	172	343	
k__Bacteria;p__Desulfobacterota;c__Desulfovibrionia;o__Desulfovibrionales;f__Desulfovibrionaceae;g__Bilophila	14	5	17	39	524	281	18	358	85	21	28	70	62	314	514	125	67	169	47	50	56	526	101	317	45	75	126	101	98	130	0	7	0	9	0	19	15	20	14	9	27	30	47	67	104	417	51	77	8	13	46	174	22	43	51	24	142	62	49	64	64	9	17	35	43	27	75	0	23	12	44	0	50	44	115	10	134	20	117	145	126	35	18	13	12	63	165	134	504	800	
k__Bacteria;p__Proteobacteria;c__Gammaproteobacteria;o__Enterobacterales;f__Enterobacteriaceae;g__Klebsiella	0	0	140	0	0	0	0	13	0	0	0	0	0	410	220	0	0	0	0	0	0	0	0	0	95	120	39	0	52	0	0	0	0	653	549	245	0	0	0	147	1830	386	0	0	0	0	303	0	0	0	0	0	87	0	0	0	0	0	88	0	0	0	0	0	85	0	0	0	0	0	159	0	0	0	50	0	1319	59	0	0	0	0	0	0	0	0	0	0	0	0	
k__Bacteria;p__Firmicutes;c__Clostridia;o__Clostridia UCG-014;f__;g__	39	0	23	102	1128	873	24	555	105	0	32	97	21	120	246	68	29	90	50	19	43	109	74	102	61	44	53	143	163	146	0	24	0	9	23	26	25	46	27	20	18	17	49	0	0	39	11	39	8	36	66	64	0	34	48	32	29	157	201	133	200	57	39	100	187	155	69	18	84	21	0	0	128	68	308	0	520	26	40	29	37	24	43	15	9	25	171	1881	104	248	
k__Bacteria;p__Firmicutes;c__Clostridia;o__Oscillospirales;f__[Eubacterium] coprostanoligenes group;g__	14	0	0	17	147	161	0	103	14	0	11	19	32	13	190	20	3	0	10	8	0	0	15	7	0	0	4	8	49	0	0	0	0	3	5	0	5	7	0	12	41	25	0	11	0	39	944	13	0	0	0	25	123	7	9	0	0	24	156	0	192	52	0	22	211	30	38	7	0	32	217	0	33	26	57	0	129	13	77	12	46	12	7	0	0	0	0	143	6	14	
k__Bacteria;p__Proteobacteria;c__Gammaproteobacteria;o__Burkholderiales;f__Comamonadaceae;g__Aquabacterium	36	116	170	6	134	12	0	63	10	0	7	8	274	275	340	75	115	100	61	497	2424	296	5257	691	708	987	617	168	50	27	103	441	609	71	467	805	48	406	15	101	688	115	17	20	8	21	12	11	0	0	5	14	8	0	14	44	46	5	22	6	106	42	62	22	45	24	31	7	6	0	0	0	70	95	529	0	553	34	20	5	9	0	6	0	0	0	0	3	0	0	
k__Bacteria;p__Firmicutes;c__Clostridia;o__Lachnospirales;f__Lachnospiraceae;g__Anaerostipes	28	10	11	17	61	81	10	31	13	16	22	13	32	91	584	17	0	17	0	7	22	86	33	27	22	15	25	29	17	13	0	0	11	7	12	12	0	11	0	12	15	0	12	20	0	0	498	0	0	9	0	13	66	6	46	29	13	0	117	0	157	23	39	22	78	9	57	23	25	9	92	0	41	29	30	0	44	15	40	8	19	36	45	33	0	22	109	1379	52	67	
k__Bacteria;p__Firmicutes;c__Bacilli;o__Erysipelotrichales;f__Erysipelatoclostridiaceae;g__Erysipelatoclostridium	7	0	10	10	262	175	8	287	50	18	21	28	108	139	1041	24	10	31	10	13	7	17	19	27	0	13	0	20	6	6	3	4	0	9	0	0	13	16	18	17	98	33	0	17	4	9	81	16	7	4	0	6	0	3	34	25	66	7	13	10	314	44	19	3	40	29	21	6	14	36	25	7	54	20	112	17	144	16	14	0	7	35	22	19	6	0	70	188	16	26	
k__Bacteria;p__Firmicutes;c__Clostridia;o__Oscillospirales;f__Oscillospiraceae;g__	16	0	0	72	710	312	17	494	68	30	23	65	75	117	605	165	31	58	19	13	26	555	83	105	49	45	89	10	297	0	0	20	15	0	13	19	5	5	0	18	102	35	69	32	10	87	58	92	0	13	7	337	21	0	50	0	112	89	26	0	103	0	0	14	42	34	265	5	8	141	23	9	55	10	46	0	170	13	278	14	169	72	0	0	21	16	0	1766	9	33	
k__Bacteria;p__Actinobacteriota;c__Coriobacteriia;o__Coriobacteriales;f__Eggerthellaceae;g__Enterorhabdus	17	52	77	179	250	146	14	184	141	94	91	158	35	127	300	129	89	163	147	70	112	119	134	314	64	31	84	184	159	180	29	55	19	50	78	79	40	23	38	38	80	26	275	155	89	342	70	112	42	27	95	298	208	182	51	52	61	98	205	106	154	34	75	135	143	58	71	61	73	37	15	10	43	40	29	95	313	216	93	71	85	82	71	45	117	40	140	126	279	377	
k__Bacteria;p__Firmicutes;c__Clostridia;o__Oscillospirales;f__Ruminococcaceae;g__	40	8	0	59	770	391	16	619	100	33	35	81	83	98	522	223	4	125	12	10	3	507	46	163	46	38	77	32	88	0	15	16	4	10	0	10	6	4	0	0	84	33	29	47	8	472	376	67	0	3	0	447	27	22	52	10	76	40	63	0	130	17	0	16	67	28	120	9	9	99	54	0	65	44	117	8	141	9	284	0	204	23	0	0	0	11	2	399	0	7	
k__Bacteria;p__Firmicutes;c__Clostridia;o__Lachnospirales;f__Lachnospiraceae;g__Acetatifactor	8	0	0	11	197	64	9	125	0	0	0	16	10	41	24	0	0	0	0	0	10	251	12	0	10	7	15	16	95	5	0	0	0	0	0	0	0	0	0	0	0	0	44	7	4	24	10	24	0	13	0	113	0	0	0	0	0	9	0	0	35	0	0	31	16	10	102	0	0	57	22	12	0	9	49	0	16	0	78	0	48	38	0	10	0	0	0	112	0	0	
k__Bacteria;p__Firmicutes;c__Clostridia;o__Oscillospirales;f__Butyricicoccaceae;g__Butyricicoccus	37	0	19	51	668	513	23	423	75	61	37	119	61	339	611	209	14	135	48	49	86	655	48	172	27	17	39	64	48	67	0	0	10	0	8	0	0	9	8	30	104	49	59	44	24	183	69	17	5	0	14	295	0	12	65	20	98	57	52	15	88	19	41	28	40	32	203	25	35	84	40	29	62	54	175	3	176	0	55	0	37	60	0	7	47	78	98	336	22	138	
k__Bacteria;p__Proteobacteria;c__Alphaproteobacteria;o__Rickettsiales;f__Mitochondria;g__	0	0	81	0	57	39	0	100	6	0	9	17	39	46	31	0	0	27	6	0	19	24	15	49	35	21	50	51	0	19	0	128	46	0	0	60	0	18	0	29	205	57	17	21	44	5	60	317	0	24	11	19	18	6	0	17	37	5	21	34	18	11	28	0	6	0	7	0	10	0	36	40	0	55	200	0	838	23	0	19	0	0	0	0	0	80	12	0	29	113	
k__Bacteria;p__Cyanobacteria;c__Vampirivibrionia;o__Gastranaerophilales;f__;g__	12	3	3	12	319	235	12	286	51	10	0	0	59	74	436	69	8	46	5	0	26	48	0	50	22	13	18	28	18	10	4	0	3	0	2	5	4	18	21	5	41	7	7	17	20	106	0	36	8	8	15	114	7	7	19	5	30	41	35	6	152	32	5	22	36	37	44	12	19	100	17	12	45	49	9	4	44	10	189	15	190	33	21	23	5	6	91	2670	30	103	
k__Bacteria;p__Firmicutes;c__Clostridia;o__Lachnospirales;f__Lachnospiraceae;g__A2	0	0	0	4	81	39	0	33	0	0	0	0	9	25	12	0	0	0	0	15	0	235	0	4	0	0	0	11	464	18	0	0	20	0	0	6	9	0	0	0	0	0	61	12	0	43	8	13	0	7	9	41	0	0	7	7	26	8	0	0	4	0	0	0	0	5	0	0	0	0	0	0	6	7	8	0	88	4	0	0	0	9	0	0	0	8	0	0	6	7	
k__Bacteria;p__Firmicutes;c__Clostridia;o__Oscillospirales;f__Oscillospiraceae;g__Intestinimonas	0	0	6	43	804	451	29	459	75	14	29	55	77	103	394	190	0	143	47	8	50	707	76	226	66	63	82	60	107	34	0	12	8	19	0	0	22	26	25	0	63	28	38	65	0	381	31	83	8	22	24	375	10	18	49	0	70	67	50	6	176	25	0	30	69	45	184	16	25	74	28	0	27	12	89	0	130	0	204	42	200	30	2	8	0	13	28	813	10	15	
k__Bacteria;p__Firmicutes;c__Clostridia;o__Oscillospirales;f__Ruminococcaceae;g__[Eubacterium] siraeum group	9	0	8	18	156	208	15	125	24	11	16	28	13	21	0	25	0	29	10	0	15	0	8	0	6	15	0	6	27	0	0	23	16	0	8	11	0	12	8	0	24	9	0	0	0	16	126	12	0	0	13	13	24	0	13	0	13	23	12	0	43	14	6	6	62	14	76	0	4	38	39	0	9	0	16	0	10	0	36	6	44	19	10	0	11	33	18	0	7	0	
k__Bacteria;p__Firmicutes;c__Clostridia;o__Peptostreptococcales-Tissierellales;f__Anaerovoracaceae;g__Family XIII UCG-001	10	0	0	14	141	95	0	88	18	0	5	22	13	25	116	27	7	23	17	24	38	152	13	39	0	0	11	16	26	8	0	0	4	0	0	7	0	0	0	0	22	0	7	14	44	46	10	16	0	4	21	57	0	26	12	3	35	18	15	9	57	7	11	5	18	10	19	11	5	18	0	0	11	7	29	0	21	0	29	14	31	16	0	0	15	15	16	41	10	25	
k__Bacteria;p__Firmicutes;c__Clostridia;o__Lachnospirales;f__Lachnospiraceae;g__Lachnospiraceae UCG-004	0	0	7	0	124	89	0	119	18	0	0	26	27	25	432	0	0	21	0	0	0	474	133	261	0	0	0	32	129	0	0	0	0	0	0	0	0	0	0	0	10	0	0	0	0	62	184	15	0	0	0	54	39	0	37	0	99	0	0	0	42	0	0	0	25	0	28	0	0	35	29	21	0	14	14	0	61	0	80	0	33	15	0	0	0	0	0	21	0	0	
k__Bacteria;p__Firmicutes;c__Clostridia;o__Lachnospirales;f__Lachnospiraceae;g__GCA-900066575	0	0	0	5	144	55	0	60	7	0	0	21	8	56	82	8	0	4	26	15	0	98	16	0	0	0	0	13	101	14	18	30	0	9	0	20	0	0	11	0	30	0	6	0	5	17	28	11	0	0	7	25	0	0	12	0	0	10	24	0	49	0	0	0	0	0	13	0	12	11	0	0	35	10	24	0	62	0	0	8	8	43	0	0	12	0	21	1025	0	11	
k__Bacteria;p__Firmicutes;c__Clostridia;o__Oscillospirales;f__Ruminococcaceae;g__Incertae Sedis	26	16	0	66	841	647	29	463	50	20	68	121	86	251	749	170	52	98	49	77	86	686	120	292	45	64	91	109	156	96	0	25	22	0	0	14	11	39	24	10	82	22	112	35	82	200	206	18	0	19	51	525	28	102	109	27	204	38	102	43	398	64	23	17	74	51	113	18	47	148	45	14	58	26	126	15	135	25	213	36	202	76	45	23	30	43	193	232	38	125	
k__Bacteria;p__Actinobacteriota;c__Coriobacteriia;o__Coriobacteriales;f__Eggerthellaceae;g__	7	18	68	39	92	81	8	102	118	28	47	86	8	187	175	149	192	250	19	28	38	49	42	113	21	21	54	46	17	32	13	11	6	26	63	52	14	17	31	6	47	4	29	29	54	16	23	24	7	8	16	43	18	56	33	78	84	22	52	58	184	31	75	23	21	16	19	6	15	0	4	0	38	26	73	71	240	147	8	24	25	84	54	98	0	24	172	15	64	102	
k__Bacteria;p__Firmicutes;c__Clostridia;o__Lachnospirales;f__Lachnospiraceae;g__Lachnospiraceae UCG-002	0	0	0	0	46	49	0	16	0	0	0	0	0	17	225	0	0	0	0	0	0	100	34	71	0	0	0	0	0	0	0	0	0	0	0	0	12	11	0	0	27	17	0	0	0	46	0	0	0	0	0	61	0	0	27	0	99	0	0	0	47	16	0	0	0	0	42	9	0	0	0	0	17	0	0	0	37	0	34	0	22	0	0	0	0	0	0	39	0	0	
k__Bacteria;p__Firmicutes;c__Clostridia;o__Lachnospirales;f__Lachnospiraceae;g__Blautia	66	51	43	35	134	105	71	101	43	53	49	34	64	131	203	59	45	46	75	46	48	33	68	45	65	72	25	33	258	42	55	117	106	45	73	23	68	69	84	90	127	0	55	62	13	30	9579	79	76	52	43	40	1623	0	87	52	31	60	1711	0	110	104	44	49	1887	7	53	53	17	41	2475	60	75	123	114	25	191	44	71	50	17	42	58	69	33	30	120	48	37	37	
k__Bacteria;p__Firmicutes;c__Bacilli;o__Erysipelotrichales;f__Erysipelotrichaceae;g__	0	0	0	4	141	104	6	67	13	0	9	24	7	17	51	16	0	20	11	2	6	38	24	71	6	0	0	0	0	0	0	0	0	4	5	3	0	8	0	6	19	2	5	7	7	10	0	20	0	4	2	50	3	10	12	0	10	0	7	3	71	7	3	10	21	20	14	0	7	22	0	9	19	4	44	0	15	0	14	7	6	8	0	7	0	0	3	159	0	21	
k__Bacteria;p__Firmicutes;c__Clostridia;o__Oscillospirales;f__Butyricicoccaceae;g__UCG-009	0	0	0	0	62	13	0	16	5	5	0	19	8	13	79	11	0	11	9	0	0	65	4	0	0	0	7	10	18	0	0	0	0	0	0	0	2	5	0	0	0	0	0	8	8	0	0	7	0	0	0	27	0	0	7	0	7	7	0	0	0	0	0	0	0	0	9	0	0	16	0	0	4	0	18	0	0	0	40	0	35	9	0	0	0	0	0	72	0	0	
k__Bacteria;p__Firmicutes;c__Clostridia;o__Peptococcales;f__Peptococcaceae;g__Peptococcus	0	0	0	0	71	26	0	36	0	5	0	11	17	8	27	24	0	8	0	0	4	58	0	0	3	0	4	0	0	0	0	0	0	0	0	5	0	0	2	0	0	0	10	0	0	39	0	3	0	0	0	45	0	2	0	0	4	9	0	0	8	0	0	2	0	0	16	0	0	12	4	2	8	7	0	0	17	0	25	0	23	10	5	3	0	0	0	125	0	0	
k__Bacteria;p__Firmicutes;c__Clostridia;o__Lachnospirales;f__Lachnospiraceae;g__Dorea	0	0	0	0	0	0	0	0	0	0	0	0	47	68	51	0	0	0	0	0	13	0	0	0	41	52	116	67	171	118	0	0	0	0	0	0	0	0	0	0	0	0	0	0	0	0	1232	0	0	0	5	0	186	0	0	16	0	0	251	0	0	0	0	0	216	0	0	0	0	0	298	0	0	0	0	0	15	0	0	0	0	0	0	0	0	0	0	0	0	0	
k__Bacteria;p__Firmicutes;c__Bacilli;o__Lactobacillales;f__Enterococcaceae;g__Enterococcus	25	28	35	80	261	70	0	0	0	10	0	0	147	647	595	66	0	35	49	20	22	34	40	49	217	146	147	108	42	0	6	226	177	315	222	356	465	1295	87	200	334	70	0	11	0	107	38	19	22	50	8	156	99	65	0	0	24	0	0	0	228	30	931	8	0	7	66	0	7	17	35	0	0	12	23	8	283	47	136	53	9	0	10	0	42	17	13	0	0	0	
k__Bacteria;p__Firmicutes;c__Clostridia;o__Oscillospirales;f__Ruminococcaceae;g__Anaerotruncus	0	0	0	0	73	54	8	77	20	7	0	0	30	0	260	21	0	13	0	0	8	28	6	0	0	5	0	8	0	0	0	0	4	0	0	0	0	0	0	0	9	0	0	12	0	189	0	22	0	0	3	153	0	0	0	0	0	8	14	0	222	27	0	13	6	7	44	6	21	137	0	16	0	0	0	0	21	0	13	0	0	55	28	23	3	11	0	38	3	0	
k__Bacteria;p__Firmicutes;c__Bacilli;o__RF39;f__;g__	2	0	3	8	71	106	0	30	11	0	0	6	0	0	45	15	0	16	4	0	8	39	13	68	0	0	0	0	17	0	0	0	0	0	3	6	0	0	2	0	0	0	0	0	0	4	0	0	0	0	0	4	2	0	7	0	10	5	0	2	15	3	2	0	5	10	15	0	0	20	0	0	5	3	21	3	0	0	34	0	36	14	2	0	0	0	0	156	5	11	
k__Bacteria;p__Actinobacteriota;c__Coriobacteriia;o__Coriobacteriales;f__Coriobacteriales Incertae Sedis;g__	0	4	24	32	103	73	3	17	22	12	31	32	9	49	77	44	56	107	19	32	53	44	35	125	31	23	35	45	27	64	3	15	0	11	12	19	8	12	14	11	16	7	53	46	72	49	12	32	15	16	39	38	37	68	0	24	26	31	69	62	25	5	12	42	52	36	19	27	25	0	0	2	7	10	6	10	38	18	5	11	0	9	9	20	13	22	36	12	36	57	
k__Bacteria;p__Firmicutes;c__Clostridia;o__Lachnospirales;f__Lachnospiraceae;g__Agathobacter	34	23	26	20	35	35	34	30	0	33	23	29	35	42	0	37	18	19	25	0	0	26	0	24	0	24	0	26	30	24	18	34	46	0	31	33	37	25	32	34	0	0	25	0	21	26	2874	29	36	0	32	28	434	18	40	26	32	35	520	17	42	38	26	17	539	0	30	20	0	22	636	16	35	0	0	26	39	23	31	23	19	28	34	0	0	12	59	15	34	23	
k__Bacteria;p__Firmicutes;c__Clostridia;o__Christensenellales;f__Christensenellaceae;g__Christensenellaceae R-7 group	0	0	0	7	134	56	5	56	19	0	7	0	0	6	69	0	0	0	4	0	0	39	19	31	4	2	9	9	3	0	0	0	0	0	0	4	10	8	10	0	10	0	0	0	0	0	0	0	0	0	0	5	0	0	12	0	13	0	11	0	161	10	0	3	8	0	4	0	0	0	10	4	23	32	41	0	47	0	7	5	0	11	0	0	0	0	3	48	4	4	
k__Bacteria;p__Firmicutes;c__Clostridia;o__Oscillospirales;f__Ruminococcaceae;g__Ruminococcus	12	16	13	0	39	25	20	34	6	0	0	0	0	29	15	17	0	0	0	13	11	28	15	0	26	21	0	9	8	0	0	20	22	17	0	22	15	15	11	13	0	0	0	19	0	0	5907	10	6	0	0	0	875	0	18	12	16	14	952	9	45	18	0	10	914	0	28	14	0	7	1204	30	0	38	12	13	76	0	0	16	10	9	0	5	0	4	31	173	27	16	
k__Bacteria;p__Firmicutes;c__Clostridia;o__Lachnospirales;f__Lachnospiraceae;g__[Eubacterium] xylanophilum group	0	0	0	0	60	75	0	10	0	0	0	0	10	14	31	15	0	0	0	0	0	0	0	0	0	0	0	0	78	0	0	10	10	0	0	0	5	7	0	0	0	0	9	0	7	15	9	0	0	0	7	9	0	0	0	0	0	0	0	0	0	0	0	0	7	0	48	0	0	15	0	0	7	0	13	0	59	0	45	12	47	14	13	14	0	9	46	0	10	14	
k__Bacteria;p__Proteobacteria;c__Gammaproteobacteria;o__Burkholderiales;f__Neisseriaceae;g__Neisseria	0	0	5	0	13	36	0	14	0	0	0	0	0	0	0	0	0	0	0	0	0	0	27	7	10	0	0	0	0	0	0	0	5	0	0	0	0	4	0	0	48	0	0	0	0	0	0	12	0	0	0	0	0	0	0	0	0	0	0	0	0	11	0	0	0	0	0	0	0	0	0	17	0	19	27	0	63	10	0	0	0	0	0	0	0	7	0	0	0	0	
k__Bacteria;p__Firmicutes;c__Clostridia;o__Oscillospirales;f__Oscillospiraceae;g__Oscillospira	0	0	0	0	30	0	0	18	0	0	0	0	0	0	0	0	0	0	0	0	0	0	0	0	0	0	0	0	0	0	0	0	0	0	0	0	0	0	0	0	0	0	0	0	0	0	0	0	0	0	0	17	0	0	0	0	0	0	0	0	0	0	0	0	0	0	0	0	0	0	0	0	0	0	0	0	0	0	0	0	0	0	0	0	0	0	0	0	0	0	
k__Bacteria;p__Firmicutes;c__Clostridia;o__Monoglobales;f__Monoglobaceae;g__Monoglobus	0	0	0	3	103	33	0	55	12	0	10	12	13	56	194	10	4	37	0	4	0	44	21	28	0	8	18	29	33	32	0	0	6	4	0	0	5	13	12	6	21	11	12	12	42	65	78	14	0	0	11	27	17	9	7	22	16	32	71	36	31	14	4	10	39	16	9	0	7	18	23	0	13	25	12	0	21	11	61	106	129	0	0	11	3	0	42	0	21	50	
k__Bacteria;p__Proteobacteria;c__Alphaproteobacteria;o__Rhodospirillales;f__;g__	5	0	0	14	187	213	6	216	41	15	34	73	29	25	314	13	0	9	0	0	6	0	8	9	10	8	7	8	41	19	0	0	0	0	5	0	0	0	0	0	4	0	7	12	11	14	5	8	0	7	8	0	0	0	19	3	12	19	10	3	36	4	0	13	9	9	10	0	8	11	0	0	49	45	100	5	70	0	16	6	30	5	0	7	0	13	15	159	27	141	
k__Bacteria;p__Firmicutes;c__Clostridia;o__Oscillospirales;f__Oscillospiraceae;g__UCG-003	0	0	0	0	12	0	0	0	0	0	0	17	0	0	0	0	0	0	0	0	0	0	0	0	0	0	0	0	0	0	0	0	0	0	0	0	0	0	0	0	0	0	0	0	0	0	39	0	0	0	0	0	0	0	0	0	0	0	0	0	0	0	0	0	0	0	20	0	0	0	10	5	0	5	11	0	0	0	0	0	0	0	0	0	0	0	0	131	0	0	
k__Bacteria;p__Firmicutes;c__Clostridia;o__Lachnospirales;f__Lachnospiraceae;g__Lachnospiraceae AC2044 group	0	0	0	13	154	26	0	73	21	0	0	0	0	0	0	0	0	0	0	0	0	0	0	0	0	0	0	0	0	0	0	0	0	0	0	0	10	0	0	10	0	0	0	0	0	0	0	0	0	0	0	0	0	0	0	0	0	6	0	0	0	0	0	0	0	0	0	0	0	0	0	0	0	0	0	0	20	0	0	0	0	0	0	0	0	0	0	275	0	0	
k__Bacteria;p__Proteobacteria;c__Gammaproteobacteria;o__Burkholderiales;f__Burkholderiaceae;g__Ralstonia	0	16	25	0	0	0	0	11	0	0	0	0	8	8	0	0	0	0	0	3	0	0	6	6	0	0	0	0	0	0	0	0	11	0	18	8	0	10	0	4	21	0	3	0	0	12	0	23	0	0	0	18	11	4	0	0	0	0	0	0	0	0	0	0	0	0	3	6	8	14	16	18	12	21	44	0	10	0	0	0	0	0	0	0	6	0	0	0	0	0	
k__Bacteria;p__Firmicutes;c__Clostridia;o__Peptostreptococcales-Tissierellales;f__Anaerovoracaceae;g__[Eubacterium] nodatum group	0	0	0	0	22	22	0	21	0	0	0	0	12	0	19	0	0	0	0	0	0	35	4	0	3	0	0	0	19	0	0	0	0	0	0	0	0	0	0	0	0	0	0	0	0	0	0	0	0	0	0	0	0	0	0	0	0	0	0	0	23	0	0	0	5	0	0	0	0	0	0	0	0	0	7	0	0	0	5	0	0	0	0	0	0	0	0	37	0	0	
k__Bacteria;p__Firmicutes;c__Clostridia;o__Oscillospirales;f__Oscillospiraceae;g__NK4A214 group	0	0	0	0	65	72	0	48	4	0	0	6	8	0	31	11	0	6	0	0	0	67	31	65	4	0	0	5	0	0	0	0	0	0	0	0	0	0	0	0	7	0	0	15	0	34	8	0	0	0	0	14	0	0	0	4	0	0	0	0	4	0	0	0	0	0	9	0	0	31	0	0	0	13	0	0	33	0	15	0	9	0	0	0	0	0	0	102	0	0	
k__Bacteria;p__Firmicutes;c__Clostridia;o__Lachnospirales;f__Lachnospiraceae;g__Fusicatenibacter	18	16	0	14	20	9	23	0	0	23	0	12	22	9	22	11	0	0	18	0	0	9	20	23	14	19	0	17	0	0	0	17	0	10	17	15	0	24	16	28	15	0	0	19	0	14	1557	17	23	22	12	17	235	14	15	0	12	17	252	0	23	18	16	0	270	9	17	10	0	0	331	0	25	0	19	14	34	14	17	16	0	0	0	16	13	22	28	0	14	11	
k__Bacteria;p__Firmicutes;c__Bacilli;o__Erysipelotrichales;f__Erysipelatoclostridiaceae;g__	0	0	0	8	54	23	5	57	11	0	0	9	0	0	28	4	0	0	8	0	0	18	6	22	0	0	8	0	0	0	0	0	0	0	0	0	0	0	0	0	0	0	0	0	0	17	0	0	0	0	0	8	0	0	0	0	5	0	0	0	13	0	0	0	0	0	0	0	0	10	0	0	19	15	25	0	40	0	0	0	9	14	0	0	0	0	6	0	0	0	
k__Bacteria;p__Firmicutes;c__Clostridia;o__Peptostreptococcales-Tissierellales;f__Anaerovoracaceae;g__[Eubacterium] brachy group	0	0	0	8	14	26	2	5	4	0	0	5	0	8	0	7	9	10	0	7	0	27	0	20	0	7	15	18	54	21	0	0	0	0	0	0	5	0	0	0	0	0	0	0	0	2	9	0	0	0	0	0	0	0	0	15	0	5	13	7	0	0	0	0	12	0	0	6	0	0	0	0	0	0	0	0	9	0	0	0	14	0	7	6	3	0	5	0	0	13	
k__Bacteria;p__Bacteroidota;c__Bacteroidia;o__Bacteroidales;f__Prevotellaceae;g__Prevotella_9	11	18	9	12	46	52	0	34	15	16	0	14	15	35	17	0	0	14	14	10	11	6	13	28	0	0	22	18	18	19	13	0	26	0	18	19	0	26	17	0	0	0	13	0	14	23	5063	40	13	0	15	19	506	12	15	18	14	14	633	0	0	12	11	21	706	11	5	10	6	5	1531	20	14	21	17	19	41	0	19	0	0	0	0	15	6	16	26	0	0	26	
k__Bacteria;p__Firmicutes;c__Clostridia;o__Lachnospirales;f__Lachnospiraceae;g__Tuzzerella	0	0	0	0	29	26	0	19	0	0	0	0	0	10	21	0	0	0	0	0	0	0	0	0	0	0	0	0	32	0	0	0	0	0	0	0	0	0	0	0	0	0	0	0	0	6	0	0	0	0	0	0	0	0	0	0	0	0	0	0	0	0	0	0	0	0	0	0	0	0	0	0	0	8	20	0	0	0	0	0	0	0	0	0	0	0	0	121	0	0	
k__Bacteria;p__Firmicutes;c__Clostridia;o__Christensenellales;f__Christensenellaceae;g__	0	0	0	0	25	20	0	19	8	0	4	0	0	7	37	0	0	0	0	0	0	25	0	12	0	0	0	0	0	0	0	0	0	0	0	0	0	0	0	0	0	0	0	0	0	0	10	0	0	0	0	6	0	0	0	0	0	0	3	0	15	0	0	0	3	0	9	0	4	7	0	0	0	0	0	0	12	0	12	0	10	5	0	0	0	0	0	34	0	6	
k__Bacteria;p__Proteobacteria;c__Alphaproteobacteria;o__Sphingomonadales;f__Sphingomonadaceae;g__Novosphingobium	0	9	10	0	12	0	0	0	3	0	0	0	24	17	16	4	0	4	0	32	155	16	118	16	18	22	15	7	0	0	7	103	131	12	73	175	0	30	0	14	127	10	0	0	0	0	0	0	0	0	0	0	0	0	0	2	0	0	0	0	7	0	0	0	0	0	0	0	0	0	0	0	9	16	57	0	105	0	0	0	0	0	0	0	0	0	0	0	0	0	
k__Bacteria;p__Firmicutes;c__Clostridia;o__Oscillospirales;f__Ruminococcaceae;g__Subdoligranulum	0	0	0	9	0	19	13	10	7	15	0	11	12	0	13	15	0	6	0	0	0	0	0	9	0	0	0	0	13	0	0	13	19	0	0	0	0	9	15	16	0	0	0	7	0	0	2387	36	0	0	0	15	335	0	15	7	0	0	405	0	20	12	0	0	373	0	0	0	0	0	531	0	15	31	0	0	31	16	0	10	0	10	14	10	0	5	25	0	0	11	
k__Bacteria;p__Firmicutes;c__Clostridia;o__Lachnospirales;f__Lachnospiraceae;g__Eisenbergiella	0	0	0	0	0	0	0	0	0	0	0	0	0	0	0	0	0	0	0	0	0	0	0	0	0	0	0	0	0	0	0	0	0	0	0	0	0	0	0	0	0	0	0	0	0	0	55	0	0	0	0	3	18	0	0	0	0	0	9	0	0	0	0	0	23	0	0	0	0	13	11	0	0	0	0	0	0	0	0	0	0	12	0	0	0	0	0	0	0	0	
k__Bacteria;p__Firmicutes;c__Clostridia;o__Oscillospirales;f__Ruminococcaceae;g__UBA1819	0	0	4	0	11	7	0	21	0	0	0	0	7	0	0	0	0	0	0	0	0	56	10	36	0	0	0	4	0	0	0	0	0	0	0	0	0	0	0	0	17	0	0	0	0	0	41	0	0	0	0	0	0	0	0	0	0	0	7	0	4	0	0	0	0	5	0	0	0	4	22	0	0	5	11	0	0	0	0	0	0	0	0	0	0	4	0	0	0	9	
k__Bacteria;p__Bacteroidota;c__Bacteroidia;o__Bacteroidales;f__Prevotellaceae;g__Prevotellaceae UCG-001	0	0	0	0	0	0	0	0	0	0	0	0	0	9	0	0	0	0	0	0	0	0	0	0	0	0	0	0	0	0	0	0	0	0	3	0	0	0	0	0	7	0	0	0	0	0	0	0	0	0	0	0	0	0	0	0	0	0	0	0	0	0	0	0	0	0	0	0	0	2	0	0	0	15	6	0	0	0	0	0	0	0	0	0	0	0	0	0	0	0	
k__Bacteria;p__Firmicutes;c__Clostridia;o__Lachnospirales;f__Defluviitaleaceae;g__Defluviitaleaceae UCG-011	0	0	0	0	0	7	0	0	7	2	0	0	0	0	13	0	0	0	0	0	5	26	28	14	0	0	0	0	0	0	0	0	0	0	0	0	3	17	0	0	0	0	0	0	0	0	0	0	0	0	0	0	0	0	4	0	6	5	0	0	40	0	0	5	6	4	0	0	0	0	0	0	0	0	0	0	45	0	0	2	0	0	0	0	0	0	0	10	0	0	
k__Bacteria;p__Firmicutes;c__Clostridia;o__Lachnospirales;f__Lachnospiraceae;g__Lachnospiraceae UCG-010	0	0	0	0	0	0	0	4	0	0	0	0	0	0	0	0	0	0	0	0	3	7	0	0	0	0	0	0	0	0	0	0	0	0	0	0	0	0	0	0	0	0	0	0	0	0	63	0	0	0	0	0	0	0	0	0	0	0	0	0	0	0	0	0	29	0	0	0	0	0	40	0	0	0	0	0	0	0	0	0	0	0	0	0	0	0	0	10	0	0	
k__Bacteria;p__Bacteroidota;c__Bacteroidia;o__Chitinophagales;f__Chitinophagaceae;g__Sediminibacterium	9	28	41	0	6	0	0	6	0	0	4	2	0	26	13	0	0	13	6	9	43	10	121	21	17	24	20	0	0	0	0	380	265	0	18	33	10	32	0	11	201	15	0	0	0	0	0	0	0	0	0	0	2	0	0	0	8	0	0	0	0	0	0	0	0	0	0	2	0	0	0	0	0	10	59	0	38	0	0	0	0	0	0	0	0	0	0	0	0	0	
k__Bacteria;p__Firmicutes;c__Clostridia;o__Oscillospirales;f__Ruminococcaceae;g__Faecalibacterium	0	0	0	22	27	19	17	0	24	24	0	27	19	22	0	0	26	0	19	0	0	24	31	23	0	29	0	0	0	17	32	22	36	0	28	6	0	0	28	0	21	9	27	24	12	21	769	84	17	0	25	0	146	0	25	24	19	30	122	0	39	15	33	25	171	19	17	28	0	0	244	16	29	54	21	31	37	14	28	15	0	25	35	31	0	20	45	0	17	0	
k__Bacteria;p__Firmicutes;c__Clostridia;o__Eubacteriales;f__Anaerofustaceae;g__Anaerofustis	0	0	2	0	18	16	0	26	3	0	0	0	0	13	24	6	2	0	4	0	0	0	0	3	0	0	0	5	0	4	0	0	0	0	0	0	0	0	0	0	0	0	2	0	0	5	14	0	0	0	0	0	0	0	4	0	6	8	7	5	7	4	0	0	0	0	0	0	0	0	0	0	0	0	0	0	0	0	0	0	7	0	4	0	0	0	0	5	3	7	
k__Bacteria;p__Proteobacteria;c__Gammaproteobacteria;o__Enterobacterales;f__Pasteurellaceae;g__Haemophilus	0	0	0	0	10	0	0	0	0	0	0	0	0	0	6	0	6	0	0	0	0	0	0	6	0	0	0	0	0	0	0	0	0	0	9	0	0	0	0	5	0	0	0	0	0	0	7	22	0	5	0	0	0	0	0	0	0	6	0	0	0	11	0	0	0	0	0	0	0	0	0	0	0	18	19	0	58	0	0	2	0	0	0	0	0	0	0	0	5	11	
k__Bacteria;p__Firmicutes;c__Bacilli;o__Bacillales;f__Bacillaceae;g__Anoxybacillus	0	12	39	0	51	49	0	74	0	0	0	0	40	34	49	0	0	16	0	0	0	12	33	23	18	0	16	0	0	0	0	23	43	0	25	27	0	47	0	8	94	10	0	0	20	0	26	25	0	4	0	0	0	0	0	0	0	0	0	0	18	0	0	0	0	0	0	0	18	0	0	0	16	18	62	0	121	0	0	0	0	0	0	0	0	9	10	0	10	11	
k__Bacteria;p__Firmicutes;c__Clostridia;o__Oscillospirales;f__UCG-010;g__	0	0	0	3	44	10	0	11	5	0	0	0	0	0	13	0	0	0	0	0	0	3	0	0	0	0	0	0	17	0	0	0	0	0	0	0	0	0	0	0	0	0	0	0	0	0	0	15	0	0	0	0	0	0	0	0	0	0	0	0	13	0	0	4	3	4	0	0	0	0	0	7	5	5	0	0	7	0	0	0	0	0	0	0	0	0	0	7	0	2	
k__Bacteria;p__Proteobacteria;c__Gammaproteobacteria;o__Burkholderiales;f__Burkholderiaceae;g__Lautropia	0	0	0	0	65	38	0	0	0	0	0	0	0	0	0	0	0	0	0	0	0	0	7	6	0	0	0	0	0	0	0	0	0	0	0	6	0	0	0	0	8	0	0	0	0	0	0	36	0	10	0	0	0	0	0	3	0	10	0	0	0	0	0	0	0	0	0	4	0	0	0	6	0	19	50	0	8	0	0	0	0	0	0	0	0	0	0	0	0	8	
k__Bacteria;p__Firmicutes;c__Clostridia;o__Oscillospirales;f__Oscillospiraceae;g__Papillibacter	0	0	0	0	8	10	0	11	0	0	0	0	0	11	6	0	0	0	0	0	0	16	4	11	0	0	0	0	0	0	0	0	0	0	0	0	0	0	0	0	0	0	0	0	0	5	0	0	0	0	0	10	0	0	0	0	0	0	0	0	0	0	0	0	0	0	0	0	0	0	0	0	0	0	0	0	0	0	7	0	0	0	0	0	0	0	0	0	0	0	
k__Bacteria;p__Deinococcota;c__Deinococci;o__Thermales;f__Thermaceae;g__Meiothermus	0	13	28	4	110	47	2	33	12	0	0	4	0	45	30	8	5	0	0	0	0	0	70	11	5	11	25	12	0	0	0	12	34	0	21	18	0	68	0	11	73	19	14	6	17	5	34	17	0	0	0	0	0	0	0	13	0	0	0	4	11	5	2	3	0	0	0	0	0	0	0	9	10	0	62	0	115	0	0	0	0	0	0	0	0	6	0	0	5	0	
k__Bacteria;p__Firmicutes;c__Clostridia;o__Peptostreptococcales-Tissierellales;f__Anaerovoracaceae;g__Family XIII AD3011 group	0	0	0	0	10	5	0	11	0	0	0	0	0	0	37	0	0	7	0	0	0	0	0	5	0	0	0	0	0	0	0	0	0	0	0	0	0	0	0	0	0	0	0	0	0	0	7	0	0	0	0	0	3	0	3	0	6	0	0	0	0	0	0	0	5	0	7	0	5	0	0	0	7	0	0	0	7	0	0	0	8	0	0	0	0	0	0	30	0	0	
k__Bacteria;p__Firmicutes;c__Clostridia;o__Oscillospirales;f__Ruminococcaceae;g__Harryflintia	0	0	0	0	21	0	0	36	0	0	0	0	0	10	30	0	0	0	0	0	0	17	0	6	0	0	0	0	0	0	0	0	0	0	0	0	0	0	0	0	0	0	0	0	0	0	0	0	0	0	0	0	0	0	0	0	0	0	0	0	17	0	0	0	0	0	0	0	0	0	0	0	0	0	0	0	0	0	0	0	0	0	0	0	0	0	0	93	0	0	
k__Bacteria;p__Proteobacteria;c__Alphaproteobacteria;o__Rhizobiales;f__Xanthobacteraceae;g__Bradyrhizobium	0	0	0	0	18	0	0	10	3	0	0	0	8	8	10	0	3	0	0	0	0	0	29	9	0	4	0	4	0	0	0	25	0	0	9	10	0	11	0	3	36	5	0	0	0	2	0	4	0	0	0	0	0	0	0	0	0	0	0	0	0	0	0	0	0	0	2	0	0	0	0	0	0	2	23	0	11	0	0	0	0	0	0	0	0	0	0	0	0	0	
k__Bacteria;p__Firmicutes;c__Clostridia;o__Lachnospirales;f__Lachnospiraceae;g__[Ruminococcus] torques group	0	0	0	9	0	0	14	0	0	0	0	0	0	0	0	0	0	0	0	0	0	0	13	0	0	0	0	0	0	0	0	0	12	0	0	0	0	14	0	14	0	0	0	0	0	0	1769	0	0	7	0	0	275	0	0	0	0	0	340	0	0	0	0	0	389	0	0	0	0	0	466	0	9	0	0	0	0	0	0	0	0	0	0	0	0	0	0	0	0	0	
k__Bacteria;p__Proteobacteria;c__Gammaproteobacteria;o__Burkholderiales;f__Hydrogenophilaceae;g__Hydrogenophilus	2	9	18	2	46	30	0	21	0	0	0	8	12	26	11	0	0	7	0	0	0	3	58	8	9	0	7	0	0	2	0	14	26	0	10	13	0	29	0	15	48	0	4	0	13	0	11	26	0	3	0	3	5	0	0	0	7	0	0	0	0	0	4	0	0	0	4	0	0	0	0	0	0	14	44	0	67	0	0	0	0	0	0	0	0	0	4	0	0	0	
k__Bacteria;p__Proteobacteria;c__Alphaproteobacteria;o__Rhodobacterales;f__Rhodobacteraceae;g__Rhodobacter	0	5	9	0	0	0	0	6	0	0	0	3	12	9	14	0	0	5	0	30	151	9	172	16	44	49	41	8	0	0	0	84	27	0	15	29	0	17	0	0	15	0	0	0	0	0	0	0	0	0	0	0	0	0	0	0	2	0	2	0	4	7	0	0	0	0	0	0	0	0	0	0	0	0	10	0	43	0	0	0	0	0	0	0	0	0	0	0	0	0	
k__Bacteria;p__Firmicutes;c__Clostridia;o__Oscillospirales;f__Oscillospiraceae;g__Flavonifractor	0	0	0	0	21	17	0	14	9	0	0	0	0	0	16	0	0	0	0	0	0	15	0	8	0	0	0	0	0	0	0	0	0	0	0	0	0	0	0	0	5	0	0	0	0	0	128	0	0	0	0	0	13	0	0	0	0	0	24	0	0	0	0	0	23	0	0	0	0	0	39	0	0	0	0	0	0	0	0	0	0	0	0	0	0	0	0	16	0	0	
k__Bacteria;p__Firmicutes;c__Clostridia;o__Oscillospirales;f__Oscillospiraceae;g__UCG-005	0	0	0	0	18	5	0	11	0	0	0	0	0	4	24	0	0	0	0	0	0	8	5	0	0	0	0	0	16	0	0	0	0	0	0	0	0	0	0	0	0	0	0	0	0	0	7	0	0	0	0	0	0	0	0	0	0	0	0	0	16	11	0	0	0	0	0	0	0	0	8	0	0	0	16	0	0	0	0	0	0	0	0	0	0	0	0	48	0	0	
k__Bacteria;p__Bacteroidota;c__Bacteroidia;o__Bacteroidales;f__Prevotellaceae;g__Prevotella_7	0	6	0	0	0	19	0	6	0	0	0	0	0	0	5	0	0	0	0	0	0	0	0	4	0	0	4	0	0	0	0	13	0	0	0	9	0	12	0	0	0	0	0	0	15	0	0	14	0	7	0	0	2	0	0	0	0	5	0	0	0	0	0	0	0	0	0	0	0	0	19	10	0	0	32	0	52	0	0	0	0	0	0	0	0	0	0	0	0	0	
k__Bacteria;p__Fusobacteriota;c__Fusobacteriia;o__Fusobacteriales;f__Fusobacteriaceae;g__Fusobacterium	0	0	0	0	17	12	0	0	0	0	0	0	0	7	0	0	0	0	0	0	0	0	6	4	0	0	0	0	0	3	0	5	0	2	0	4	0	0	0	0	16	0	0	0	0	0	0	0	0	2	0	0	0	3	0	0	2	5	0	0	0	0	0	0	0	0	0	0	0	2	0	0	0	21	16	0	0	0	0	4	0	0	0	0	0	0	0	0	0	0	
k__Bacteria;p__Firmicutes;c__Clostridia;o__Lachnospirales;f__Lachnospiraceae;g__[Eubacterium] hallii group	0	0	0	0	0	0	0	0	0	0	0	0	0	0	0	0	0	0	0	0	0	0	0	0	0	8	0	0	0	0	0	0	0	0	0	0	0	0	0	0	0	0	0	0	0	0	1361	17	0	0	0	0	208	0	0	0	0	0	192	0	0	0	0	0	204	0	0	0	0	0	277	0	0	0	0	0	86	0	0	0	0	0	0	0	0	0	0	0	0	0	
k__Bacteria;p__Firmicutes;c__Negativicutes;o__Acidaminococcales;f__Acidaminococcaceae;g__Phascolarctobacterium	0	0	0	0	0	0	0	0	0	0	0	0	0	0	0	0	0	0	0	0	0	5	0	0	4	0	0	0	10	0	0	0	0	0	0	0	0	0	0	0	0	0	0	0	0	0	831	0	0	0	3	2	102	0	6	0	2	0	144	0	0	0	0	0	132	0	0	0	0	0	265	0	0	0	7	0	15	0	0	0	0	0	0	0	0	0	3	0	7	0	
k__Bacteria;p__Firmicutes;c__Clostridia;o__Oscillospirales;f__Oscillospiraceae;g__UCG-002	0	0	0	0	0	0	0	0	0	0	0	0	0	4	0	0	0	0	0	0	0	0	0	0	0	0	0	0	0	0	0	0	0	0	0	0	0	0	0	0	0	0	0	0	0	0	883	0	0	0	0	0	130	0	0	0	0	0	170	0	0	0	0	0	193	0	0	0	0	0	219	0	0	0	15	0	0	0	0	0	0	0	0	0	0	0	0	0	0	0	
k__Bacteria;p__Firmicutes;c__Clostridia;o__Peptostreptococcales-Tissierellales;f__Peptostreptococcaceae;g__Peptoclostridium	0	0	0	0	0	0	0	0	0	0	0	0	0	0	0	0	0	0	0	0	0	0	0	0	0	0	0	0	0	0	0	0	0	0	0	10	0	0	0	0	0	0	0	0	0	0	670	0	0	0	8	0	128	0	9	0	0	0	165	0	0	0	0	0	120	0	0	0	0	0	220	0	0	0	0	0	0	0	0	0	0	0	0	0	0	8	11	0	0	0	
k__Bacteria;p__Proteobacteria;c__Gammaproteobacteria;o__Enterobacterales;f__Pasteurellaceae;g__Muribacter	0	18	11	0	0	0	0	0	0	0	0	0	0	54	16	0	0	0	0	0	0	0	0	0	0	0	0	0	0	0	0	0	0	0	0	0	0	0	0	0	0	0	0	0	0	0	0	0	0	0	0	0	0	0	0	0	0	0	0	0	0	0	0	0	0	0	0	0	0	0	0	0	0	14	8	0	0	0	3	0	0	0	0	10	0	0	0	0	0	0	
k__Bacteria;p__Firmicutes;c__Negativicutes;o__Veillonellales-Selenomonadales;f__Selenomonadaceae;g__Megamonas	0	0	0	0	0	0	0	4	2	7	7	0	0	0	9	0	0	0	0	5	0	0	0	5	0	0	0	0	0	7	0	3	0	0	0	0	6	0	8	5	0	0	0	0	0	0	535	0	0	0	5	0	78	0	0	0	3	0	83	0	0	0	0	9	111	0	0	0	0	4	141	0	7	0	0	0	0	0	9	0	0	0	9	0	0	6	0	0	0	4	
k__Bacteria;p__Actinobacteriota;c__Coriobacteriia;o__Coriobacteriales;f__Eggerthellaceae;g__Adlercreutzia	0	0	0	0	0	0	0	0	0	0	0	0	0	0	0	0	0	0	0	0	0	25	0	62	11	0	0	27	16	28	0	0	0	0	0	11	0	0	0	0	0	0	0	0	0	0	154	0	0	0	0	0	28	0	0	0	0	0	9	0	0	0	0	0	28	0	0	0	0	0	41	0	0	0	0	0	0	0	0	0	0	0	0	0	0	0	0	0	0	0	
k__Bacteria;p__Firmicutes;c__Negativicutes;o__Veillonellales-Selenomonadales;f__Veillonellaceae;g__Veillonella	0	5	0	0	17	43	0	3	6	0	0	2	0	0	5	0	0	0	0	0	0	5	19	7	0	0	0	0	0	0	0	0	9	0	7	0	0	0	0	0	0	5	0	0	0	0	24	20	0	13	0	0	0	6	0	0	0	0	0	0	7	7	0	2	0	0	0	0	0	0	0	15	8	23	39	0	110	0	0	5	0	0	0	0	0	0	0	0	0	12	
k__Bacteria;p__Cyanobacteria;c__Cyanobacteriia;o__Chloroplast;f__;g__	0	0	0	0	0	0	0	0	0	0	10	0	0	0	0	0	0	0	0	0	0	0	4	0	0	0	0	0	0	2	0	64	0	0	0	0	0	0	0	0	6	0	0	0	0	0	0	0	0	0	0	0	0	0	0	0	0	0	0	0	0	0	0	0	0	0	0	0	0	0	0	0	0	0	0	0	0	0	0	0	0	0	0	0	0	0	0	0	0	0	
k__Bacteria;p__Firmicutes;c__Clostridia;o__Peptostreptococcales-Tissierellales;f__Peptostreptococcaceae;g__Romboutsia	0	8	0	6	0	0	0	7	9	0	0	0	14	0	0	8	0	0	0	0	0	0	0	10	0	0	9	0	0	8	0	8	11	0	0	0	0	0	5	8	0	4	0	6	12	0	85	0	0	6	0	0	17	0	0	0	0	0	11	0	0	5	16	0	19	0	6	0	0	0	28	5	0	0	0	0	12	0	15	0	0	0	0	7	0	0	0	0	6	0	
k__Bacteria;p__Firmicutes;c__Bacilli;o__Lactobacillales;f__Carnobacteriaceae;g__Granulicatella	0	0	0	0	0	0	0	0	0	0	0	0	0	0	0	0	0	0	0	0	0	0	0	0	0	0	0	0	0	0	0	0	0	0	0	0	0	0	0	0	0	0	0	0	0	0	0	0	0	0	0	0	0	0	0	0	0	0	0	0	0	0	0	0	0	0	0	0	0	0	0	0	0	0	0	0	43	0	0	0	0	0	0	0	0	0	0	0	0	0	
k__Bacteria;p__Bacteroidota;c__Kapabacteria;o__Kapabacteriales;f__;g__	0	0	17	0	33	18	0	22	4	0	0	0	9	10	0	0	0	0	0	0	0	0	23	9	5	4	5	4	0	0	0	10	18	3	12	9	0	20	0	3	18	3	0	0	5	0	0	0	0	0	0	0	7	0	0	0	0	0	4	0	0	0	0	0	0	0	0	0	0	0	0	3	0	6	16	0	34	0	0	0	0	0	0	0	0	0	0	0	0	0	
k__Bacteria;p__Firmicutes;c__Clostridia;o__Lachnospirales;f__Lachnospiraceae;g__UC5-1-2E3	0	0	0	0	0	0	0	0	0	0	0	0	0	0	0	0	0	0	0	0	0	0	0	0	0	0	0	0	0	0	0	0	0	0	0	0	0	0	0	0	0	0	0	0	0	18	0	0	0	0	0	0	0	0	0	0	0	0	0	0	0	0	0	0	0	0	0	0	0	0	0	0	0	0	0	0	0	0	0	0	0	0	0	0	0	0	0	0	0	0	
k__Bacteria;p__Actinobacteriota;c__Actinobacteria;o__Corynebacteriales;f__Corynebacteriaceae;g__Corynebacterium	0	0	0	0	11	11	0	25	0	0	0	0	0	12	0	0	0	0	0	0	0	0	20	4	0	0	0	0	0	0	0	15	22	0	0	12	6	5	0	13	3	5	0	0	0	0	4	11	0	11	0	0	0	0	0	0	0	7	0	0	0	0	0	0	0	2	0	0	0	0	8	0	5	38	22	0	81	0	0	0	0	0	0	0	0	6	0	0	0	6	
k__Bacteria;p__Firmicutes;c__Clostridia;o__Lachnospirales;f__Lachnospiraceae;g__Lachnospiraceae ND3007 group	8	0	0	0	17	0	0	0	0	0	0	0	0	0	0	0	0	0	0	0	0	0	0	0	0	0	0	0	0	0	0	0	0	0	0	0	0	0	0	0	0	0	0	6	0	0	290	0	0	0	0	0	56	0	0	0	0	0	59	0	0	0	0	0	52	0	0	0	0	0	83	0	0	0	0	0	0	0	0	0	0	0	0	0	0	0	9	0	0	0	
k__Bacteria;p__Firmicutes;c__Clostridia;o__Lachnospirales;f__Lachnospiraceae;g__Coprococcus	0	0	0	0	0	0	0	0	0	0	0	0	0	0	5	0	0	0	0	0	0	0	0	0	0	0	0	0	0	0	0	0	0	0	0	0	0	0	0	0	0	0	0	0	0	0	661	8	0	0	0	0	96	0	13	0	0	0	121	0	0	0	0	0	143	0	0	0	0	0	203	0	0	0	0	0	0	0	0	0	0	0	0	0	0	0	0	0	0	0	
k__Bacteria;p__Fusobacteriota;c__Fusobacteriia;o__Fusobacteriales;f__Leptotrichiaceae;g__Leptotrichia	0	0	10	0	9	13	0	13	0	0	0	0	0	0	5	0	0	12	0	0	0	0	7	0	0	0	0	0	0	0	0	4	14	0	0	9	0	0	0	0	0	0	0	0	0	0	0	43	0	3	0	0	0	0	0	0	0	6	0	0	0	0	0	0	0	0	0	0	0	0	0	6	0	0	16	0	16	0	0	0	0	0	0	0	0	2	0	0	0	0	
k__Bacteria;p__Deferribacterota;c__Deferribacteres;o__Deferribacterales;f__Deferribacteraceae;g__Mucispirillum	0	0	0	0	0	0	0	0	0	0	0	0	0	0	0	0	0	0	0	0	0	0	0	0	0	0	0	0	0	0	0	0	0	0	0	0	0	0	0	0	0	0	0	0	0	0	0	0	0	0	0	0	0	0	0	0	0	0	0	0	0	0	0	0	0	0	0	0	0	0	0	0	0	12	4	0	17	0	0	0	0	0	0	0	0	0	0	0	0	0	
k__Bacteria;p__Firmicutes;c__Clostridia;o__Peptostreptococcales-Tissierellales;f__Peptostreptococcaceae;g__Intestinibacter	0	0	0	0	0	0	0	0	0	0	0	0	0	0	0	0	0	0	0	10	0	0	0	0	0	0	0	0	0	0	0	0	0	0	7	0	0	0	0	0	0	0	0	0	0	0	263	0	0	0	0	0	44	0	0	0	0	0	48	0	0	0	0	10	72	0	0	0	0	0	60	0	0	0	0	0	0	0	0	0	0	0	0	0	0	0	0	0	0	0	
k__Bacteria;p__Firmicutes;c__Clostridia;o__;f__;g__	0	0	0	0	0	0	0	0	0	0	0	0	0	0	0	0	0	0	0	0	0	8	0	2	0	0	4	0	0	0	0	0	0	0	0	0	0	0	0	0	0	0	0	0	0	3	4	0	0	0	0	0	3	0	0	0	0	0	4	0	0	0	0	0	0	0	0	0	0	0	0	0	0	6	0	0	0	0	0	0	0	0	0	0	0	0	0	0	0	0	
k__Bacteria;p__Actinobacteriota;c__Actinobacteria;o__Actinomycetales;f__Actinomycetaceae;g__Actinomyces	0	0	0	0	17	21	0	0	2	0	0	0	3	5	0	0	0	0	0	0	0	0	0	4	0	0	0	0	0	0	0	6	7	0	0	0	0	0	0	0	20	0	0	0	0	0	52	10	0	0	0	0	8	5	0	4	0	5	0	0	0	0	0	0	4	0	0	0	0	0	0	0	0	11	14	0	44	0	0	0	0	0	0	0	0	4	0	0	0	6	
k__Bacteria;p__Proteobacteria;c__Gammaproteobacteria;o__Enterobacterales;f__Pasteurellaceae;g__Aggregatibacter	0	0	0	0	0	11	0	0	0	0	0	0	0	0	0	0	0	6	0	0	0	0	0	0	0	0	0	0	0	0	0	7	0	0	0	0	0	0	0	0	0	0	0	0	0	0	0	0	0	0	0	0	0	0	0	0	0	0	0	5	0	0	0	0	0	0	0	0	0	0	0	6	0	0	34	0	14	0	0	0	0	0	0	0	0	0	0	0	0	0	
k__Bacteria;p__Firmicutes;c__Clostridia;o__Oscillospirales;f__Ruminococcaceae;g__Paludicola	0	0	0	0	0	0	0	0	0	0	0	0	0	0	16	0	0	0	0	0	0	0	0	0	0	0	0	0	0	0	0	0	0	0	0	0	0	0	0	0	0	0	0	0	0	0	0	0	0	0	0	0	0	0	0	0	0	0	0	0	0	0	0	0	0	0	0	0	0	0	0	0	0	0	0	0	0	0	0	0	0	0	0	0	0	0	0	0	0	7	
k__Bacteria;p__Proteobacteria;c__Gammaproteobacteria;o__Cardiobacteriales;f__Cardiobacteriaceae;g__Cardiobacterium	0	0	0	0	0	0	0	0	0	0	0	0	0	0	2	0	0	0	0	0	0	0	15	0	0	0	0	4	0	0	0	0	0	0	2	0	0	0	0	0	0	0	0	0	0	0	0	0	0	0	0	0	0	0	0	0	0	0	0	0	0	4	0	0	0	0	0	0	0	0	0	0	0	0	0	0	0	0	0	0	0	0	0	0	0	0	2	0	0	0	
k__Bacteria;p__Actinobacteriota;c__Actinobacteria;o__Corynebacteriales;f__Mycobacteriaceae;g__Mycobacterium	0	0	0	0	0	0	0	0	0	0	0	0	0	5	5	0	0	0	0	0	4	0	3	0	0	0	0	0	0	0	0	23	8	2	7	9	0	7	0	0	0	0	0	0	0	0	0	0	0	0	0	0	0	0	0	0	0	0	2	0	3	0	0	0	0	0	0	0	0	0	0	0	0	0	28	0	13	0	0	0	0	0	0	0	0	0	0	0	0	0	
k__Bacteria;p__Firmicutes;c__Bacilli;o__Staphylococcales;f__Staphylococcaceae;g__Jeotgalicoccus	0	0	0	0	0	0	0	0	0	0	0	0	0	11	13	0	0	0	0	0	0	0	0	0	0	0	0	0	0	0	0	0	0	0	0	0	0	0	0	0	0	0	0	0	0	0	0	0	0	0	0	0	0	0	0	0	0	0	0	0	0	0	0	0	0	0	0	0	0	0	0	0	0	0	0	0	0	0	0	0	0	0	0	0	0	0	0	0	0	0	
k__Bacteria;p__Actinobacteriota;c__Actinobacteria;o__Micrococcales;f__Micrococcaceae;g__Rothia	0	0	0	0	0	13	0	0	0	0	0	0	0	0	5	0	0	0	0	3	0	0	0	0	0	4	0	0	0	0	0	0	0	0	0	0	0	5	0	0	18	0	0	0	2	0	0	27	0	0	0	3	0	0	0	2	0	4	0	0	0	0	0	0	0	0	0	0	0	0	0	0	0	4	0	0	0	0	0	0	0	0	0	0	0	0	0	0	0	0	
k__Bacteria;p__Proteobacteria;c__Alphaproteobacteria;o__Rhizobiales;f__Beijerinckiaceae;g__Methylobacterium-Methylorubrum	0	0	6	0	0	0	0	0	0	0	0	0	0	0	0	0	0	0	0	0	0	2	5	0	0	0	0	0	0	0	0	0	0	0	5	0	0	0	0	0	7	0	0	0	0	0	0	0	0	0	0	0	0	0	0	0	3	0	0	0	0	0	0	0	0	0	0	0	0	0	0	0	0	0	5	0	10	0	0	0	0	0	0	0	0	0	0	0	0	0	
k__Bacteria;p__Bacteroidota;c__Bacteroidia;o__Bacteroidales;f__Porphyromonadaceae;g__Porphyromonas	0	0	9	0	0	0	0	0	0	0	0	0	0	8	0	0	0	0	0	0	0	0	8	0	0	0	0	0	0	0	0	2	0	0	0	3	0	0	0	0	0	0	2	0	0	0	0	16	0	4	0	0	0	0	0	0	0	0	0	0	0	0	0	0	0	0	0	0	0	0	0	0	0	6	15	0	17	0	0	0	0	0	0	0	0	0	0	0	2	0	
k__Bacteria;p__Proteobacteria;c__Gammaproteobacteria;o__Burkholderiales;f__Comamonadaceae;g__	0	0	0	0	0	0	0	10	0	0	0	0	0	0	0	0	0	0	0	0	0	0	0	0	0	0	0	0	0	0	0	0	0	0	0	0	0	0	0	0	0	0	0	0	0	0	9	0	0	0	0	0	0	0	0	0	0	0	0	0	0	0	0	0	0	0	0	0	0	0	0	0	0	0	0	0	0	0	0	0	0	0	0	0	0	0	0	0	0	0	
k__Bacteria;p__Proteobacteria;c__Alphaproteobacteria;o__Rhizobiales;f__Xanthobacteraceae;g__Afipia	0	0	8	0	0	0	0	0	0	0	0	0	0	0	0	0	0	0	0	0	19	0	0	0	0	0	0	0	0	0	0	0	0	0	0	0	0	0	0	0	0	0	0	0	0	0	0	0	0	0	0	0	0	0	0	0	0	0	0	0	0	0	0	0	0	0	0	0	0	0	0	0	0	0	0	0	0	0	0	0	0	0	0	0	0	0	0	0	0	0	
k__Bacteria;p__Bacteroidota;c__Bacteroidia;o__Sphingobacteriales;f__env.OPS 17;g__	0	4	0	0	44	17	0	18	6	0	0	4	0	16	0	0	0	0	0	0	4	0	27	0	0	4	6	0	0	3	0	8	0	0	5	0	0	19	0	0	39	0	0	3	11	0	0	0	0	0	2	0	3	0	0	0	0	0	3	2	0	0	0	0	4	0	2	0	0	4	0	0	0	9	18	0	32	0	0	0	0	0	0	0	0	0	0	0	0	5	
k__Bacteria;p__Bacteroidota;c__Bacteroidia;o__Bacteroidales;f__Prevotellaceae;g__Prevotella	0	0	0	0	0	0	0	0	0	0	0	0	0	0	0	0	0	0	0	0	0	0	0	0	0	0	0	0	0	0	0	0	0	0	0	0	0	2	0	0	0	0	0	0	0	0	61	0	0	0	0	0	5	0	0	0	0	0	0	0	0	0	0	0	0	0	0	0	0	0	10	0	0	0	11	0	0	0	0	0	0	2	0	0	0	0	0	0	0	0	
k__Bacteria;p__Proteobacteria;c__Gammaproteobacteria;o__Burkholderiales;f__Oxalobacteraceae;g__Massilia	0	0	0	0	0	0	0	2	0	0	0	0	0	0	0	0	0	0	0	0	0	0	0	0	0	0	0	0	0	0	0	12	0	0	0	0	0	0	0	0	8	0	0	0	0	0	0	0	0	0	0	0	0	0	0	0	0	0	0	0	0	0	0	0	0	0	0	0	0	0	0	0	0	0	3	0	14	0	0	0	0	0	0	0	0	0	4	0	0	0	
k__Bacteria;p__Actinobacteriota;c__Coriobacteriia;o__Coriobacteriales;f__Eggerthellaceae;g__Parvibacter	0	0	0	0	0	0	0	0	0	0	0	0	0	0	0	0	0	0	0	0	0	0	0	0	0	0	0	0	0	0	0	0	0	0	0	0	0	0	0	0	0	0	0	0	0	0	0	0	0	0	0	0	0	0	0	0	0	0	0	0	0	0	0	0	0	0	0	0	0	0	0	0	0	0	0	0	9	0	0	0	0	0	0	0	0	0	0	0	0	11	
k__Bacteria;p__Firmicutes;c__Clostridia;o__Lachnospirales;f__Lachnospiraceae;g__[Eubacterium] ventriosum group	0	0	0	0	0	0	0	0	0	0	0	0	0	0	0	0	0	0	0	0	0	0	0	0	0	0	0	0	0	0	0	0	0	0	0	0	0	0	0	0	0	0	0	0	0	0	182	0	0	0	0	0	27	0	0	0	0	0	34	0	0	0	0	0	46	0	0	0	0	0	56	0	0	0	0	0	0	0	0	0	0	0	0	0	0	0	0	0	0	0	
k__Bacteria;p__Firmicutes;c__Bacilli;o__Staphylococcales;f__Gemellaceae;g__Gemella	0	0	0	0	0	0	0	0	0	0	0	0	0	0	0	0	0	0	0	0	0	0	0	0	0	0	0	0	0	0	0	0	0	0	0	0	0	0	0	0	0	0	0	0	0	0	20	0	0	0	0	0	0	0	0	0	0	0	0	0	0	0	0	0	0	0	0	0	0	0	0	0	0	8	0	0	0	0	0	0	0	0	0	0	0	0	0	0	0	0	
k__Bacteria;p__Firmicutes;c__Bacilli;o__Erysipelotrichales;f__Erysipelatoclostridiaceae;g__Erysipelotrichaceae UCG-003	0	0	0	0	0	0	0	0	0	0	0	0	0	0	0	0	0	0	0	0	0	0	0	0	0	0	0	0	0	0	0	0	0	0	0	0	0	0	0	0	0	0	0	0	0	0	92	0	0	0	0	0	9	0	0	0	0	0	7	0	0	0	0	0	19	0	0	0	0	0	29	0	0	0	0	0	17	0	0	0	0	0	0	0	0	0	0	0	0	7	
k__Bacteria;p__Proteobacteria;c__Alphaproteobacteria;o__Rhizobiales;f__Rhizobiaceae;g__Mesorhizobium	0	0	0	0	0	4	0	0	0	0	0	0	0	0	0	0	0	0	0	0	0	0	0	0	0	0	0	0	0	0	0	0	0	0	0	0	0	0	0	0	2	0	0	0	0	0	5	0	0	0	0	0	4	0	0	0	0	0	0	0	0	0	0	0	0	0	0	0	0	0	0	0	0	0	0	0	0	0	0	0	0	0	0	0	0	0	0	0	0	0	
k__Bacteria;p__Proteobacteria;c__Alphaproteobacteria;o__Caulobacterales;f__Caulobacteraceae;g__Phenylobacterium	0	0	5	0	0	0	0	0	0	0	0	0	0	0	0	0	0	0	0	4	0	0	8	0	0	0	0	0	0	0	0	0	0	0	0	15	0	0	0	0	8	0	0	0	0	0	0	0	0	0	0	0	0	0	0	0	0	0	0	0	0	0	0	0	0	0	0	0	0	0	0	0	0	3	0	0	0	0	0	0	0	0	0	0	0	0	0	0	0	0	
k__Bacteria;p__Firmicutes;c__Clostridia;o__Oscillospirales;f__Ruminococcaceae;g__Pygmaiobacter	0	0	0	0	0	0	0	0	0	0	0	0	0	0	0	0	0	0	0	0	0	0	0	0	0	0	0	0	0	0	0	0	0	0	0	0	0	0	0	0	0	0	0	0	0	0	164	0	0	0	0	0	22	0	0	0	0	0	17	0	0	0	0	0	31	0	0	0	0	0	25	0	0	0	0	0	0	0	0	0	0	0	0	0	0	0	0	0	0	0	
k__Bacteria;p__Firmicutes;c__Clostridia;o__Oscillospirales;f__Ruminococcaceae;g__Negativibacillus	0	0	0	0	0	0	0	0	0	0	0	0	0	0	15	0	0	0	0	0	0	0	0	0	0	0	0	0	0	0	0	0	0	0	0	0	0	0	0	0	0	0	0	0	0	0	0	0	0	0	0	0	0	0	0	0	0	0	0	0	0	0	0	0	0	0	0	0	0	0	0	0	0	0	0	0	0	0	0	0	0	0	0	0	0	0	0	0	0	0	
k__Bacteria;p__Bacteroidota;c__Bacteroidia;o__Cytophagales;f__Microscillaceae;g__	0	0	0	0	13	0	0	0	0	0	0	0	0	0	0	0	0	0	0	0	0	0	0	0	0	0	0	0	0	0	0	11	6	0	0	25	0	8	0	4	14	0	0	0	0	0	0	0	0	0	0	0	0	0	0	0	0	0	0	0	0	0	0	0	0	0	0	0	0	0	0	0	0	0	25	0	7	0	0	0	0	0	0	0	0	0	0	0	0	0	
k__Bacteria;p__Firmicutes;c__Clostridia;o__Lachnospirales;f__Lachnospiraceae;g__[Ruminococcus] gauvreauii group	0	0	0	0	0	0	0	0	0	0	0	0	16	0	0	0	0	0	0	0	0	0	0	0	0	0	0	0	0	0	0	0	0	0	0	0	0	0	0	0	0	0	0	0	0	0	65	0	0	0	0	0	12	0	0	0	0	0	10	0	0	0	0	0	18	0	0	0	0	0	16	0	0	0	0	0	31	0	0	0	0	0	0	0	0	0	18	0	0	8	
k__Bacteria;p__Proteobacteria;c__Alphaproteobacteria;o__Sphingomonadales;f__Sphingomonadaceae;g__Sphingobium	0	0	0	0	5	0	0	0	0	0	0	0	0	9	4	0	0	0	0	0	0	0	14	0	0	0	0	0	0	0	0	0	0	0	0	0	0	5	0	0	0	0	0	0	0	0	0	0	0	0	0	0	0	0	0	0	0	0	0	0	0	0	0	0	0	0	0	0	0	0	0	0	0	0	0	0	20	0	0	0	0	0	0	0	0	0	0	0	0	0	
k__Bacteria;p__Proteobacteria;c__Gammaproteobacteria;o__Pseudomonadales;f__Moraxellaceae;g__Cavicella	0	4	0	0	5	0	0	0	0	0	0	0	3	0	0	0	0	0	0	0	3	0	18	0	0	0	0	0	0	0	2	0	15	0	0	0	0	0	0	0	12	0	0	0	0	0	0	0	0	0	0	0	0	0	0	0	0	0	0	0	0	0	0	0	0	0	0	0	0	0	0	0	0	0	0	0	0	0	0	0	0	0	0	0	0	0	0	0	0	0	
k__Bacteria;p__Bacteroidota;c__Bacteroidia;o__Chitinophagales;f__Chitinophagaceae;g__Thermoflavifilum	0	0	4	0	5	0	0	0	0	0	0	5	0	0	4	0	0	0	0	0	0	0	3	0	0	3	0	0	0	0	2	0	0	0	0	2	0	5	0	0	0	0	0	0	2	0	2	4	0	0	0	0	0	0	0	0	0	0	0	0	0	0	0	0	0	0	0	0	0	0	0	0	0	0	7	0	0	0	0	0	0	0	0	0	0	0	2	0	0	0	
k__Bacteria;p__Firmicutes;c__Bacilli;o__Lactobacillales;f__Listeriaceae;g__Listeria	0	0	8	0	0	24	0	0	0	0	0	0	0	0	0	0	0	0	0	0	0	0	0	0	0	0	0	0	0	0	0	0	0	0	0	0	0	0	0	0	0	0	0	0	0	0	0	0	0	0	0	0	0	0	0	0	0	0	0	0	0	0	0	0	0	0	0	0	0	0	0	0	0	0	0	0	0	0	0	0	0	0	0	0	0	0	0	0	0	0	
k__Bacteria;p__Firmicutes;c__Bacilli;o__Lactobacillales;f__Streptococcaceae;g__Lactococcus	0	0	0	0	0	0	0	0	0	0	0	0	0	0	0	0	0	0	0	0	0	0	0	0	0	0	0	0	18	0	0	0	0	0	0	0	0	0	0	0	0	0	0	0	0	0	16	0	0	0	0	0	0	0	0	0	0	0	5	0	0	0	0	0	11	0	0	0	0	0	3	0	0	0	0	0	17	0	0	0	0	0	0	0	0	0	0	0	0	0	
k__Bacteria;p__Acidobacteriota;c__Blastocatellia;o__;f__;g__	0	0	0	0	9	0	0	2	0	0	0	0	2	0	0	0	0	0	0	0	0	0	14	0	0	0	0	0	0	0	0	0	0	0	0	0	0	7	0	0	5	0	2	0	0	0	4	0	0	0	0	0	0	0	0	0	0	0	0	0	0	0	3	0	0	0	0	0	0	0	0	0	0	5	8	0	0	0	0	0	0	0	0	0	0	0	0	0	0	0	
k__Bacteria;p__Bacteroidota;c__Bacteroidia;o__Chitinophagales;f__Chitinophagaceae;g__	0	0	0	0	0	0	0	5	0	0	0	0	0	0	0	0	0	0	0	0	8	0	0	0	0	0	0	0	0	0	0	0	0	0	0	0	0	0	0	0	10	0	0	0	0	0	0	0	0	0	0	0	0	0	0	0	0	0	0	0	0	0	0	0	0	0	0	0	0	0	0	0	0	0	9	0	0	0	0	0	0	0	0	0	0	0	0	0	0	0	
k__Bacteria;p__Proteobacteria;c__Alphaproteobacteria;o__Azospirillales;f__Azospirillaceae;g__Azospirillum	0	0	0	0	2	0	0	0	0	0	0	0	0	0	0	0	0	0	0	0	0	0	0	0	0	0	0	0	0	0	0	0	0	0	0	0	0	0	0	0	4	0	0	0	0	0	0	0	0	0	0	0	0	0	0	0	0	0	0	0	0	0	0	0	0	0	0	0	0	0	0	2	0	0	0	0	0	0	0	2	0	0	0	0	0	0	0	0	0	0	
k__Bacteria;p__Firmicutes;c__Clostridia;o__Lachnospirales;f__Lachnospiraceae;g__[Ruminococcus] gnavus group	0	0	0	0	0	0	0	0	0	0	0	0	0	0	0	0	0	0	0	0	0	0	0	0	0	0	0	0	0	0	0	0	0	0	0	0	0	0	0	0	0	0	0	0	0	0	59	0	0	0	0	0	11	0	0	0	0	0	16	0	0	0	0	0	17	0	0	0	0	0	22	0	0	0	10	0	0	0	0	0	0	0	0	0	0	0	0	0	0	0	
k__Bacteria;p__Firmicutes;c__Clostridia;o__Peptostreptococcales-Tissierellales;f__Anaerovoracaceae;g__Anaerovorax	0	0	0	0	0	0	0	0	0	0	0	0	0	0	0	0	0	0	0	0	0	0	0	0	0	0	0	0	0	0	0	0	0	0	0	0	0	0	0	0	0	0	0	0	0	0	0	0	0	0	0	0	0	0	0	0	0	0	0	0	0	0	0	0	0	0	0	0	0	0	0	0	0	0	0	0	0	0	0	0	0	0	0	0	0	0	0	26	0	0	
k__Bacteria;p__Firmicutes;c__Negativicutes;o__Veillonellales-Selenomonadales;f__Veillonellaceae;g__Dialister	0	0	0	0	0	0	0	0	0	0	0	0	0	0	0	0	0	0	0	0	0	0	8	0	0	0	0	0	0	0	0	0	0	0	0	0	0	0	0	0	0	0	0	0	0	0	60	4	0	0	0	0	0	0	0	0	0	0	8	0	0	0	0	0	15	0	0	0	0	0	13	0	0	8	0	0	0	0	0	0	0	0	0	0	0	0	0	0	0	0	
k__Bacteria;p__Proteobacteria;c__Gammaproteobacteria;o__Burkholderiales;f__Rhodocyclaceae;g__Georgfuchsia	0	0	5	0	0	0	0	0	0	0	0	0	0	0	0	0	0	0	0	0	7	0	26	18	0	0	0	0	0	0	0	6	6	0	0	0	0	5	0	0	0	0	0	0	0	0	0	0	0	0	0	0	0	0	0	0	0	0	0	0	0	0	0	0	0	0	0	0	0	0	0	0	0	0	0	0	17	0	0	0	0	0	0	0	0	0	0	0	0	0	
k__Bacteria;p__Firmicutes;c__Clostridia;o__Lachnospirales;f__Lachnospiraceae;g__CAG-56	0	0	0	0	0	0	0	0	0	0	0	0	0	0	0	0	0	0	0	0	0	0	0	0	0	0	0	0	0	0	0	0	0	0	0	0	0	0	0	0	0	0	0	0	0	0	114	0	0	0	0	0	14	0	0	0	0	0	20	0	0	0	0	0	23	0	0	0	0	0	26	0	0	7	0	0	0	0	0	0	0	0	0	0	0	0	0	0	0	0	
k__Bacteria;p__Firmicutes;c__Clostridia;o__Lachnospirales;f__Lachnospiraceae;g__[Eubacterium] eligens group	0	0	0	0	0	0	0	0	0	0	0	0	0	0	0	0	0	0	0	0	0	0	0	0	0	0	0	0	0	0	0	0	0	0	0	0	0	0	0	0	0	0	0	0	0	0	43	0	0	0	0	0	0	0	0	0	0	0	10	0	0	0	0	0	0	0	0	0	0	0	0	0	0	0	0	0	19	0	0	0	0	0	0	0	0	0	0	0	0	0	
k__Bacteria;p__Firmicutes;c__Clostridia;o__Lachnospirales;f__Lachnospiraceae;g__Lachnospira	0	0	0	0	0	0	0	0	0	0	0	0	0	0	0	0	0	0	0	0	0	0	0	0	0	0	0	0	0	0	0	0	0	0	0	0	0	0	0	0	0	0	0	0	0	0	74	0	0	0	0	0	9	0	0	0	0	0	8	0	0	0	0	0	17	0	0	0	0	0	36	0	0	9	0	0	0	0	0	0	0	0	0	0	0	0	0	0	0	0	
k__Bacteria;p__Firmicutes;c__Negativicutes;o__Veillonellales-Selenomonadales;f__Selenomonadaceae;g__Centipeda	0	0	0	0	0	8	0	0	0	0	0	0	0	0	0	0	0	0	0	0	0	0	0	0	0	0	0	0	0	0	0	0	0	0	0	0	0	0	0	0	0	0	0	0	0	0	0	0	0	0	0	0	0	0	0	0	0	0	0	0	0	0	0	0	0	0	0	0	0	0	0	0	0	6	11	0	16	0	0	0	0	0	0	0	0	0	0	0	0	0	
k__Bacteria;p__Proteobacteria;c__Gammaproteobacteria;o__Pseudomonadales;f__Moraxellaceae;g__Acinetobacter	0	0	5	7	4	0	0	0	0	0	0	0	0	0	0	0	0	0	0	0	0	0	0	0	0	0	0	0	0	0	0	0	4	0	0	0	0	0	0	0	0	0	0	0	3	0	10	2	0	0	0	0	0	0	0	0	0	0	0	0	2	0	0	0	0	0	0	0	0	0	0	0	0	0	10	0	0	0	0	0	0	0	0	0	0	0	0	0	0	0	
k__Bacteria;p__Actinobacteriota;c__Actinobacteria;o__Micrococcales;f__Microbacteriaceae;g__Curtobacterium	0	0	0	0	0	0	0	0	0	0	0	0	0	0	3	0	0	0	0	0	0	0	0	0	0	0	0	0	0	0	0	0	0	0	0	0	0	0	0	0	0	0	0	0	0	0	0	0	0	0	0	0	0	0	0	0	0	0	0	0	0	0	0	0	0	0	0	0	0	0	0	0	0	0	0	0	0	0	0	0	0	0	0	0	0	0	0	0	0	0	
k__Bacteria;p__Firmicutes;c__Clostridia;o__Lachnospirales;f__Lachnospiraceae;g__Hungatella	0	0	0	0	0	0	0	0	0	0	0	0	0	0	0	0	0	0	0	0	0	0	0	0	0	0	0	0	0	0	0	0	0	0	0	0	0	0	0	0	0	0	0	0	0	0	50	0	0	0	0	0	10	0	0	0	0	0	17	0	0	0	0	0	0	0	0	0	0	0	22	0	0	0	0	0	0	0	0	0	0	0	0	0	0	0	0	0	0	0	
k__Bacteria;p__Actinobacteriota;c__Actinobacteria;o__Micrococcales;f__Micrococcaceae;g__Kocuria	0	0	0	0	97	0	0	0	0	0	0	0	0	0	0	0	0	0	0	0	0	0	0	0	0	0	0	0	0	0	0	0	0	0	0	0	0	0	0	0	0	0	0	0	0	0	0	0	0	0	0	0	0	0	0	0	0	0	0	0	0	0	0	0	0	0	0	0	0	0	0	0	0	0	0	0	0	0	0	0	0	0	0	0	0	0	0	0	0	0	
k__Bacteria;p__Proteobacteria;c__Gammaproteobacteria;o__Burkholderiales;f__Comamonadaceae;g__Delftia	0	0	0	0	0	0	0	0	0	0	0	0	0	0	0	0	0	0	0	0	0	0	0	0	0	0	0	0	0	0	0	0	0	0	0	0	0	0	0	0	0	0	0	0	0	0	0	0	0	0	0	0	0	0	0	0	0	0	0	0	0	0	0	0	0	0	0	0	0	0	0	0	0	0	0	0	0	0	0	0	0	0	0	0	0	0	0	0	0	4	
k__Bacteria;p__Bacteroidota;c__Bacteroidia;o__Flavobacteriales;f__Flavobacteriaceae;g__Capnocytophaga	0	0	0	0	33	0	0	0	4	0	0	0	0	5	0	0	0	0	0	0	0	0	4	0	0	0	0	0	0	0	0	5	4	0	0	0	0	0	0	0	0	0	0	0	0	0	0	8	0	0	0	0	0	0	0	0	0	4	0	0	0	0	0	2	0	0	0	0	0	0	0	0	0	10	16	0	6	0	0	0	0	0	0	0	0	0	0	0	0	4	
k__Bacteria;p__Proteobacteria;c__Gammaproteobacteria;o__Burkholderiales;f__Comamonadaceae;g__Rhizobacter	0	0	0	0	0	0	0	0	0	0	0	0	0	0	0	0	0	0	0	0	0	0	0	0	0	0	0	0	0	0	0	12	0	0	0	0	0	0	0	0	0	0	0	0	0	0	0	0	0	0	0	0	0	0	0	0	0	0	0	0	0	0	0	0	0	0	0	0	0	0	0	0	0	0	0	0	0	0	0	0	0	0	0	0	0	0	0	0	0	0	
k__Bacteria;p__Proteobacteria;c__Gammaproteobacteria;o__Burkholderiales;f__Neisseriaceae;g__	0	0	0	0	0	10	0	0	0	0	0	0	0	0	0	0	0	0	0	0	0	0	0	0	0	0	0	5	0	0	0	0	0	0	0	0	0	0	0	0	0	0	0	0	0	0	0	12	0	0	0	0	0	0	0	0	0	0	0	0	0	0	0	0	0	0	0	0	0	0	0	0	0	0	0	0	0	0	0	0	0	0	0	0	0	0	0	0	0	0	
k__Bacteria;p__Proteobacteria;c__Gammaproteobacteria;o__Burkholderiales;f__Burkholderiaceae;g__Burkholderia-Caballeronia-Paraburkholderia	0	0	0	0	7	0	0	0	0	0	0	0	0	0	0	0	0	0	0	0	0	0	0	0	0	0	0	0	0	0	0	0	0	0	0	0	0	0	0	0	0	0	0	0	0	0	0	0	0	0	0	0	0	0	0	0	0	0	0	0	0	0	0	0	0	0	0	0	0	0	0	0	0	0	0	0	0	0	0	0	0	0	0	0	0	0	0	0	0	0	
k__Bacteria;p__Bacteroidota;c__Bacteroidia;o__Bacteroidales;f__Prevotellaceae;g__Paraprevotella	0	0	0	0	0	0	0	0	0	0	0	0	0	0	0	0	0	0	0	0	0	0	0	0	0	0	0	0	0	0	0	0	0	0	0	0	0	0	0	0	0	0	0	0	0	0	0	0	0	0	0	0	2	0	0	0	0	0	0	0	0	0	0	0	0	0	0	0	0	0	0	0	0	6	0	0	0	0	0	0	0	0	0	0	0	0	0	0	0	0	
k__Bacteria;p__Proteobacteria;c__Gammaproteobacteria;o__Burkholderiales;f__Sutterellaceae;g__Sutterella	0	0	0	0	0	0	0	0	0	0	0	0	0	0	0	0	0	0	0	0	0	0	0	0	0	0	0	0	0	0	0	0	0	0	0	0	0	0	0	0	0	0	0	0	0	0	67	0	0	0	0	0	0	0	0	0	0	0	0	0	0	0	0	0	13	0	0	0	0	0	16	0	0	0	0	0	0	0	0	0	0	0	0	0	0	0	0	0	0	0	
k__Bacteria;p__Proteobacteria;c__Alphaproteobacteria;o__Caulobacterales;f__Caulobacteraceae;g__Brevundimonas	0	0	0	0	0	0	0	0	0	0	0	0	0	0	0	0	0	0	0	0	0	0	0	0	0	2	0	0	0	0	0	0	0	0	0	0	0	0	0	0	4	0	0	0	0	0	0	0	0	0	0	0	0	0	0	0	0	0	0	0	0	0	0	0	0	0	0	0	0	0	0	0	0	0	0	0	0	0	0	0	0	0	0	0	0	0	0	0	0	0	
k__Bacteria;p__Proteobacteria;c__Alphaproteobacteria;o__Rhodobacterales;f__Rhodobacteraceae;g__Rubellimicrobium	0	0	0	0	0	0	0	0	0	0	0	0	0	0	0	0	0	0	0	0	0	0	0	0	0	0	0	0	0	0	0	0	0	0	0	0	0	0	0	0	56	0	0	0	0	0	0	0	0	0	0	0	0	0	0	0	0	0	0	0	0	0	0	0	0	0	0	0	0	0	0	0	0	0	0	0	0	0	0	0	0	0	0	0	0	0	0	0	0	0	
k__Bacteria;p__Firmicutes;c__Bacilli;o__Erysipelotrichales;f__Erysipelotrichaceae;g__[Clostridium] innocuum group	0	0	0	0	0	0	0	0	0	0	0	0	0	0	0	0	0	0	0	0	0	0	0	0	0	0	4	0	0	0	0	6	0	0	0	0	0	0	0	0	0	0	0	0	0	0	15	0	0	0	0	0	7	0	0	0	0	0	6	0	0	0	0	0	9	0	0	0	0	0	3	0	0	0	0	0	0	0	0	0	0	0	0	0	0	0	0	0	0	0	
k__Bacteria;p__Deinococcota;c__Deinococci;o__Thermales;f__Thermaceae;g__Thermus	0	0	0	0	0	0	0	0	0	0	0	0	0	0	0	0	0	0	0	0	0	0	0	0	0	0	0	0	0	0	0	0	0	0	0	7	0	0	0	0	0	0	0	0	0	0	0	0	0	0	0	0	0	0	0	0	0	0	0	0	0	2	0	0	0	0	0	0	0	0	0	0	0	0	0	0	6	0	0	0	0	0	0	0	0	0	0	0	0	0	
k__Bacteria;p__Firmicutes;c__Bacilli;o__Mycoplasmatales;f__Mycoplasmataceae;g__Ureaplasma	0	0	0	0	0	0	0	0	0	0	0	0	0	0	0	0	0	0	0	0	0	0	0	0	0	0	0	0	0	0	0	0	0	0	0	0	0	0	0	0	0	0	0	0	0	0	37	0	0	0	0	0	0	0	0	0	0	0	0	0	0	0	0	0	3	0	0	0	0	0	16	0	0	0	0	0	0	0	0	0	0	0	0	0	0	0	0	0	0	0	
k__Bacteria;p__Bacteroidota;c__Bacteroidia;o__Chitinophagales;f__Chitinophagaceae;g__Lacibacter	0	0	0	0	0	0	0	0	0	0	0	0	0	0	0	0	0	0	0	0	0	0	0	0	0	0	0	0	0	0	0	16	0	0	0	0	0	0	0	0	0	0	0	0	0	0	0	0	0	0	0	0	0	0	0	0	0	0	0	0	0	0	0	0	0	0	0	0	0	0	0	0	0	0	0	0	0	0	0	0	0	0	0	0	0	0	0	0	0	0	
k__Bacteria;p__Patescibacteria;c__Saccharimonadia;o__Saccharimonadales;f__Saccharimonadaceae;g__Candidatus Saccharimonas	0	0	0	0	0	0	0	0	0	0	0	0	0	0	0	0	0	0	0	0	0	0	2	0	0	0	4	0	0	0	0	0	0	0	0	0	0	0	0	0	0	0	0	0	0	0	0	0	0	0	0	0	0	0	0	0	0	0	0	0	0	0	0	2	0	0	0	0	0	0	0	0	0	0	0	0	0	0	0	0	0	0	0	0	0	0	0	5	3	4	
k__Bacteria;p__Actinobacteriota;c__Actinobacteria;o__Corynebacteriales;f__Nocardiaceae;g__Rhodococcus	0	0	0	0	0	0	0	0	0	0	0	0	0	0	0	0	0	0	0	0	0	0	16	0	0	0	0	0	0	0	0	0	0	0	0	0	0	0	0	0	0	0	0	0	2	0	0	0	0	0	0	0	0	0	0	0	0	0	0	0	0	0	0	0	0	0	0	0	0	0	0	0	0	0	0	0	0	0	0	0	0	0	0	0	0	0	0	0	0	0	
k__Bacteria;p__Cyanobacteria;c__Vampirivibrionia;o__Obscuribacterales;f__Obscuribacteraceae;g__	0	0	3	0	0	0	0	0	0	0	0	0	0	0	0	0	0	0	0	0	0	0	0	0	0	0	0	0	0	0	0	4	0	0	0	0	0	0	0	0	4	0	0	0	0	0	0	0	0	0	0	0	0	0	0	0	0	0	0	0	0	0	0	0	0	0	0	0	0	0	0	0	0	0	0	0	0	0	0	0	0	0	0	0	0	0	0	0	0	0	
k__Bacteria;p__Firmicutes;c__Clostridia;o__Lachnospirales;f__Lachnospiraceae;g__Sellimonas	0	0	0	0	0	0	0	0	0	0	0	0	0	0	0	0	0	0	0	0	0	0	0	0	0	0	0	0	0	0	0	0	0	0	0	0	0	0	0	0	0	0	0	0	0	0	39	0	0	0	0	0	0	0	0	0	0	0	0	0	0	0	0	0	0	0	0	0	0	0	0	0	0	0	0	0	0	0	0	0	0	0	0	0	0	0	0	0	0	0	
k__Bacteria;p__Firmicutes;c__Clostridia;o__Lachnospirales;f__Lachnospiraceae;g__Frisingicoccus	0	0	0	0	0	0	0	0	0	0	0	0	0	0	0	0	0	0	0	0	0	0	4	0	0	0	0	0	0	0	0	0	0	0	0	0	0	0	0	0	0	0	0	0	0	0	0	0	0	0	0	0	0	0	0	0	0	0	0	0	0	0	0	0	0	0	0	0	0	0	0	0	0	0	0	0	0	0	0	0	0	0	0	0	0	0	0	0	0	0	
k__Bacteria;p__Acidobacteriota;c__Acidobacteriae;o__Paludibaculum;f__;g__	0	0	0	0	3	0	0	0	0	0	0	0	0	0	2	0	0	0	0	0	0	0	0	0	0	0	0	0	0	0	0	4	0	0	0	0	0	4	0	0	0	0	0	0	0	0	0	0	0	0	0	0	0	0	0	0	0	0	0	0	0	0	0	0	0	0	0	0	0	0	0	0	0	0	0	0	0	0	0	0	0	0	0	0	0	0	0	0	0	0	
k__Bacteria;p__Bacteroidota;c__Bacteroidia;o__Bacteroidales;f__Marinifilaceae;g__Butyricimonas	0	0	0	2	21	0	0	0	0	0	0	0	0	0	0	0	0	0	0	0	0	0	0	0	0	0	0	0	0	0	0	0	0	0	3	3	0	0	0	0	0	0	0	0	0	0	7	0	0	0	0	0	0	0	0	0	0	0	0	0	0	0	0	0	0	0	0	0	0	0	0	0	0	0	0	0	0	0	0	0	0	0	0	0	0	0	0	0	0	0	
k__Bacteria;p__Proteobacteria;c__Alphaproteobacteria;o__Sphingomonadales;f__Sphingomonadaceae;g__Sphingomonas	0	0	0	0	0	7	0	0	0	0	0	0	0	0	3	0	0	0	0	0	0	0	11	0	0	0	0	0	0	0	0	0	0	0	0	0	0	0	0	0	0	0	0	0	0	0	5	0	0	0	0	0	0	0	0	0	0	0	0	0	0	0	0	0	0	0	0	0	0	0	0	0	0	0	0	0	0	0	0	0	0	0	0	0	0	0	0	0	0	0	
k__Bacteria;p__Proteobacteria;c__;o__;f__;g__	0	0	0	0	0	0	0	0	0	0	0	0	0	0	0	0	0	0	0	0	0	0	0	0	0	0	0	0	0	0	0	0	0	0	0	0	0	0	0	0	0	0	0	0	0	0	32	0	0	0	0	0	0	0	0	0	0	0	0	0	0	0	0	0	0	0	0	0	0	0	15	0	0	0	0	0	0	0	0	0	0	0	0	0	0	0	0	0	0	0	
k__Bacteria;p__Bacteroidota;c__Bacteroidia;o__Bacteroidales;f__Prevotellaceae;g__Alloprevotella	0	0	0	0	0	0	0	6	0	0	0	0	0	0	0	0	0	0	0	0	0	0	0	0	0	0	0	0	0	0	0	0	0	0	0	0	0	4	0	0	0	0	0	0	0	0	30	0	0	0	0	0	7	0	0	0	0	0	2	0	0	0	0	0	0	0	0	0	0	0	0	0	0	0	8	0	0	0	0	0	0	0	0	0	0	0	0	0	3	0	
k__Bacteria;p__Firmicutes;c__Clostridia;o__Lachnospirales;f__Lachnospiraceae;g__Shuttleworthia	0	0	0	0	0	0	0	0	0	0	0	0	0	0	0	0	0	0	0	0	0	0	0	0	0	0	0	0	0	0	0	0	0	0	0	0	0	0	0	0	0	0	0	0	0	0	20	0	0	0	0	0	10	0	0	0	0	0	0	0	0	0	0	0	0	0	0	0	0	0	0	0	0	0	0	0	0	0	0	0	0	0	0	0	0	0	0	0	0	0	
k__Bacteria;p__Firmicutes;c__Clostridia;o__Oscillospirales;f__;g__	0	0	0	0	13	0	0	0	0	0	0	0	0	0	0	0	0	0	0	0	0	0	0	0	0	0	0	0	0	0	0	0	0	0	0	0	0	0	0	0	0	0	0	0	0	0	16	0	0	0	0	0	0	0	0	0	0	0	0	0	0	0	0	0	0	0	0	0	0	0	0	0	0	0	0	0	0	0	0	0	0	0	0	0	0	0	0	0	0	0	
k__Bacteria;p__Actinobacteriota;c__Coriobacteriia;o__Coriobacteriales;f__Atopobiaceae;g__Atopobium	0	0	0	0	0	0	0	0	0	0	0	0	0	0	0	0	0	0	0	0	0	0	0	0	0	0	0	0	0	0	0	0	0	0	0	0	0	0	0	0	0	0	0	0	0	0	15	0	0	0	0	0	0	0	0	0	0	0	0	0	0	0	0	0	0	0	0	0	0	0	0	0	0	0	0	0	0	0	0	0	0	0	0	0	0	0	0	0	0	0	
k__Bacteria;p__Proteobacteria;c__Gammaproteobacteria;o__Burkholderiales;f__Neisseriaceae;g__Kingella	0	0	0	0	0	0	0	0	0	0	0	0	0	0	0	0	0	0	0	0	0	0	0	0	0	0	0	0	0	0	0	0	0	0	0	5	0	0	0	0	7	0	0	0	0	0	0	0	0	0	0	0	0	0	0	0	0	0	0	0	0	0	0	0	0	0	0	0	0	0	0	0	0	0	12	0	35	0	0	0	0	0	0	0	0	0	0	0	0	5	
k__Bacteria;p__Firmicutes;c__Clostridia;o__Oscillospirales;f__Ruminococcaceae;g__DTU089	0	0	0	0	0	0	0	0	0	0	0	0	0	0	0	0	0	0	0	0	0	0	0	0	0	0	0	0	0	0	0	0	0	0	0	0	0	0	0	0	0	0	0	0	0	0	9	0	0	0	0	0	0	0	0	0	0	0	0	0	0	0	0	0	0	0	0	0	0	0	9	0	0	0	0	0	0	0	0	0	0	0	0	0	0	0	0	0	0	0	
k__Bacteria;p__Firmicutes;c__Clostridia;o__Lachnospirales;f__Lachnospiraceae;g__Lachnoanaerobaculum	0	0	0	0	19	0	0	0	0	0	0	0	0	0	0	0	0	0	0	0	0	0	0	0	0	0	0	0	0	0	0	0	0	0	0	0	0	0	0	0	0	0	0	0	0	0	6	0	0	0	0	0	0	0	0	0	0	0	0	0	0	0	0	0	0	0	0	0	0	0	0	3	0	0	0	0	0	0	0	0	0	0	0	0	0	0	0	0	0	0	
k__Bacteria;p__Actinobacteriota;c__Acidimicrobiia;o__Microtrichales;f__;g__	0	0	0	0	0	0	0	0	0	0	0	0	0	0	0	0	0	0	0	0	0	0	0	0	0	0	0	0	0	0	0	0	0	0	0	0	0	0	0	0	0	0	0	0	0	0	0	0	0	0	0	0	0	0	0	0	0	0	0	0	0	0	0	0	0	0	0	0	0	0	0	0	0	0	0	0	24	0	0	0	0	0	0	0	0	0	0	0	0	0	
k__Bacteria;p__Firmicutes;c__Bacilli;o__Lactobacillales;f__Aerococcaceae;g__Abiotrophia	0	0	0	0	0	0	0	0	0	0	0	0	0	0	0	0	0	0	0	0	0	0	0	0	0	0	0	0	0	0	0	0	0	0	0	0	0	0	0	0	0	0	0	0	0	0	0	0	0	0	0	0	0	0	0	0	0	0	0	0	0	0	0	0	0	0	0	0	0	0	0	0	0	0	0	0	7	0	0	0	0	0	0	0	0	0	0	0	3	0	
k__Bacteria;p__Firmicutes;c__Clostridia;o__Oscillospirales;f__Ruminococcaceae;g__Candidatus Soleaferrea	0	0	0	0	0	0	0	0	0	0	0	0	0	0	5	0	0	0	0	0	0	0	0	0	0	0	0	0	0	0	0	0	0	0	0	0	0	0	0	0	0	0	0	0	0	0	16	0	0	0	0	0	0	0	0	0	0	0	0	0	0	0	0	0	0	0	0	0	0	0	0	0	0	0	0	0	0	0	0	0	0	0	0	0	0	0	0	0	0	0	
k__Bacteria;p__Proteobacteria;c__Alphaproteobacteria;o__Rhizobiales;f__Hyphomicrobiaceae;g__Hyphomicrobium	0	0	0	0	0	0	0	0	0	0	0	0	0	0	0	0	0	0	0	0	0	0	0	0	0	0	0	0	0	0	0	6	0	0	0	0	0	0	0	0	0	0	0	0	0	0	0	0	0	0	0	0	0	0	0	0	0	0	0	0	0	0	0	0	0	0	0	0	0	0	0	0	0	0	0	0	0	0	0	0	0	0	0	0	0	0	0	0	0	0	
k__Bacteria;p__Actinobacteriota;c__Actinobacteria;o__Actinomycetales;f__Actinomycetaceae;g__F0332	0	0	0	0	0	0	0	0	0	0	0	0	0	0	0	0	0	0	0	0	0	0	0	0	0	0	0	3	0	0	0	8	0	0	0	0	0	0	0	0	0	0	0	0	0	0	3	9	0	0	0	0	0	0	0	3	0	0	0	0	0	0	0	0	0	0	0	0	0	0	0	0	0	0	0	0	0	0	0	0	0	0	0	0	0	0	0	0	0	0	
k__Bacteria;p__Proteobacteria;c__Gammaproteobacteria;o__Xanthomonadales;f__Xanthomonadaceae;g__Lysobacter	0	0	0	0	0	0	0	0	0	0	0	0	0	0	0	0	0	0	0	0	0	0	0	0	0	0	0	0	0	0	0	0	3	0	0	0	0	0	0	0	0	0	0	0	0	0	0	0	0	0	0	0	0	0	0	0	0	0	0	0	0	0	0	0	0	0	0	0	0	0	0	0	0	0	0	0	2	0	0	0	0	0	0	0	0	0	0	0	0	0	
k__Bacteria;p__Firmicutes;c__Clostridia;o__Lachnospirales;f__Lachnospiraceae;g__Lachnospiraceae UCG-009	0	0	0	0	0	0	0	0	0	0	0	0	0	0	0	0	0	0	0	0	0	0	0	0	0	0	0	0	0	0	0	0	0	0	0	0	0	0	0	0	0	0	0	0	0	0	21	0	0	0	0	0	0	0	0	0	0	0	0	0	0	0	0	0	0	0	0	0	0	0	0	0	0	0	0	0	0	0	0	0	0	0	0	0	0	0	0	0	0	0	
k__Bacteria;p__Firmicutes;c__Bacilli;o__Erysipelotrichales;f__Erysipelotrichaceae;g__Faecalicoccus	0	0	0	0	0	0	0	0	0	0	0	0	0	0	0	0	0	0	0	0	0	0	0	0	0	0	0	0	0	0	0	0	0	0	0	0	0	0	0	0	0	0	0	0	0	0	6	0	0	0	0	0	0	0	0	0	0	0	0	0	0	0	0	0	0	0	0	0	0	0	3	0	0	0	0	0	0	0	0	0	0	0	0	0	0	0	0	0	0	0	
k__Bacteria;p__Firmicutes;c__Bacilli;o__Erysipelotrichales;f__Erysipelatoclostridiaceae;g__Coprobacillus	0	0	0	0	0	0	0	0	0	0	0	0	0	0	0	0	0	0	0	0	0	0	0	0	0	0	0	0	0	0	0	0	0	0	0	0	0	0	0	0	0	0	0	0	0	0	11	0	0	0	0	0	0	0	0	0	0	0	0	0	0	0	0	0	0	0	0	0	0	0	0	0	0	0	0	0	0	0	0	0	0	0	0	0	0	0	0	0	0	0	
k__Bacteria;p__Campylobacterota;c__Campylobacteria;o__Campylobacterales;f__Campylobacteraceae;g__Campylobacter	0	0	0	0	0	7	0	0	0	0	0	0	0	0	0	0	0	0	0	0	0	0	0	0	0	0	0	0	0	0	0	0	0	0	0	0	0	0	0	0	0	0	0	0	2	0	0	0	0	2	0	0	0	0	0	0	0	0	0	0	0	0	0	0	0	0	0	0	0	0	0	0	0	0	8	0	0	0	0	0	0	0	0	0	0	0	0	0	0	0	
k__Bacteria;p__Bacteroidota;c__Bacteroidia;o__Sphingobacteriales;f__KD3-93;g__	0	0	0	0	0	0	0	0	0	0	0	0	0	0	0	0	0	0	0	0	0	0	0	0	0	0	0	0	0	0	0	6	0	0	0	0	0	0	0	0	7	0	0	0	0	0	0	0	0	0	0	0	0	0	0	0	0	0	0	0	0	0	0	0	0	0	0	0	0	0	0	0	0	0	0	0	0	0	0	0	0	0	0	0	0	0	0	0	0	0	
k__Bacteria;p__Firmicutes;c__Bacilli;o__Erysipelotrichales;f__Erysipelotrichaceae;g__Holdemanella	0	0	0	0	0	0	0	0	0	0	0	0	0	0	0	0	0	0	0	0	0	0	0	0	0	0	0	0	0	0	0	0	0	0	0	0	0	0	0	0	0	0	0	0	0	0	18	0	0	0	0	0	0	0	0	0	0	0	5	0	0	0	0	0	0	0	0	0	0	0	0	0	0	0	0	0	0	0	0	0	0	0	0	0	0	0	0	0	0	0	
k__Bacteria;p__Firmicutes;c__Negativicutes;o__Veillonellales-Selenomonadales;f__Veillonellaceae;g__Megasphaera	0	0	0	0	0	0	0	0	0	0	0	0	0	0	0	0	0	0	0	0	0	0	0	0	0	0	0	0	0	0	0	0	0	0	0	0	0	0	0	3	0	0	0	0	0	0	8	0	0	0	0	0	0	0	0	0	0	0	4	0	0	0	0	0	13	0	0	0	0	0	10	0	0	0	0	0	0	0	0	0	0	0	0	0	0	0	0	0	0	0	
k__Bacteria;p__Actinobacteriota;c__Coriobacteriia;o__Coriobacteriales;f__Eggerthellaceae;g__Eggerthella	0	0	0	0	0	0	0	0	0	0	0	0	0	0	0	0	0	0	0	0	0	0	0	0	0	0	0	0	0	0	0	0	0	0	0	0	0	0	0	0	0	0	0	0	0	0	14	0	0	0	0	0	0	0	0	0	0	0	0	0	0	0	0	0	0	0	0	0	0	0	3	0	0	0	0	0	0	0	0	0	0	0	0	0	0	0	0	0	0	0	
k__Bacteria;p__Firmicutes;c__Bacilli;o__Alicyclobacillales;f__Alicyclobacillaceae;g__Effusibacillus	2	0	4	0	0	3	0	0	0	2	0	0	0	0	8	0	0	0	0	0	0	0	0	0	0	0	0	0	0	0	0	0	0	0	0	0	0	0	0	0	16	0	0	0	0	0	0	4	0	0	0	0	0	0	0	0	0	0	0	0	0	0	0	0	0	0	0	0	0	0	0	0	0	2	0	0	0	0	0	0	0	0	0	0	0	0	0	0	0	0	
k__Bacteria;p__Firmicutes;c__Negativicutes;o__Veillonellales-Selenomonadales;f__Selenomonadaceae;g__Selenomonas	0	0	0	0	10	0	0	0	0	0	0	0	0	5	0	0	0	0	0	0	0	0	0	0	0	0	0	0	0	0	0	0	0	0	0	0	0	0	0	0	0	2	0	0	0	0	0	0	0	0	0	0	0	0	0	0	0	0	0	0	0	0	0	0	0	0	0	0	0	0	0	0	0	0	0	0	0	0	0	0	0	0	0	0	0	0	0	0	0	0	
k__Bacteria;p__Firmicutes;c__Bacilli;o__Thermoactinomycetales;f__Thermoactinomycetaceae;g__Novibacillus	0	0	0	0	0	0	0	0	0	0	0	0	0	0	0	0	0	0	0	0	0	0	15	0	0	0	0	0	0	0	0	0	0	0	0	0	0	0	0	0	0	0	0	0	0	0	0	0	0	0	0	0	0	0	0	0	0	0	0	0	0	0	0	0	0	0	0	0	0	0	0	0	0	0	0	0	0	0	0	0	0	0	0	0	0	0	0	0	0	0	
k__Bacteria;p__Bacteroidota;c__Bacteroidia;o__Cytophagales;f__Hymenobacteraceae;g__Hymenobacter	0	0	0	0	0	0	0	0	0	0	0	0	0	0	0	0	0	0	0	0	0	0	0	0	0	0	0	0	0	0	0	0	0	0	0	0	0	0	0	0	0	0	0	0	0	0	15	0	0	0	0	0	0	0	0	0	0	0	0	0	0	0	0	0	0	0	0	0	0	0	0	0	0	0	0	0	0	0	0	0	0	0	0	0	0	0	0	0	0	0	
k__Bacteria;p__Firmicutes;c__Bacilli;o__Erysipelotrichales;f__Erysipelotrichaceae;g__Dubosiella	0	0	0	0	0	0	0	0	0	0	0	0	0	0	0	0	0	0	0	0	0	0	0	0	0	0	0	0	0	0	0	0	0	0	0	0	0	0	0	0	0	0	0	0	0	0	15	0	0	0	0	0	0	0	0	0	0	0	0	0	0	0	0	0	0	0	0	0	0	0	0	0	0	0	0	0	0	0	0	0	0	0	0	0	0	0	0	0	0	0	
k__Bacteria;p__Proteobacteria;c__Gammaproteobacteria;o__Enterobacterales;f__;g__	0	0	0	0	0	0	0	0	0	0	0	0	0	0	0	0	0	0	0	0	0	0	0	0	0	0	0	0	0	0	0	0	0	0	0	0	0	0	0	0	0	0	0	0	0	0	0	0	0	0	0	0	0	0	0	0	0	0	0	0	0	0	0	0	0	0	0	0	0	0	14	0	0	0	0	0	0	0	0	0	0	0	0	0	0	0	0	0	0	0	
k__Archaea;p__Halobacterota;c__Halobacteria;o__Halobacterales;f__Haloferacaceae;g__Halorubrum	0	0	0	0	8	0	0	0	0	0	0	0	0	0	0	0	0	0	0	0	0	0	0	0	0	0	0	0	0	0	0	0	0	0	0	0	0	0	0	0	0	0	0	0	0	0	0	0	0	0	0	0	0	0	0	0	0	0	0	0	0	0	0	0	0	0	0	0	0	0	0	0	0	0	0	0	0	0	0	0	0	0	0	0	0	0	0	0	0	0	
k__Bacteria;p__Firmicutes;c__Clostridia;o__Lachnospirales;f__Lachnospiraceae;g__[Eubacterium] fissicatena group	0	0	0	0	0	0	0	0	0	0	0	0	0	0	0	0	0	0	0	0	0	0	0	0	0	0	0	0	0	0	0	0	0	0	0	0	0	0	0	0	0	0	0	0	0	0	13	0	0	0	0	0	0	0	0	0	0	0	0	0	0	0	0	0	0	0	0	0	0	0	0	0	0	0	0	0	0	0	0	0	0	0	0	0	0	0	0	0	0	0	
k__Bacteria;p__Actinobacteriota;c__Coriobacteriia;o__Coriobacteriales;f__Eggerthellaceae;g__Senegalimassilia	0	0	0	0	0	0	0	0	0	0	0	0	0	0	0	0	0	0	0	0	0	0	0	0	0	0	0	0	0	0	0	0	0	0	0	0	0	0	0	0	0	0	0	0	0	0	13	0	0	0	0	0	0	0	0	0	0	0	0	0	0	0	0	0	0	0	0	0	0	0	0	0	0	0	0	0	0	0	0	0	0	0	0	0	0	0	0	0	0	0	
k__Bacteria;p__Proteobacteria;c__Alphaproteobacteria;o__Rhizobiales;f__Beijerinckiaceae;g__Methylocella	0	0	0	0	0	0	0	0	0	0	0	0	0	0	0	0	0	0	0	0	0	0	5	0	0	0	0	0	0	0	0	0	0	0	0	0	0	0	0	0	0	0	0	0	0	0	0	0	0	0	0	0	0	0	0	0	0	0	0	0	0	0	0	0	0	0	0	0	0	0	0	0	0	0	0	0	0	0	0	0	0	0	0	0	0	0	0	0	0	0	
k__Bacteria;p__Proteobacteria;c__Gammaproteobacteria;o__Enterobacterales;f__Pectobacteriaceae;g__Pectobacterium	0	0	0	0	0	0	0	0	0	0	0	0	0	0	0	0	0	0	0	0	0	0	0	0	0	0	0	0	0	0	0	0	0	0	0	0	0	0	0	0	0	0	0	0	0	0	0	0	0	0	0	0	0	0	0	0	0	0	0	0	0	0	0	0	0	0	0	0	0	0	0	0	0	0	0	0	12	0	0	0	0	0	0	0	0	0	0	0	0	0	
k__Bacteria;p__Firmicutes;c__Clostridia;o__Lachnospirales;f__Lachnospiraceae;g__Stomatobaculum	0	0	0	0	0	0	0	0	0	0	0	0	0	0	0	0	0	0	0	0	0	0	0	0	0	0	0	0	0	0	0	0	0	0	0	0	0	0	0	0	0	0	0	0	0	0	0	0	0	0	0	0	0	0	0	0	0	0	0	0	0	0	0	0	0	0	0	0	0	0	0	0	0	0	7	0	0	0	0	0	0	0	0	0	0	0	0	0	0	0	
k__Bacteria;p__Firmicutes;c__Clostridia;o__Lachnospirales;f__Lachnospiraceae;g__Butyrivibrio	0	0	0	0	0	0	0	0	0	0	0	0	0	0	0	0	0	0	0	0	0	0	0	0	0	0	0	0	0	0	0	0	0	0	0	0	0	0	0	0	0	0	0	0	0	0	10	0	0	0	0	0	0	0	0	0	0	0	0	0	0	0	0	0	0	0	0	0	0	0	0	0	0	0	0	0	0	0	0	0	0	0	0	0	0	0	0	0	0	0	
k__Bacteria;p__Firmicutes;c__Clostridia;o__Lachnospirales;f__Lachnospiraceae;g__[Eubacterium] oxidoreducens group	0	0	0	0	0	0	0	0	0	0	0	0	0	0	0	0	0	0	0	0	0	0	0	0	0	0	0	0	0	0	0	0	0	0	0	0	0	0	0	0	0	0	0	0	0	0	22	0	0	0	0	0	0	0	0	0	0	0	0	0	0	0	0	0	0	0	0	0	0	0	10	0	0	0	0	0	0	0	0	0	0	0	0	0	0	0	0	0	0	0	
k__Bacteria;p__Firmicutes;c__Clostridia;o__Lachnospirales;f__Lachnospiraceae;g__Lachnospiraceae UCG-008	0	0	0	9	0	0	0	0	0	0	0	0	0	0	0	0	0	0	0	0	0	0	6	0	0	0	0	0	0	0	0	0	0	0	0	0	0	0	0	0	0	0	0	0	0	0	17	0	0	0	0	0	0	0	0	0	0	0	0	0	0	0	0	0	0	0	0	0	0	0	0	0	0	0	0	0	0	0	0	0	0	0	0	0	0	0	0	0	0	0	
k__Bacteria;p__Proteobacteria;c__Gammaproteobacteria;o__Enterobacterales;f__Enterobacteriaceae;g__	0	0	0	0	0	0	0	0	0	0	0	0	0	0	0	0	0	0	0	0	0	0	0	0	0	0	0	0	0	0	0	0	0	0	0	0	0	0	0	0	0	0	0	0	0	0	10	0	0	0	0	0	0	0	0	0	0	0	0	0	0	0	0	0	0	0	0	0	0	0	0	0	0	0	0	0	0	0	0	0	0	0	0	0	0	0	0	0	0	0	
k__Bacteria;p__Actinobacteriota;c__Coriobacteriia;o__Coriobacteriales;f__Eggerthellaceae;g__Gordonibacter	0	0	0	0	9	0	0	0	0	0	0	0	0	0	0	0	0	0	0	0	0	0	0	0	0	0	0	0	0	0	0	0	0	0	0	0	0	0	0	0	0	0	0	0	0	0	0	0	0	0	0	0	0	0	0	0	0	0	0	0	0	0	0	0	0	0	0	0	0	0	0	0	0	0	0	0	0	0	0	0	0	0	0	0	0	0	0	0	0	0	
k__Bacteria;p__Firmicutes;c__;o__;f__;g__	0	0	0	0	0	0	0	0	0	0	0	0	0	0	0	0	0	0	0	0	0	0	0	0	0	0	0	0	0	0	0	0	0	0	0	0	0	0	0	0	0	0	0	0	0	0	17	0	0	0	0	0	0	0	0	0	0	0	0	0	0	0	0	0	8	2	0	0	0	0	0	0	0	3	0	0	0	0	0	0	0	0	0	0	0	0	0	0	0	0	
k__Bacteria;p__Actinobacteriota;c__Actinobacteria;o__Micrococcales;f__Micrococcaceae;g__	0	0	0	0	0	0	0	0	0	0	0	0	0	0	0	0	0	0	0	0	0	0	0	0	0	0	0	0	0	0	0	0	0	0	0	3	0	0	0	0	0	0	0	0	0	0	0	0	0	0	0	0	0	0	0	0	0	0	0	0	0	0	0	0	0	0	0	0	0	0	0	0	0	0	0	0	6	0	0	0	0	0	0	0	0	0	0	0	0	0	
k__Bacteria;p__Patescibacteria;c__Gracilibacteria;o__Absconditabacteriales (SR1);f__;g__	0	0	0	0	8	0	0	0	0	0	0	0	0	0	0	0	0	0	0	0	0	0	0	0	0	0	0	0	0	0	0	0	0	0	0	0	0	0	0	0	0	0	0	0	0	0	0	0	0	0	0	0	0	0	0	0	0	0	0	0	0	0	0	0	0	0	0	0	0	0	0	0	0	0	0	0	0	0	0	0	0	0	0	0	0	0	0	0	0	0	
k__Bacteria;p__Proteobacteria;c__Alphaproteobacteria;o__Azospirillales;f__Azospirillaceae;g__Skermanella	0	0	0	0	0	0	0	0	0	0	0	0	0	0	0	0	0	0	0	0	0	0	0	0	0	0	8	0	0	0	0	0	0	0	0	0	0	0	0	0	0	0	0	0	0	0	0	0	0	0	0	0	0	0	0	0	0	0	0	0	0	0	0	0	0	0	0	0	0	0	0	0	0	0	0	0	0	0	0	0	0	0	0	0	0	0	0	0	0	0	
k__Bacteria;p__Actinobacteriota;c__Actinobacteria;o__Micrococcales;f__Micrococcaceae;g__Arthrobacter	0	0	0	0	0	0	0	0	0	0	0	0	0	0	0	0	0	0	0	0	0	0	0	0	0	0	0	0	0	0	0	0	0	0	0	0	0	0	0	0	0	0	0	0	0	0	8	0	0	0	0	0	0	0	0	0	0	0	0	0	0	0	0	0	0	0	0	0	0	0	0	0	0	0	0	0	0	0	0	0	0	0	0	0	0	0	0	0	0	0	
k__Bacteria;p__Proteobacteria;c__Gammaproteobacteria;o__Gammaproteobacteria Incertae Sedis;f__Unknown Family;g__Acidibacter	0	0	0	0	0	0	0	0	0	0	0	0	0	0	0	0	0	0	0	0	0	0	0	0	0	0	0	0	0	0	0	0	0	0	0	0	0	0	0	0	0	0	0	0	0	0	8	0	0	0	0	0	0	0	0	0	0	0	0	0	0	0	0	0	0	0	0	0	0	0	0	0	0	0	0	0	0	0	0	0	0	0	0	0	0	0	0	0	0	0	
k__Bacteria;p__Proteobacteria;c__Gammaproteobacteria;o__Xanthomonadales;f__Xanthomonadaceae;g__Stenotrophomonas	0	0	0	0	0	0	0	0	0	0	0	0	0	0	0	0	0	0	0	0	0	0	0	0	0	0	0	0	0	0	0	0	0	0	0	0	0	0	0	0	0	0	0	4	0	0	5	8	0	0	0	0	0	0	0	0	0	0	0	0	0	0	0	0	0	0	0	0	0	0	0	0	0	0	0	0	0	0	0	0	0	0	0	0	0	0	0	0	0	0	
k__Bacteria;p__Armatimonadota;c__;o__;f__;g__	0	0	0	0	0	0	0	0	0	0	0	0	0	0	0	0	0	0	0	0	0	0	0	0	0	0	0	0	0	0	0	0	0	0	0	0	0	0	0	0	0	0	0	0	0	0	0	0	0	0	0	0	0	0	0	0	0	0	0	0	0	0	0	0	0	0	0	0	0	0	0	0	0	0	0	0	8	0	0	0	0	0	0	0	0	0	0	0	0	0	
k__Bacteria;p__Firmicutes;c__Negativicutes;o__Veillonellales-Selenomonadales;f__Selenomonadaceae;g__	0	0	0	0	0	0	0	0	0	0	0	0	0	0	0	0	0	0	0	0	0	0	0	0	0	0	0	0	0	0	0	0	0	0	0	0	0	0	0	0	0	0	0	0	0	0	0	0	0	0	0	0	0	0	0	0	0	0	0	0	0	0	0	0	0	0	0	0	0	0	0	0	0	0	0	0	8	0	0	0	0	0	0	0	0	0	0	0	0	0	
k__Bacteria;p__Proteobacteria;c__Gammaproteobacteria;o__Enterobacterales;f__Pasteurellaceae;g__Conservatibacter	0	0	0	0	0	0	0	0	0	0	0	0	0	0	0	0	0	0	0	0	0	0	7	0	0	0	0	0	0	0	0	0	0	0	0	0	2	0	0	0	0	0	0	0	0	0	0	0	0	0	0	0	0	0	0	0	0	0	0	0	0	0	0	0	0	0	0	0	0	0	0	0	0	0	0	0	0	0	0	0	0	0	0	0	0	0	0	0	0	0	
k__Bacteria;p__Actinobacteriota;c__Actinobacteria;o__Corynebacteriales;f__Corynebacteriaceae;g__	0	0	0	0	0	0	0	0	0	0	0	0	0	0	0	0	0	0	0	0	0	0	0	0	0	0	0	0	0	0	0	0	0	0	0	0	0	0	0	0	0	0	7	0	0	0	0	0	0	0	0	0	0	0	0	0	0	0	0	0	0	0	0	0	0	0	0	0	0	0	0	0	0	0	0	0	0	0	0	0	0	0	0	0	0	0	0	0	0	0	
k__Archaea;p__Halobacterota;c__Halobacteria;o__Halobacterales;f__Haloferacaceae;g__Halonotius	0	0	0	0	0	0	0	0	0	0	0	0	0	0	0	0	0	0	0	0	0	0	0	0	0	0	0	0	0	0	0	0	0	0	0	0	0	0	0	0	0	0	0	0	0	0	7	0	0	0	0	0	0	0	0	0	0	0	0	0	0	0	0	0	0	0	0	0	0	0	0	0	0	0	0	0	0	0	0	0	0	0	0	0	0	0	0	0	0	0	
k__Bacteria;p__;c__;o__;f__;g__	0	0	0	0	0	0	0	0	0	0	0	0	0	0	2	0	0	0	0	0	0	0	0	0	0	0	0	0	0	0	0	0	0	0	0	0	0	0	0	0	0	0	0	0	0	0	7	0	0	0	0	0	0	0	0	5	0	0	0	0	0	0	0	0	0	0	0	0	0	0	4	0	0	0	0	0	0	0	0	0	0	0	0	0	0	0	0	0	0	0	
k__Bacteria;p__Bacteroidota;c__Bacteroidia;o__Bacteroidales;f__;g__	0	0	0	0	0	0	0	0	0	0	0	0	0	0	0	0	0	0	0	0	0	0	0	0	0	0	0	0	0	0	0	0	0	0	0	0	0	0	0	0	0	0	0	0	0	0	0	0	0	0	0	0	0	0	0	0	0	0	0	0	0	0	0	0	0	0	0	0	0	0	7	0	0	0	0	0	0	0	0	0	0	0	0	0	0	0	0	0	0	0	
k__Bacteria;p__Firmicutes;c__Bacilli;o__Thermoactinomycetales;f__Thermoactinomycetaceae;g__Lihuaxuella	0	0	0	0	0	0	0	0	0	0	0	0	0	0	0	0	0	0	0	0	0	0	0	0	0	0	0	0	0	0	0	0	0	0	0	0	0	0	0	0	0	0	0	0	0	0	0	0	0	0	0	0	0	0	0	0	0	0	0	0	0	0	0	0	0	0	0	0	0	0	0	0	0	7	0	0	0	0	0	0	0	0	0	0	0	0	0	0	0	0	
k__Bacteria;p__Proteobacteria;c__Gammaproteobacteria;o__Enterobacterales;f__Pasteurellaceae;g__	0	0	0	0	0	0	0	0	0	0	0	0	0	0	0	0	0	0	0	0	0	0	0	0	0	0	0	0	0	0	0	0	0	0	0	0	0	0	0	0	0	0	0	0	0	0	0	0	0	0	0	0	0	0	0	0	0	0	0	0	0	0	0	0	0	0	0	0	0	0	0	0	0	0	7	0	0	0	0	0	0	0	0	0	0	0	0	0	0	0	
k__Bacteria;p__Proteobacteria;c__Alphaproteobacteria;o__Rhodobacterales;f__Rhodobacteraceae;g__Paracoccus	0	0	0	0	0	0	0	0	0	0	0	0	0	0	0	0	0	0	0	0	0	0	0	0	0	0	0	0	0	0	0	0	0	0	0	0	0	0	0	0	0	0	0	0	0	0	0	0	0	0	0	2	0	0	0	0	0	0	0	0	0	0	0	0	0	0	0	0	0	0	0	0	0	0	7	0	0	0	0	0	0	0	0	0	0	0	0	0	0	0	
k__Bacteria;p__Cyanobacteria;c__Cyanobacteriia;o__Leptolyngbyales;f__Leptolyngbyaceae;g__Leptolyngbya ANT.L52.2	0	0	0	0	0	0	0	0	0	0	0	0	0	0	0	0	0	0	0	0	0	0	0	0	0	0	6	0	0	0	0	0	0	0	0	0	0	0	0	0	0	0	0	0	0	0	0	0	0	0	0	0	0	0	0	0	0	0	0	0	0	0	0	0	0	0	0	0	0	0	0	0	0	0	0	0	0	0	0	0	0	0	0	0	0	0	0	0	0	0	
k__Bacteria;p__Actinobacteriota;c__Actinobacteria;o__Micrococcales;f__Brevibacteriaceae;g__Brevibacterium	0	0	0	0	0	0	0	0	0	0	0	0	0	0	0	0	0	0	0	0	0	0	0	0	0	0	0	0	0	0	0	0	0	0	0	6	0	0	0	0	0	0	0	0	0	0	0	0	0	0	0	0	0	0	0	0	0	0	0	0	0	0	0	0	0	0	0	0	0	0	0	0	0	0	0	0	0	0	0	0	0	0	0	0	0	0	0	0	0	0	
k__Bacteria;p__Proteobacteria;c__Gammaproteobacteria;o__Enterobacterales;f__Enterobacteriaceae;g__Buttiauxella	0	0	0	0	0	0	0	0	0	0	0	0	0	0	0	0	0	0	0	0	0	0	0	0	0	0	0	0	0	0	0	0	0	0	0	0	0	0	0	0	0	0	0	0	0	0	6	0	0	0	0	0	0	0	0	0	0	0	0	0	0	0	0	0	0	0	0	0	0	0	0	0	0	0	0	0	0	0	0	0	0	0	0	0	0	0	0	0	0	0	
k__Bacteria;p__Firmicutes;c__Clostridia;o__Oscillospirales;f__Ruminococcaceae;g__Phocea	0	0	0	0	0	0	0	0	0	0	0	0	0	0	0	0	0	0	0	0	0	0	0	0	0	0	0	0	0	0	0	0	0	0	0	0	0	0	0	0	0	0	0	0	0	0	6	0	0	0	0	0	0	0	0	0	0	0	0	0	0	0	0	0	0	0	0	0	0	0	0	0	0	0	0	0	0	0	0	0	0	0	0	0	0	0	0	0	0	0	
k__Bacteria;p__Firmicutes;c__Bacilli;o__Erysipelotrichales;f__Erysipelotrichaceae;g__Holdemania	0	0	0	0	0	0	0	0	0	0	0	0	0	0	0	0	0	0	0	0	0	0	0	0	0	0	0	0	0	0	0	0	0	0	0	0	0	0	0	0	0	0	0	0	0	0	6	0	0	0	0	0	0	0	0	0	0	0	0	0	0	0	0	0	0	0	0	0	0	0	0	0	0	0	0	0	0	0	0	0	0	0	0	0	0	0	0	0	0	0	
k__Bacteria;p__Bacteroidota;c__Bacteroidia;o__Bacteroidales;f__Prevotellaceae;g__Prevotellaceae UCG-003	0	0	0	0	0	0	0	0	0	0	0	0	0	0	0	0	0	0	0	0	0	0	0	0	0	0	0	0	0	0	0	0	0	0	0	0	0	0	0	0	0	0	0	0	0	0	6	0	0	0	0	0	0	0	0	0	0	0	0	0	0	0	0	0	0	0	0	0	0	0	0	0	0	0	0	0	0	0	0	0	0	0	0	0	0	0	0	0	0	0	
k__Bacteria;p__Spirochaetota;c__Spirochaetia;o__Spirochaetales;f__Spirochaetaceae;g__Treponema	0	0	0	0	5	0	0	0	0	0	0	0	0	0	0	0	0	0	0	0	0	0	0	0	0	0	0	0	0	0	0	0	0	0	0	0	0	0	0	0	0	0	0	0	0	0	0	0	0	0	0	0	0	0	0	0	0	0	0	0	0	0	0	0	0	0	0	0	0	0	0	0	0	0	0	0	0	0	0	0	0	0	0	0	0	0	0	0	0	0	
k__Bacteria;p__Proteobacteria;c__Gammaproteobacteria;o__Burkholderiales;f__;g__	0	0	0	0	0	0	0	0	0	0	0	0	5	0	0	0	0	0	0	0	0	0	0	0	0	0	0	0	0	0	0	0	0	0	0	0	0	0	0	0	0	0	0	0	0	0	5	0	0	0	0	0	0	0	0	0	0	0	0	0	0	0	0	0	0	0	0	0	0	0	0	0	0	0	0	0	0	0	0	0	0	0	0	0	0	0	0	0	0	0	
k__Archaea;p__Halobacterota;c__Halobacteria;o__Halobacterales;f__;g__	0	0	0	0	0	0	0	0	0	0	0	0	0	0	0	0	0	0	0	0	0	0	5	0	0	0	0	0	0	0	0	0	0	0	0	0	0	0	0	0	0	0	0	0	0	0	0	0	0	0	0	0	0	0	0	0	0	0	0	0	0	0	0	0	0	0	0	0	0	0	0	0	0	0	0	0	0	0	0	0	0	0	0	0	0	0	0	0	0	0	
k__Bacteria;p__Firmicutes;c__Clostridia;o__Oscillospirales;f__Oscillospiraceae;g__Pseudoflavonifractor	0	0	0	0	0	0	0	0	0	0	0	0	0	0	0	0	0	0	0	0	0	0	0	0	0	0	0	5	0	0	0	0	0	0	0	0	0	0	0	0	0	0	0	0	0	0	0	0	0	0	0	0	0	0	0	0	0	0	0	0	0	0	0	0	0	0	0	0	0	0	0	0	0	0	0	0	0	0	0	0	0	0	0	0	0	0	0	0	0	0	
k__Bacteria;p__Bacteroidota;c__Bacteroidia;o__Flavobacteriales;f__Weeksellaceae;g__Bergeyella	0	0	0	0	0	0	0	0	0	0	0	0	0	0	0	0	0	0	0	0	0	0	0	0	0	0	0	0	0	0	0	0	0	0	0	5	0	0	0	0	0	0	0	0	0	0	0	0	0	0	0	0	0	0	0	0	0	0	0	0	0	0	0	0	0	0	0	0	0	0	0	0	0	0	0	0	0	0	0	0	0	0	0	0	0	0	0	0	0	0	
k__Bacteria;p__Planctomycetota;c__Planctomycetes;o__Gemmatales;f__Gemmataceae;g__	0	0	0	0	0	0	0	0	0	0	0	0	0	0	0	0	0	0	0	0	0	0	0	0	0	0	0	0	0	0	0	0	0	0	0	0	0	0	0	0	5	0	0	0	0	0	0	0	0	0	0	0	0	0	0	0	0	0	0	0	0	0	0	0	0	0	0	0	0	0	0	0	0	0	0	0	0	0	0	0	0	0	0	0	0	0	0	0	0	0	
k__Bacteria;p__Proteobacteria;c__Gammaproteobacteria;o__Xanthomonadales;f__Xanthomonadaceae;g__Pseudoxanthomonas	0	0	0	0	0	0	0	0	0	0	0	0	0	0	0	0	0	0	0	0	0	0	0	0	0	0	0	0	0	0	0	0	0	0	0	0	0	0	0	0	0	0	5	0	0	0	0	0	0	0	0	0	0	0	0	0	0	0	0	0	0	0	0	0	0	0	0	0	0	0	0	0	0	0	0	0	0	0	0	0	0	0	0	0	0	0	0	0	0	0	
k__Bacteria;p__Firmicutes;c__Bacilli;o__Lactobacillales;f__Streptococcaceae;g__	0	0	0	0	0	0	0	0	0	0	0	0	0	0	0	0	0	0	0	0	0	0	0	0	0	0	0	0	0	0	0	0	0	0	0	0	0	0	0	0	0	0	0	0	0	0	5	0	0	0	0	0	0	0	0	0	0	0	0	0	0	0	0	0	0	0	0	0	0	0	0	0	0	0	0	0	0	0	0	0	0	0	0	0	0	0	0	0	0	0	
k__Bacteria;p__Fusobacteriota;c__Fusobacteriia;o__Fusobacteriales;f__Fusobacteriaceae;g__	0	0	0	0	0	0	0	0	0	0	0	0	0	0	0	0	0	0	0	0	0	0	0	0	0	0	0	0	0	0	0	0	0	0	0	0	0	0	0	0	0	0	0	0	0	0	0	0	0	0	0	0	0	0	0	0	0	0	0	0	0	0	0	0	5	0	0	0	0	0	0	0	0	0	0	0	0	0	0	0	0	0	0	0	0	0	0	0	0	0	
k__Bacteria;p__Firmicutes;c__Clostridia;o__Peptostreptococcales-Tissierellales;f__Peptostreptococcaceae;g__	0	0	0	0	0	0	0	0	0	0	0	0	0	0	0	0	0	0	0	0	0	0	0	0	0	0	0	0	0	0	0	0	0	0	0	0	0	0	0	0	0	0	0	0	0	0	0	0	0	0	0	0	0	0	0	0	0	0	0	0	0	0	0	0	0	0	0	0	0	0	5	0	0	0	0	0	0	0	0	0	0	0	0	0	0	0	0	0	0	0	
k__Bacteria;p__Firmicutes;c__Clostridia;o__Peptostreptococcales-Tissierellales;f__Anaerovoracaceae;g__Mogibacterium	0	0	0	0	0	0	0	0	0	0	0	0	0	0	0	0	0	0	0	0	0	0	0	0	0	0	0	0	0	0	0	0	0	0	0	0	0	0	0	0	0	0	0	0	0	0	0	0	0	0	0	0	0	0	0	0	0	0	0	0	0	0	0	0	0	0	0	0	0	0	0	0	0	5	0	0	0	0	0	0	0	0	0	0	0	0	0	0	0	0	
k__Bacteria;p__Entotheonellaeota;c__Entotheonellia;o__Entotheonellales;f__Entotheonellaceae;g__Candidatus Entotheonella	0	0	0	0	0	0	0	0	0	0	0	0	4	0	0	0	0	0	0	0	0	0	0	0	0	0	0	0	0	0	0	0	0	0	0	0	0	0	0	0	0	0	0	0	0	0	0	0	0	0	0	0	0	0	0	0	0	0	0	0	0	0	0	0	0	0	0	0	0	0	0	0	0	0	0	0	0	0	0	0	0	0	0	0	0	0	0	0	0	0	
k__Bacteria;p__Firmicutes;c__Bacilli;o__Erysipelotrichales;f__Erysipelotrichaceae;g__Faecalitalea	0	0	0	0	0	0	0	0	0	0	0	0	0	0	0	0	0	0	0	0	0	0	0	0	0	0	0	0	4	0	0	0	0	0	0	0	0	0	0	0	0	0	0	0	0	0	0	0	0	0	0	0	0	0	0	0	0	0	0	0	0	0	0	0	0	0	0	0	0	0	0	0	0	0	0	0	0	0	0	0	0	0	0	0	0	0	0	0	0	0	
k__Bacteria;p__Bdellovibrionota;c__Oligoflexia;o__0319-6G20;f__;g__	0	0	0	0	0	2	0	0	0	0	0	0	0	0	0	0	0	0	0	0	0	0	0	0	0	0	0	0	0	0	0	0	0	0	0	0	0	0	0	0	0	0	0	0	0	0	0	0	0	0	0	0	0	0	0	0	0	0	0	0	0	0	0	0	0	0	0	0	0	0	0	0	0	0	0	0	0	0	0	0	0	0	0	0	0	0	0	0	0	0	
k__Bacteria;p__Proteobacteria;c__Alphaproteobacteria;o__Rhizobiales;f__Beijerinckiaceae;g__Microvirga	0	0	0	0	0	0	0	0	0	0	0	0	0	0	0	0	0	0	0	0	0	0	0	0	0	0	0	0	0	0	0	0	0	4	0	0	0	0	0	0	0	0	0	0	0	0	0	0	0	0	0	0	0	0	0	0	0	0	0	0	0	0	0	0	0	0	0	0	0	0	0	0	0	0	0	0	0	0	0	0	0	0	0	0	0	0	0	0	0	0	
k__Bacteria;p__Firmicutes;c__Bacilli;o__Lactobacillales;f__Carnobacteriaceae;g__Carnobacterium	0	0	0	0	0	0	0	0	0	0	0	0	0	0	0	0	0	0	0	0	0	0	0	0	0	0	0	0	0	0	0	0	0	0	0	0	0	4	0	0	0	0	0	0	0	0	0	0	0	0	0	0	0	0	0	0	0	0	0	0	0	0	0	0	0	0	0	0	0	0	0	0	0	0	0	0	0	0	0	0	0	0	0	0	0	0	0	0	0	0	
k__Bacteria;p__Actinobacteriota;c__Actinobacteria;o__Micromonosporales;f__Micromonosporaceae;g__Actinoplanes	0	0	0	0	0	0	0	0	0	0	0	0	0	0	0	0	0	0	0	0	0	0	0	0	0	0	0	0	0	0	0	0	0	0	0	0	0	0	0	0	0	0	0	0	0	0	0	0	0	0	0	0	0	0	0	0	0	0	0	0	0	0	0	0	0	0	0	0	0	0	0	0	0	0	4	0	0	0	0	0	0	0	0	0	0	0	0	0	0	0	
k__Bacteria;p__Bacteroidota;c__Bacteroidia;o__Flavobacteriales;f__;g__	0	0	0	0	0	0	0	0	0	0	0	0	0	0	0	0	0	0	0	0	0	0	0	0	0	0	0	0	0	0	0	0	0	0	0	0	0	0	0	0	0	0	0	0	0	0	0	0	0	0	0	0	0	0	0	0	0	0	0	0	0	0	0	0	0	0	0	0	0	0	0	0	0	0	4	0	0	0	0	0	0	0	0	0	0	0	0	0	0	0	
k__Bacteria;p__Firmicutes;c__Symbiobacteriia;o__Symbiobacteriales;f__Caldinitratiruptor;g__	0	0	0	0	0	0	0	0	0	0	0	0	0	0	0	0	0	0	0	0	0	0	0	0	0	0	0	0	0	0	0	0	0	0	0	0	0	0	0	0	0	0	0	0	0	0	0	0	0	0	0	0	0	0	0	0	0	0	0	0	0	0	0	0	0	0	0	0	0	0	0	0	0	0	0	0	4	0	0	0	0	0	0	0	0	0	0	0	0	0	
k__Bacteria;p__Verrucomicrobiota;c__Verrucomicrobiae;o__Verrucomicrobiales;f__Verrucomicrobiaceae;g__	0	0	0	0	0	0	0	0	0	0	0	0	0	0	0	0	0	0	0	0	0	0	0	0	0	0	0	0	0	0	0	0	0	0	0	0	0	0	0	0	0	0	0	0	0	0	0	0	0	0	0	0	0	0	0	0	0	0	0	0	0	0	0	0	0	0	0	0	0	0	0	0	0	0	0	0	0	0	0	4	0	0	0	0	0	0	0	0	0	0	
k__Bacteria;p__Firmicutes;c__Limnochordia;o__Hydrogenispora;f__;g__	0	0	0	0	0	0	0	0	0	0	0	0	0	0	0	0	0	0	0	0	0	0	0	0	0	0	0	0	0	0	0	0	0	0	0	0	0	0	0	0	0	0	0	0	0	0	0	0	0	0	0	0	0	0	0	0	0	0	0	0	0	0	0	0	0	0	0	0	0	0	0	0	0	0	0	0	0	0	0	4	0	0	0	0	0	0	0	0	0	0	
k__Bacteria;p__Firmicutes;c__Bacilli;o__Paenibacillales;f__Paenibacillaceae;g__Paenibacillus	0	0	0	0	0	0	0	0	0	0	0	0	0	3	0	0	0	0	0	0	0	0	0	0	3	0	0	0	0	0	0	0	0	0	0	0	0	0	0	0	0	0	0	0	0	0	0	0	0	0	0	0	0	0	0	0	0	0	0	0	0	0	0	0	0	0	0	0	0	0	0	0	0	0	0	0	0	0	0	0	0	0	0	0	0	0	0	0	0	0	
k__Bacteria;p__Firmicutes;c__Clostridia;o__Peptostreptococcales-Tissierellales;f__Family XI;g__Tissierella	0	0	0	0	0	0	0	0	0	0	0	0	0	3	0	0	0	0	0	0	0	0	0	0	0	0	0	0	0	0	0	0	0	0	0	0	0	0	0	0	0	0	0	0	0	0	0	0	0	0	0	0	0	0	0	0	0	0	0	0	0	0	0	0	0	0	0	0	0	0	0	0	0	0	0	0	0	0	0	0	0	0	0	0	0	0	0	0	0	0	
k__Bacteria;p__Firmicutes;c__Negativicutes;o__Veillonellales-Selenomonadales;f__Selenomonadaceae;g__Mitsuokella	0	0	0	0	0	0	0	0	0	0	0	0	0	0	0	0	0	0	3	0	0	0	0	0	0	0	0	0	0	0	0	0	0	0	0	0	0	0	0	0	0	0	0	0	0	0	0	0	0	0	0	0	0	0	0	0	0	0	0	0	0	0	0	0	0	0	0	0	0	0	0	0	0	0	0	0	0	0	0	0	0	0	0	0	0	0	0	0	0	0	
k__Bacteria;p__Bacteroidota;c__Bacteroidia;o__Bacteroidales;f__Rikenellaceae;g__dgA-11 gut group	0	0	0	0	0	0	0	0	0	0	0	0	0	0	0	0	0	0	0	0	0	0	0	3	0	0	0	0	0	0	0	0	0	0	0	0	0	0	0	0	0	0	0	0	0	0	0	0	0	0	0	0	0	0	0	0	0	0	0	0	0	0	0	0	0	0	0	0	0	0	0	0	0	0	0	0	0	0	0	0	0	0	0	0	0	0	0	0	0	0	
k__Bacteria;p__Proteobacteria;c__Gammaproteobacteria;o__Pseudomonadales;f__Moraxellaceae;g__Enhydrobacter	0	0	0	0	0	0	0	0	0	0	0	0	0	0	0	0	0	0	0	0	0	0	0	0	0	0	0	0	0	0	0	0	0	3	0	0	0	0	0	0	0	0	0	0	0	0	0	0	0	0	0	0	0	0	0	0	0	0	0	0	0	0	0	0	0	0	0	0	0	0	0	0	0	0	0	0	0	0	0	0	0	0	0	0	0	0	0	0	0	0	
k__Bacteria;p__Actinobacteriota;c__Actinobacteria;o__Micrococcales;f__Cellulomonadaceae;g__Cellulomonas	0	0	0	0	0	0	0	0	0	0	0	0	0	0	0	0	0	0	0	0	0	0	0	0	0	0	0	0	0	0	0	0	0	0	0	0	0	0	0	0	0	3	0	0	0	0	0	0	0	0	0	0	0	0	0	0	0	0	0	0	0	0	0	0	0	0	0	0	0	0	0	0	0	0	0	0	0	0	0	0	0	0	0	0	0	0	0	0	0	0	
k__Bacteria;p__Acidobacteriota;c__Blastocatellia;o__Blastocatellales;f__Blastocatellaceae;g__Blastocatella	0	0	0	0	0	0	0	0	0	0	0	0	0	0	0	0	0	0	0	0	0	0	0	0	0	0	0	0	0	0	0	0	0	0	0	0	0	0	0	0	0	0	0	0	0	3	0	0	0	0	0	0	0	0	0	0	0	0	0	0	0	0	0	0	0	0	0	0	0	0	0	0	0	0	0	0	0	0	0	0	0	0	0	0	0	0	0	0	0	0	
k__Bacteria;p__Firmicutes;c__Clostridia;o__Lachnospirales;f__Lachnospiraceae;g__Howardella	0	0	0	0	0	0	0	0	0	0	0	0	0	0	0	0	0	0	0	0	0	0	0	0	0	0	0	0	0	0	0	0	0	0	0	0	0	0	0	0	0	0	0	0	0	0	0	0	0	0	0	0	0	0	0	0	0	0	0	0	0	0	0	0	3	0	0	0	0	0	0	0	0	0	0	0	0	0	0	0	0	0	0	0	0	0	0	0	0	0	
k__Bacteria;p__Firmicutes;c__Clostridia;o__Oscillospirales;f__UCG-011;g__	0	0	0	0	0	0	0	0	0	0	0	0	0	0	0	0	0	0	0	0	0	0	0	0	0	0	0	0	0	0	0	0	0	0	0	0	0	0	0	0	0	0	0	0	0	0	0	0	0	0	0	0	0	0	0	0	0	0	0	0	0	0	0	0	0	0	0	0	0	0	3	0	0	0	0	0	0	0	0	0	0	0	0	0	0	0	0	0	0	0	
k__Bacteria;p__Acidobacteriota;c__Acidobacteriae;o__Bryobacterales;f__Bryobacteraceae;g__Bryobacter	0	0	0	0	0	0	0	0	0	0	0	0	0	0	0	0	0	0	0	0	0	0	0	0	0	0	0	0	0	0	0	0	0	0	0	0	0	0	0	0	0	0	0	0	0	0	0	0	0	0	0	0	0	0	0	0	0	0	0	0	0	0	0	0	0	0	0	0	0	0	0	0	0	3	0	0	0	0	0	0	0	0	0	0	0	0	0	0	0	0	
k__Bacteria;p__Proteobacteria;c__Alphaproteobacteria;o__Acetobacterales;f__Acetobacteraceae;g__Roseomonas	0	0	0	0	0	0	0	0	0	0	0	0	2	0	0	0	0	0	0	0	0	0	0	0	0	0	0	0	0	0	0	0	0	0	0	0	0	0	0	0	0	0	0	0	0	0	0	0	0	0	0	0	0	0	0	0	0	0	0	0	0	0	0	0	0	0	0	0	0	0	0	0	0	0	0	0	0	0	0	0	0	0	0	0	0	0	0	0	0	0	
k__Bacteria;p__Actinobacteriota;c__Actinobacteria;o__Frankiales;f__Geodermatophilaceae;g__Geodermatophilus	0	0	0	0	0	0	0	0	0	0	0	0	2	0	0	0	0	0	0	0	0	0	0	0	0	0	0	0	0	0	0	0	0	0	0	0	0	0	0	0	0	0	0	0	0	0	0	0	0	0	0	0	0	0	0	0	0	0	0	0	0	0	0	0	0	0	0	0	0	0	0	0	0	0	0	0	0	0	0	0	0	0	0	0	0	0	0	0	0	0	
k__Bacteria;p__Synergistota;c__Synergistia;o__Synergistales;f__Synergistaceae;g__Fretibacterium	0	0	0	0	0	0	0	0	0	0	0	0	0	0	0	2	0	0	0	0	0	0	0	0	0	0	0	0	0	0	0	0	0	0	0	0	0	0	0	0	0	0	0	0	0	0	0	0	0	0	0	0	0	0	0	0	0	0	0	0	0	0	0	0	0	0	0	0	0	0	0	0	0	0	0	0	0	0	0	0	0	0	0	0	0	0	0	0	0	0	
k__Bacteria;p__Dependentiae;c__Babeliae;o__Babeliales;f__Babeliaceae;g__	0	0	0	0	0	0	0	0	0	0	0	0	0	0	0	0	0	0	0	0	0	0	0	0	0	0	0	2	0	0	0	0	0	0	0	0	0	0	0	0	0	0	0	0	0	0	0	0	0	0	0	0	0	0	0	0	0	0	0	0	0	0	0	0	0	0	0	0	0	0	0	0	0	0	0	0	0	0	0	0	0	0	0	0	0	0	0	0	0	0	
k__Bacteria;p__Bacteroidota;c__Bacteroidia;o__Sphingobacteriales;f__Sphingobacteriaceae;g__Sphingobacterium	0	0	0	0	0	0	0	0	0	0	0	0	0	0	0	0	0	0	0	0	0	0	0	0	0	0	0	0	0	0	0	0	0	0	0	0	0	0	0	0	0	0	0	0	0	0	0	2	0	0	0	0	0	0	0	0	0	0	0	0	0	0	0	0	0	0	0	0	0	0	0	0	0	0	0	0	0	0	0	0	0	0	0	0	0	0	0	0	0	0	
k__Bacteria;p__Firmicutes;c__Clostridia;o__Lachnospirales;f__Lachnospiraceae;g__Catonella	0	0	0	0	0	0	0	0	0	0	0	0	0	0	0	0	0	0	0	0	0	0	0	0	0	0	0	0	0	0	0	0	0	0	0	0	0	0	0	0	0	0	0	0	0	0	0	0	0	0	0	0	2	0	0	0	0	0	0	0	0	0	0	0	0	0	0	0	0	0	0	0	0	0	0	0	0	0	0	0	0	0	0	0	0	0	0	0	0	0	
k__Bacteria;p__Proteobacteria;c__Alphaproteobacteria;o__Rhizobiales;f__Rhizobiaceae;g__Allorhizobium-Neorhizobium-Pararhizobium-Rhizobium	0	0	0	0	0	0	0	0	0	0	0	0	0	0	0	0	0	0	0	0	0	0	0	0	0	0	0	0	0	0	0	0	0	0	0	0	0	0	0	0	0	0	0	0	0	0	0	0	0	0	0	0	0	0	0	0	0	0	0	0	0	0	0	0	0	0	0	0	0	0	0	0	0	0	0	0	0	0	0	0	0	0	0	0	0	2	0	0	0	0	
