"","feature","metadata","value","coef","stderr","N","N.not.0","pval","qval","description"
"1","EC.1.1.1.1","Genotype","MUT",-0.0365965301785526,0.0219560698291837,89,0,0.0993222648055349,0.246664731125562,"Alcohol dehydrogenase"
"2","EC.1.1.1.133","Genotype","MUT",0.0442046072208788,0.0228894613292413,89,0,0.0640399900580219,0.168720052326168,"dTDP-4-dehydrorhamnose reductase"
"3","EC.1.1.1.137","Genotype","MUT",0.907137759354382,0.524572636849954,89,0,0.0955325846898148,0.238704423712981,"Ribitol-5-phosphate 2-dehydrogenase"
"4","EC.1.1.1.18","Genotype","HET",0.158567276521097,0.0867054965419704,89,0,0.0785369282486139,0.202096532702199,"Inositol 2-dehydrogenase"
"5","EC.1.1.1.26","Genotype","MUT",0.226072335730998,0.128461149736535,89,0,0.0899779499612654,0.226815894791008,"Glyoxylate reductase"
"6","EC.1.1.1.27","Genotype","HET",0.0382540560979026,0.0222943047883903,89,0,0.0975752544085001,0.242839606666982,"L-lactate dehydrogenase"
"7","EC.1.1.1.276","Genotype","HET",0.453612238617641,0.21437416355487,89,0,0.0436882004334678,0.120296202541744,"Serine 3-dehydrogenase (NADP(+))"
"8","EC.1.1.1.281","Genotype","HET",-0.507762799609739,0.226397618828083,89,0,0.0334602214608591,0.094416524845561,"GDP-4-dehydro-6-deoxy-D-mannose reductase"
"9","EC.1.1.1.290","Genotype","HET",-0.202746886765378,0.110337254029561,89,0,0.0775513285864767,0.199833991242443,"4-phosphoerythronate dehydrogenase"
"10","EC.1.1.1.302","Genotype","MUT",0.331505538605341,0.144847596357439,89,0,0.0301668299261629,0.0858060451578264,"2,5-diamino-6-(ribosylamino)-4(3H)-pyrimidinone 5'-phosphate reductase"
"11","EC.1.1.1.338","Genotype","HET",0.299226595944336,0.170731058394891,89,0,0.0911396934067502,0.229436607598183,"(2R)-3-sulfolactate dehydrogenase (NADP(+))"
"12","EC.1.1.1.369","Genotype","HET",0.158567276521097,0.0867054965419704,89,0,0.0785369282486139,0.202096532702199,"D-chiro-inositol 1-dehydrogenase"
"13","EC.1.1.1.40","Genotype","HET",-0.159695709558682,0.091831898969396,89,0,0.0938500671819851,0.2351257016466,"Malate dehydrogenase (oxaloacetate-decarboxylating) (NADP(+))"
"14","EC.1.1.1.67","Genotype","HET",-0.346386986172868,0.172673776140643,89,0,0.0551127836476417,0.148234927675234,"Mannitol 2-dehydrogenase"
"15","EC.1.1.2.7","Genotype","MUT",0.167081976843122,0.097992564298494,89,0,0.0919259333646178,0.231230025156783,"Methanol dehydrogenase (cytochrome c)"
"16","EC.1.1.3.48","Genotype","MUT",0.435007080119767,0.245355475707108,89,0,0.0876654452878585,0.221816330771432,"3-deoxy-alpha-D-manno-octulosonate 8-oxidase"
"17","EC.1.1.3.6","Genotype","MUT",0.276559532405293,0.151236481522153,89,0,0.0787930697443237,0.20264029218419,"Cholesterol oxidase"
"18","EC.1.1.99.28","Genotype","MUT",0.341558904561337,0.175603265291041,89,0,0.06233744359232,0.165067723379325,"Glucose-fructose oxidoreductase"
"19","EC.1.1.99.28","Genotype","HET",0.271210772863827,0.146091174306748,89,0,0.0743521511374182,0.192753438172198,"Glucose-fructose oxidoreductase"
"20","EC.1.10.9.1","Genotype","HET",0.229709645535537,0.114718889662422,89,0,0.0553141340352017,0.148606316631604,"Plastoquinol--plastocyanin reductase"
"21","EC.1.11.2.4","Genotype","MUT",0.376148678840524,0.163816109924513,89,0,0.0296721881865273,0.084526182152424,"Fatty-acid peroxygenase"
"22","EC.1.13.11.75","Genotype","HET",0.312479142120638,0.175973414481557,89,0,0.0870974759528011,0.220798917047104,"All-trans-8'-apo-beta-carotenal 15,15'-oxygenase"
"23","EC.1.13.11.79","Genotype","MUT",0.504127326305753,0.277049588128617,89,0,0.0800829586325511,0.20500500186195,"5,6-dimethylbenzimidazole synthase"
"24","EC.1.13.11.79","Genotype","HET",-0.473502783656345,0.230289820539688,89,0,0.0496569284113421,0.134873328252258,"5,6-dimethylbenzimidazole synthase"
"25","EC.1.14.13.40","Genotype","HET",0.449900976736159,0.264494323868889,89,0,0.100558362982357,0.249339092166598,"Anthraniloyl-CoA monooxygenase"
"26","EC.1.14.13.9","Genotype","MUT",0.381441010990053,0.208806753548079,89,0,0.0789111671563731,0.202781842295986,"Kynurenine 3-monooxygenase"
"27","EC.1.14.13.9","Genotype","HET",0.331011151065741,0.173669931428692,89,0,0.0673840295819233,0.176687959230301,"Kynurenine 3-monooxygenase"
"28","EC.1.14.14.9","Genotype","HET",-0.270849640065057,0.139557298475294,89,0,0.0628966867389679,0.166361028128548,"4-hydroxyphenylacetate 3-monooxygenase"
"29","EC.1.14.99.50","Genotype","MUT",0.492218455998016,0.224367422127281,89,0,0.0376547943950703,0.105068842691323,"Gamma-glutamyl hercynylcysteine S-oxide synthase"
"30","EC.1.17.1.4","Genotype","HET",-0.175390139026455,0.0799074907953018,89,0,0.0369690236716786,0.103308738071214,"Xanthine dehydrogenase"
"31","EC.1.2.1.11","Genotype","MUT",-0.0121966286150358,0.00671045629789922,89,0,0.0802679857552213,0.205257954863991,"Aspartate-semialdehyde dehydrogenase"
"32","EC.1.2.1.87","Genotype","HET",0.230890626548874,0.10401274041463,89,0,0.0350327780500179,0.0983919866495591,"Propanal dehydrogenase (CoA-propanoylating)"
"33","EC.1.2.1.87","Genotype","MUT",0.252276530969396,0.125003546466916,89,0,0.0536984322070927,0.1447623445009,"Propanal dehydrogenase (CoA-propanoylating)"
"34","EC.1.3.1.10","Genotype","MUT",-0.122055732218903,0.0622493363944324,89,0,0.0606242220269234,0.161376350857817,"Enoyl-[acyl-carrier-protein] reductase (NADPH, Si-specific)"
"35","EC.1.3.1.31","Genotype","MUT",0.260468785213982,0.137391346387487,89,0,0.0687424877703521,0.179698295103633,"2-enoate reductase"
"36","EC.1.3.1.34","Genotype","HET",-0.279684130940216,0.141196026007737,89,0,0.0579439465498151,0.155050805421678,"2,4-dienoyl-CoA reductase (NADPH)"
"37","EC.1.3.1.43","Genotype","MUT",0.551194745027532,0.208199411117124,89,0,0.0134715180752055,0.040358709284616,"Arogenate dehydrogenase"
"38","EC.1.3.1.44","Genotype","MUT",0.323944404082189,0.164921435848123,89,0,0.0599726158298512,0.159887266095758,"Trans-2-enoyl-CoA reductase (NAD(+))"
"39","EC.1.3.1.85","Genotype","MUT",0.409949491575046,0.137415646370223,89,0,0.00609446731592388,0.0188719579542204,"Crotonyl-CoA carboxylase/reductase"
"40","EC.1.3.8.12","Genotype","MUT",0.41275170300704,0.132199859889574,89,0,0.00432054572914845,0.0136487986299091,"(2S)-methylsuccinyl-CoA dehydrogenase"
"41","EC.1.3.8.2","Genotype","MUT",0.994894331488531,0.560786972138517,89,0,0.0876876905252899,0.221816330771432,"4,4'-diapophytoene desaturase (4,4'-diapolycopene-forming)"
"42","EC.1.3.8.4","Genotype","HET",-0.431890849388347,0.221622549496407,89,0,0.0619343170780017,0.164278065767314,"Isovaleryl-CoA dehydrogenase"
"43","EC.1.3.99.12","Genotype","MUT",0.413962302045758,0.202300127125425,89,0,0.0514542857860263,0.139271972042557,"2-methylacyl-CoA dehydrogenase"
"44","EC.1.3.99.16","Genotype","HET",-0.430152530187783,0.246661597659364,89,0,0.0928004809091741,0.232868728136135,"Isoquinoline 1-oxidoreductase"
"45","EC.1.3.99.32","Genotype","HET",0.297151263040024,0.153170459702478,89,0,0.06302739676097,0.166530727585537,"Glutaryl-CoA dehydrogenase (acceptor)"
"46","EC.1.4.1.18","Genotype","HET",0.219970562614207,0.115711960155463,89,0,0.0681193298832535,0.178218074144574,"Lysine 6-dehydrogenase"
"47","EC.1.4.3.3","Genotype","HET",0.434061907124003,0.227695429206113,89,0,0.0674686596629442,0.176860507124264,"D-amino-acid oxidase"
"48","EC.1.4.3.5","Genotype","HET",-0.27640548277324,0.156590137408944,89,0,0.0890272445923288,0.224720839050223,"Pyridoxal 5'-phosphate synthase"
"49","EC.1.5.1.10","Genotype","MUT",0.286286731315166,0.1654631827216,89,0,0.0951124138138583,0.237844324668938,"Saccharopine dehydrogenase (NADP(+), L-glutamate-forming)"
"50","EC.1.5.1.28","Genotype","HET",0.284057883302328,0.127327798902052,89,0,0.034164454676462,0.0961578944533734,"Opine dehydrogenase"
"51","EC.1.5.1.33","Genotype","MUT",0.429502432984274,0.159906867065557,89,0,0.0128224753009436,0.038524833851092,"Pteridine reductase"
"52","EC.1.5.5.1","Genotype","HET",-0.279481804915943,0.130047869209166,89,0,0.0408266040278545,0.113079582795311,"Electron-transferring-flavoprotein dehydrogenase"
"53","EC.1.6.99.1","Genotype","MUT",-0.323745530383843,0.113770272646923,89,0,0.00838392081885509,0.025615263770128,"NADPH dehydrogenase"
"54","EC.1.7.2.4","Genotype","MUT",0.555670012444697,0.302299450076491,89,0,0.0772887858786808,0.199278549255742,"Nitrous-oxide reductase"
"55","EC.1.7.2.5","Genotype","HET",-0.502422176204193,0.220562147419888,89,0,0.0309359368869913,0.0878075912547684,"Nitric-oxide reductase (cytochrome c)"
"56","EC.1.7.2.5","Genotype","MUT",0.514466500759906,0.265318870014923,89,0,0.0631500283119623,0.1667494423808,"Nitric-oxide reductase (cytochrome c)"
"57","EC.1.7.3.3","Genotype","MUT",0.221341792258598,0.122598042864571,89,0,0.0746337867869209,0.193430186720861,"Factor independent urate hydroxylase"
"58","EC.1.7.7.2","Genotype","HET",0.381516975928279,0.171374688846615,89,0,0.0345513253482089,0.0971594437732483,"Ferredoxin--nitrate reductase"
"59","EC.1.7.7.2","Genotype","MUT",0.350596877923983,0.205997956000066,89,0,0.100346480940008,0.248879405604903,"Ferredoxin--nitrate reductase"
"60","EC.1.8.1.14","Genotype","MUT",1.04667864753426,0.549376592048279,89,0,0.0677808653304588,0.177480833271923,"CoA-disulfide reductase"
"61","EC.1.8.1.8","Genotype","HET",-0.170311782021952,0.095458505367431,89,0,0.0859739743123511,0.218241770993983,"Protein-disulfide reductase"
"62","EC.2.1.1.10","Genotype","MUT",-0.161368138963405,0.0827405261734091,89,0,0.061621602737762,0.163725949581808,"Homocysteine S-methyltransferase"
"63","EC.2.1.1.104","Genotype","HET",0.446813481376488,0.246077440024489,89,0,0.0805330725630631,0.205655943661315,"Caffeoyl-CoA O-methyltransferase"
"64","EC.2.1.1.104","Genotype","MUT",0.592693709683559,0.295804054780202,89,0,0.055301470954935,0.148606316631604,"Caffeoyl-CoA O-methyltransferase"
"65","EC.2.1.1.180","Genotype","MUT",0.470471423866145,0.25969373968454,89,0,0.0814630615090735,0.207804904392546,"16S rRNA (adenine(1408)-N(1))-methyltransferase"
"66","EC.2.1.1.245","Genotype","MUT",0.32933943726307,0.172938159531351,89,0,0.0677031443294617,0.177326746856786,"Co-methyltransferase"
"67","EC.2.1.1.258","Genotype","MUT",0.311925790362331,0.169470559800185,89,0,0.0768253468655079,0.198235136995728,"Co-methyltransferase"
"68","EC.2.1.1.265","Genotype","HET",0.436345516809302,0.212660461032792,89,0,0.0501602352991,0.136043709767622,"Tellurite methyltransferase"
"69","EC.2.1.1.35","Genotype","MUT",-0.458119822256608,0.168174424950223,89,0,0.0112813497986573,0.0341127394137063,"tRNA (uracil(54)-C(5))-methyltransferase"
"70","EC.2.1.1.74","Genotype","MUT",-0.072435347369788,0.0392437970641987,89,0,0.0759368921780337,0.196428166853697,"(FADH(2)-oxidizing)"
"71","EC.2.1.1.77","Genotype","HET",-0.183358815189848,0.100738712841573,89,0,0.079983434906395,0.204920744735637,"Protein-L-isoaspartate(D-aspartate) O-methyltransferase"
"72","EC.2.1.3.1","Genotype","HET",0.499021006008636,0.1593756321304,89,0,0.00240492781815287,0.00780189808409744,"Methylmalonyl-CoA carboxytransferase"
"73","EC.2.1.3.6","Genotype","MUT",0.534217672135047,0.150963667321647,89,0,0.00148560937187042,0.00492668550960912,"Putrescine carbamoyltransferase"
"74","EC.2.1.3.9","Genotype","MUT",0.429614548382931,0.197138020889842,89,0,0.0390514189365914,0.10851466456944,"N-acetylornithine carbamoyltransferase"
"75","EC.2.3.1.169","Genotype","MUT",0.353971351646977,0.177502099155224,89,0,0.0564638135859,0.151391988766989,"CO-methylating acetyl-CoA synthase"
"76","EC.2.3.1.178","Genotype","MUT",0.358311375204206,0.180459309844777,89,0,0.0574908176260706,0.153925970817023,"Diaminobutyrate acetyltransferase"
"77","EC.2.3.1.178","Genotype","HET",0.38319940192074,0.15015674415976,89,0,0.0167427213028185,0.0495582440579648,"Diaminobutyrate acetyltransferase"
"78","EC.2.3.1.180","Genotype","HET",-0.0233259741176667,0.0134534970972187,89,0,0.0948197414820828,0.237175578068202,"Beta-ketoacyl-[acyl-carrier-protein] synthase III"
"79","EC.2.3.1.183","Genotype","MUT",-0.0435281126366623,0.0242541581518806,89,0,0.0842592839723413,0.214471951482023,"Phosphinothricin acetyltransferase"
"80","EC.2.3.1.191","Genotype","HET",-0.166119566789043,0.0912238676641145,89,0,0.0801193014097836,0.20500500186195,"UDP-3-O-(3-hydroxymyristoyl)glucosamine N-acyltransferase"
"81","EC.2.3.1.222","Genotype","MUT",1.1116939838357,0.570376389355906,89,0,0.0621583155322861,0.164686230802546,"Phosphate propanoyltransferase"
"82","EC.2.3.1.222","Genotype","HET",1.00171199620783,0.473706148185207,89,0,0.044193135108398,0.121508488247995,"Phosphate propanoyltransferase"
"83","EC.2.3.1.241","Genotype","HET",-0.180528311824475,0.0942057558002019,89,0,0.0663117325608096,0.174070613972843,"Kdo(2)-lipid IV(A) lauroyltransferase"
"84","EC.2.3.1.30","Genotype","MUT",0.0415545007928255,0.0231580756440528,89,0,0.0840162508544115,0.214027298475378,"Serine O-acetyltransferase"
"85","EC.2.3.1.37","Genotype","MUT",0.568788311552981,0.256741367764674,89,0,0.0354964643548436,0.0995848749487774,"5-aminolevulinate synthase"
"86","EC.2.3.1.89","Genotype","MUT",-0.158745861329207,0.0760272349981197,89,0,0.0464163192589425,0.127100355417594,"Tetrahydrodipicolinate N-acetyltransferase"
"87","EC.2.3.2.16","Genotype","MUT",0.932045471278016,0.423596866685242,89,0,0.0367898482645464,0.102897427127407,"Lipid II:glycine glycyltransferase"
"88","EC.2.3.2.3","Genotype","MUT",-0.223010998965137,0.0966695580047388,89,0,0.0290134614332702,0.0828515106886242,"Lysyltransferase"
"89","EC.2.3.2.5","Genotype","MUT",0.394283710030627,0.15044056499987,89,0,0.0143013051257432,0.0426813092936331,"Glutaminyl-peptide cyclotransferase"
"90","EC.2.3.3.15","Genotype","HET",-0.29174008843963,0.164381471967233,89,0,0.0796015224888026,0.204109253215693,"Sulfoacetaldehyde acetyltransferase"
"91","EC.2.4.1.182","Genotype","HET",-0.167583084428593,0.0916991554501138,89,0,0.0791076013547891,0.203119954831441,"Lipid-A-disaccharide synthase"
"92","EC.2.4.1.208","Genotype","HET",0.208029856168421,0.100942905136615,89,0,0.0490312166722944,0.133437196783357,"Diglucosyl diacylglycerol synthase (1,2-linking)"
"93","EC.2.4.1.46","Genotype","MUT",0.300951487212485,0.107110205826424,89,0,0.00618207572630357,0.019124333700567,"Monogalactosyldiacylglycerol synthase"
"94","EC.2.4.1.46","Genotype","HET",0.197938116830899,0.0891715462159215,89,0,0.0291632712387637,0.0831781825404326,"Monogalactosyldiacylglycerol synthase"
"95","EC.2.4.1.52","Genotype","MUT",-0.360403189910639,0.173813806246389,89,0,0.0480520163764853,0.130892633765462,"Poly(glycerol-phosphate) alpha-glucosyltransferase"
"96","EC.2.4.2.2","Genotype","MUT",-0.0798689468058537,0.0417014918539324,89,0,0.0663074616329893,0.174070613972843,"Pyrimidine-nucleoside phosphorylase"
"97","EC.2.4.99.12","Genotype","HET",-0.169373645290856,0.0918877542994649,89,0,0.0767049635183793,0.198033287236926,"Lipid IV(A) 3-deoxy-D-manno-octulosonic acid transferase"
"98","EC.2.4.99.13","Genotype","HET",-0.169373645290856,0.0918877542994649,89,0,0.0767049635183793,0.198033287236926,"(Kdo)-lipid IV(A) 3-deoxy-D-manno-octulosonic acid transferase"
"99","EC.2.4.99.14","Genotype","HET",-0.169373645290856,0.0918877542994649,89,0,0.0767049635183793,0.198033287236926,"(Kdo)(2)-lipid IV(A) (2-8) 3-deoxy-D-manno-octulosonic acid transferase"
"100","EC.2.4.99.15","Genotype","HET",-0.169373645290856,0.0918877542994649,89,0,0.0767049635183793,0.198033287236926,"(Kdo)(3)-lipid IV(A) (2-4) 3-deoxy-D-manno-octulosonic acid transferase"
"101","EC.2.5.1.101","Genotype","MUT",0.329434252996682,0.156259228947415,89,0,0.044868395327041,0.12325689301098,"N,N'-diacetyllegionaminate synthase"
"102","EC.2.5.1.21","Genotype","MUT",0.915825471571625,0.334749725108846,89,0,0.0109899282966488,0.033263652173652,"Squalene synthase"
"103","EC.2.5.1.21","Genotype","HET",0.571020744977341,0.278086286630374,89,0,0.0500582871211461,0.135845640526623,"Squalene synthase"
"104","EC.2.5.1.32","Genotype","MUT",0.381719231456824,0.192994781690085,89,0,0.0583593249328779,0.155984596797834,"15-cis-phytoene synthase"
"105","EC.2.5.1.39","Genotype","HET",-0.207514476752915,0.0813203101532337,89,0,0.0167605485736706,0.0495797713632352,"4-hydroxybenzoate polyprenyltransferase"
"106","EC.2.5.1.46","Genotype","MUT",0.378511728286256,0.180620226464293,89,0,0.0462121860536941,0.126700978532627,"Deoxyhypusine synthase"
"107","EC.2.5.1.47","Genotype","MUT",-0.0448340933022367,0.0182179471127786,89,0,0.0207065665584841,0.0605283736207089,"Cysteine synthase"
"108","EC.2.5.1.55","Genotype","HET",-0.169102622193191,0.0919798390796029,89,0,0.0774290539544356,0.199573652099293,"3-deoxy-8-phosphooctulonate synthase"
"109","EC.2.5.1.57","Genotype","HET",0.701895445055146,0.243771353921243,89,0,0.00780371648009984,0.0239203642187726,"N-acylneuraminate-9-phosphate synthase"
"110","EC.2.5.1.90","Genotype","HET",-0.176141131770804,0.0931006526807671,89,0,0.0696688570416569,0.18196800442212,"All-trans-octaprenyl-diphosphate synthase"
"111","EC.2.5.1.96","Genotype","MUT",0.994894331488531,0.560786972138517,89,0,0.0876876905252899,0.221816330771432,"4,4'-diapophytoene synthase"
"112","EC.2.6.1.105","Genotype","HET",0.218259604725869,0.11469191470593,89,0,0.0678488463577996,0.177609337289364,"Lysine--8-amino-7-oxononanoate transaminase"
"113","EC.2.6.1.18","Genotype","HET",-0.494960524299497,0.238436925015147,89,0,0.0477248611741186,0.130228019381599,"Beta-alanine--pyruvate transaminase"
"114","EC.2.6.1.19","Genotype","MUT",-0.18418416659324,0.0975938922338999,89,0,0.0700143071218001,0.182819459535662,"4-aminobutyrate--2-oxoglutarate transaminase"
"115","EC.2.6.1.96","Genotype","MUT",0.752563755936647,0.319053060119434,89,0,0.0260703463524406,0.0751741821677926,"4-aminobutyrate--pyruvate transaminase"
"116","EC.2.6.99.2","Genotype","HET",-0.186295813627525,0.091181562477118,89,0,0.0512845807343494,0.138861406612334,"Pyridoxine 5'-phosphate synthase"
"117","EC.2.7.1.130","Genotype","HET",-0.192013405849152,0.0928154637805328,89,0,0.0486044859184756,0.132359172522921,"Tetraacyldisaccharide 4'-kinase"
"118","EC.2.7.1.14","Genotype","HET",0.30799214306076,0.127340965509645,89,0,0.0225841179477137,0.0656897176838298,"Sedoheptulokinase"
"119","EC.2.7.1.14","Genotype","MUT",0.393788439532815,0.153072176234349,89,0,0.0159437096922691,0.0473722810116597,"Sedoheptulokinase"
"120","EC.2.7.1.144","Genotype","MUT",0.248936787856595,0.0955210724197547,89,0,0.0108533023888889,0.0328819013039702,"Tagatose-6-phosphate kinase"
"121","EC.2.7.1.144","Genotype","HET",0.198140807851038,0.0795233438135284,89,0,0.0147076762042697,0.0438523065500202,"Tagatose-6-phosphate kinase"
"122","EC.2.7.1.16","Genotype","MUT",-0.303247369756331,0.147745309431364,89,0,0.0501776790698809,0.136051744548782,"Ribulokinase"
"123","EC.2.7.1.177","Genotype","MUT",0.773676550900956,0.393288746069477,89,0,0.0597331620523418,0.159294083872197,"L-threonine kinase"
"124","EC.2.7.1.184","Genotype","HET",0.404631145096072,0.178464908215423,89,0,0.0317391952078489,0.0898974190466506,"Sulfofructose kinase"
"125","EC.2.7.1.22","Genotype","HET",0.417612040405011,0.233761779319637,89,0,0.0854522962195448,0.217096896425804,"Ribosylnicotinamide kinase"
"126","EC.2.7.1.29","Genotype","MUT",-0.262765184038689,0.122613473532794,89,0,0.0413397582198885,0.114467146618288,"Glycerone kinase"
"127","EC.2.7.1.39","Genotype","MUT",-0.090702924471752,0.0271275088039484,89,0,0.0024601005444584,0.00795615993638094,"Homoserine kinase"
"128","EC.2.7.1.45","Genotype","MUT",0.0713613443469339,0.0242662069430115,89,0,0.00666174847433684,0.0205675737484044,"2-dehydro-3-deoxygluconokinase"
"129","EC.2.7.1.49","Genotype","MUT",0.0432999061745739,0.022480202548756,89,0,0.0650900517341151,0.171342402925753,"Hydroxymethylpyrimidine kinase"
"130","EC.2.7.1.52","Genotype","HET",0.468051695676523,0.252660840120388,89,0,0.0751857578211375,0.194699612659754,"Fucokinase"
"131","EC.2.7.1.58","Genotype","HET",0.313795615345383,0.181632758156585,89,0,0.0956036641243844,0.238818512217121,"2-dehydro-3-deoxygalactonokinase"
"132","EC.2.7.1.66","Genotype","MUT",-0.232873360605902,0.0945678759338464,89,0,0.0205014996956673,0.0599849235879148,"Undecaprenol kinase"
"133","EC.2.7.1.83","Genotype","MUT",-0.420158923988912,0.154380574441443,89,0,0.0113534490021989,0.0343197082933263,"Pseudouridine kinase"
"134","EC.2.7.1.92","Genotype","MUT",0.323122418796745,0.118524772522514,89,0,0.0111905179153613,0.0338598762688631,"5-dehydro-2-deoxygluconokinase"
"135","EC.2.7.10.1","Genotype","HET",0.396086798101929,0.159289371492282,89,0,0.019443134120452,0.0570303606186847,"Receptor protein-tyrosine kinase"
"136","EC.2.7.10.1","Genotype","MUT",0.344568918952899,0.191480482689167,89,0,0.0833048785788604,0.212272669988715,"Receptor protein-tyrosine kinase"
"137","EC.2.7.11.1","Genotype","MUT",0.0454921642162304,0.0256058251214007,89,0,0.0873307071492344,0.221211106407942,"Non-specific serine/threonine protein kinase"
"138","EC.2.7.4.1","Genotype","MUT",0.0509972151483218,0.0201133995249015,89,0,0.0174775925943142,0.0515523446858203,"Polyphosphate kinase"
"139","EC.2.7.4.16","Genotype","HET",-0.176062898665088,0.0893266725052249,89,0,0.0594465371036738,0.158664834116197,"Thiamine-phosphate kinase"
"140","EC.2.7.4.6","Genotype","MUT",-0.125840356241871,0.0692523917620721,89,0,0.0803938054475798,0.20541324570879,"Nucleoside-diphosphate kinase"
"141","EC.2.7.4.7","Genotype","MUT",0.0432998604773471,0.0224797270509157,89,0,0.0650850123674148,0.171342402925753,"Phosphomethylpyrimidine kinase"
"142","EC.2.7.7.19","Genotype","HET",-0.183643841418764,0.0949281222746302,89,0,0.0639553786171042,0.168639007046785,"Polynucleotide adenylyltransferase"
"143","EC.2.7.7.23","Genotype","MUT",-0.0501173749839562,0.0276466693212248,89,0,0.081040989286476,0.206784381951777,"UDP-N-acetylglucosamine diphosphorylase"
"144","EC.2.7.7.24","Genotype","MUT",0.0354307508482344,0.0199144213163148,89,0,0.0865871649379154,0.2196237620388,"Glucose-1-phosphate thymidylyltransferase"
"145","EC.2.7.7.38","Genotype","HET",-0.156517225271469,0.0895686238361563,89,0,0.0923526218445364,0.232116875930824,"3-deoxy-manno-octulosonate cytidylyltransferase"
"146","EC.2.7.7.39","Genotype","MUT",0.366245018354268,0.154027263225133,89,0,0.0250725438083837,0.0724120962433953,"Glycerol-3-phosphate cytidylyltransferase"
"147","EC.2.7.7.46","Genotype","MUT",1.07654385465188,0.627655878283015,89,0,0.0981161583708476,0.243927310900797,"Gentamicin 2''-nucleotidyltransferase"
"148","EC.2.7.7.60","Genotype","MUT",0.0541312130734759,0.0257872077376734,89,0,0.0388418760864774,0.10799627873112,"2-C-methyl-D-erythritol 4-phosphate cytidylyltransferase"
"149","EC.2.7.7.63","Genotype","MUT",-0.076059442053078,0.0350040887519111,89,0,0.0387761862531265,0.107845550576709,"Lipoate--protein ligase"
"150","EC.2.7.7.68","Genotype","HET",0.379192583173146,0.212129803750256,89,0,0.0851133953861139,0.216352908455774,"2-phospho-L-lactate guanylyltransferase"
"151","EC.2.7.7.68","Genotype","MUT",0.474399813562865,0.254993851557481,89,0,0.0738524421382603,0.191616595937298,"2-phospho-L-lactate guanylyltransferase"
"152","EC.2.7.8.28","Genotype","HET",0.288781510842435,0.148972374384303,89,0,0.0630666810856946,0.166576179027299,"2-phospho-L-lactate transferase"
"153","EC.2.7.8.33","Genotype","MUT",-0.102616637723855,0.0425950987249025,89,0,0.0231085825807624,0.0670905850884618,"N-acetylglucosaminephosphotransferase"
"154","EC.2.8.3.17","Genotype","HET",-0.337939891979676,0.186756913830305,89,0,0.0817258867014144,0.208418758295274,"Cinnamoyl-CoA:phenyllactate CoA-transferase"
"155","EC.2.8.3.18","Genotype","MUT",0.627093290472734,0.30221056751668,89,0,0.0478748729019107,0.130485764697839,"Succinyl-CoA:acetate CoA-transferase"
"156","EC.3.1.1.75","Genotype","HET",-0.373391845665756,0.192546746473419,89,0,0.0630317474501511,0.166530727585537,"Poly(3-hydroxybutyrate) depolymerase"
"157","EC.3.1.2.20","Genotype","MUT",-0.331076741331762,0.122963863605985,89,0,0.0120698527552127,0.0364266837890213,"Acyl-CoA hydrolase"
"158","EC.3.1.26.4","Genotype","MUT",-0.0291450373618523,0.013439693392672,89,0,0.0392611797447588,0.109065281993498,"Ribonuclease H"
"159","EC.3.1.3.1","Genotype","MUT",-0.111578287570908,0.0653896763355337,89,0,0.0994989667461943,0.247038264424021,"Alkaline phosphatase"
"160","EC.3.1.3.37","Genotype","HET",-0.360877794406356,0.196126613140432,89,0,0.0768607700634835,0.198272085323017,"Sedoheptulose-bisphosphatase"
"161","EC.3.1.3.48","Genotype","HET",0.0316508479945861,0.0159997635664267,89,0,0.0583842275930135,0.156006774242424,"Protein-tyrosine-phosphatase"
"162","EC.3.1.3.90","Genotype","MUT",-0.245529984867629,0.102105724760205,89,0,0.0233447395166303,0.0677134386411677,"Maltose 6'-phosphate phosphatase"
"163","EC.3.1.3.93","Genotype","MUT",0.817252142949928,0.397184809105064,89,0,0.0497307994507033,0.135034930878427,"L-galactose 1-phosphate phosphatase"
"164","EC.3.1.4.17","Genotype","HET",0.414157805352221,0.187488823425167,89,0,0.0359753742782681,0.100862023677806,"3',5'-cyclic-nucleotide phosphodiesterase"
"165","EC.3.1.4.17","Genotype","MUT",0.408951749901971,0.225435216003327,89,0,0.0810227614350874,0.206784381951777,"3',5'-cyclic-nucleotide phosphodiesterase"
"166","EC.3.1.6.12","Genotype","MUT",0.39108180415034,0.150414629164815,89,0,0.0150098839484349,0.0446966274787785,"N-acetylgalactosamine-4-sulfatase"
"167","EC.3.1.6.8","Genotype","HET",0.445738802067297,0.204269056817664,89,0,0.0381722326359535,0.106354722898809,"Cerebroside-sulfatase"
"168","EC.3.2.1.10","Genotype","MUT",0.130092755753842,0.0482599787216991,89,0,0.0122575998718669,0.0369814228632592,"Oligo-1,6-glucosidase"
"169","EC.3.2.1.122","Genotype","MUT",-0.373888485570818,0.163893760010967,89,0,0.0308421926976956,0.0875679662722424,"Maltose-6'-phosphate glucosidase"
"170","EC.3.2.1.141","Genotype","HET",-0.32727358864695,0.155457774699177,89,0,0.0448442042540153,0.123226469425701,"4-alpha-D-((1->4)-alpha-D-glucano)trehalose trehalohydrolase"
"171","EC.3.2.1.156","Genotype","HET",0.480789691625139,0.205897950120124,89,0,0.0274037816091974,0.0786132910590563,"Oligosaccharide reducing-end xylanase"
"172","EC.3.2.1.17","Genotype","MUT",-0.4191356843849,0.163479157629764,89,0,0.0163698662235277,0.0485310486494299,"Lysozyme"
"173","EC.3.2.1.172","Genotype","HET",0.175703644956722,0.0887661132246048,89,0,0.0580091266462543,0.155181020740763,"Unsaturated rhamnogalacturonyl hydrolase"
"174","EC.3.2.1.177","Genotype","HET",0.147762888210584,0.0864515020451926,89,0,0.0988686921173879,0.245603215875954,"Alpha-D-xyloside xylohydrolase"
"175","EC.3.2.1.180","Genotype","HET",0.204544552477507,0.112852063720301,89,0,0.0810330401557638,0.206784381951777,"Unsaturated chondroitin disaccharide hydrolase"
"176","EC.3.2.1.184","Genotype","MUT",0.311304141748351,0.170492907706186,89,0,0.0795807098732463,0.204109253215693,"UDP-N,N'-diacetylbacillosamine 2-epimerase (hydrolyzing)"
"177","EC.3.2.1.24","Genotype","HET",0.20305377018155,0.104090238898279,89,0,0.0615505686974387,0.163584114937631,"Alpha-mannosidase"
"178","EC.3.2.1.28","Genotype","HET",-0.653844411243979,0.284553316716143,89,0,0.029680880779228,0.084526182152424,"Alpha,alpha-trehalase"
"179","EC.3.2.1.37","Genotype","HET",0.234553249731597,0.106733450219478,89,0,0.0367614650248327,0.102851091098363,"Xylan 1,4-beta-xylosidase"
"180","EC.3.2.1.40","Genotype","MUT",0.247843309240102,0.121819816605362,89,0,0.0520650602439254,0.140722451378504,"Alpha-L-rhamnosidase"
"181","EC.3.2.1.40","Genotype","HET",0.18457248575775,0.101368699733381,89,0,0.0799176591898426,0.204808076401683,"Alpha-L-rhamnosidase"
"182","EC.3.2.1.70","Genotype","HET",0.264568164574834,0.148244109737649,89,0,0.0857946490262865,0.217848845297828,"Glucan 1,6-alpha-glucosidase"
"183","EC.3.3.2.2","Genotype","MUT",0.354080669038824,0.182969784154484,89,0,0.064000850619707,0.168664233260069,"Alkenylglycerophosphocholine hydrolase"
"184","EC.3.3.2.5","Genotype","MUT",0.354080669038824,0.182969784154484,89,0,0.064000850619707,0.168664233260069,"Alkenylglycerophosphoethanolamine hydrolase"
"185","EC.3.4.11.4","Genotype","HET",0.0227321883535104,0.0116564281150759,89,0,0.0616575360642349,0.163728816089171,"Tripeptide aminopeptidase"
"186","EC.3.4.13.19","Genotype","MUT",0.0590269388426408,0.033678412383145,89,0,0.0916636181822758,0.230631947729642,"Membrane dipeptidase"
"187","EC.3.4.13.22","Genotype","MUT",-0.244345722712557,0.140878427375061,89,0,0.0944957283900598,0.236461685229827,"D-Ala-D-Ala dipeptidase"
"188","EC.3.4.13.9","Genotype","MUT",-0.114614495442275,0.0563642637477589,89,0,0.051931125902065,0.140400842546734,"Xaa-Pro dipeptidase"
"189","EC.3.4.15.1","Genotype","HET",0.35841087112313,0.203743975922314,89,0,0.0899627099364885,0.226815894791008,"Peptidyl-dipeptidase A"
"190","EC.3.4.17.11","Genotype","MUT",-0.270711911442636,0.140915558266203,89,0,0.0656364626746176,0.172442552244976,"Glutamate carboxypeptidase"
"191","EC.3.4.17.21","Genotype","MUT",0.448038223069407,0.19451512085126,89,0,0.0299562058691415,0.0852844103456317,"Glutamate carboxypeptidase II"
"192","EC.3.4.21.19","Genotype","MUT",1.05648015056475,0.535032587028602,89,0,0.0589184269894227,0.1573446906099,"Glutamyl endopeptidase"
"193","EC.3.4.21.62","Genotype","MUT",0.309140602947871,0.180214085417546,89,0,0.0979302038302706,0.243593927716545,"Subtilisin"
"194","EC.3.4.21.62","Genotype","HET",0.312909071986823,0.149928400956392,89,0,0.0465633402006677,0.127465787058646,"Subtilisin"
"195","EC.3.4.24.29","Genotype","MUT",1.02707208541024,0.547836394425995,89,0,0.0720102661090916,0.187147012474389,"Aureolysin"
"196","EC.3.4.25.2","Genotype","MUT",-0.112385040710563,0.062735873821259,89,0,0.0844485562740196,0.214895500052658,"HslU--HslV peptidase"
"197","EC.3.5.1.10","Genotype","HET",-0.209439264403085,0.101900901906402,89,0,0.0499143403908951,0.135494142725357,"Formyltetrahydrofolate deformylase"
"198","EC.3.5.1.108","Genotype","HET",-0.168413511692505,0.0917812486268525,89,0,0.0779674058542549,0.200740964099952,"UDP-3-O-acyl-N-acetylglucosamine deacetylase"
"199","EC.3.5.1.32","Genotype","HET",-0.177299558275148,0.0922227084435243,89,0,0.0652165790285359,0.171579322311144,"Hippurate hydrolase"
"200","EC.3.5.1.47","Genotype","MUT",-0.179665389301167,0.0867046486411041,89,0,0.0479644829561566,0.130692087405189,"N-acetyldiaminopimelate deacetylase"
"201","EC.3.5.1.5","Genotype","MUT",-0.339304286973787,0.142511605230669,89,0,0.0247206222211737,0.0714396326570062,"Urease"
"202","EC.3.5.1.53","Genotype","HET",-0.196067837245631,0.112706137668867,89,0,0.0937673677484993,0.234981173645546,"N-carbamoylputrescine amidase"
"203","EC.3.5.2.14","Genotype","MUT",0.254151931711589,0.11209385301389,89,0,0.0317314864384412,0.0898974190466506,"N-methylhydantoinase (ATP-hydrolyzing)"
"204","EC.3.5.2.9","Genotype","HET",-0.334793254387183,0.19251068575939,89,0,0.0934723560999913,0.234366903004915,"5-oxoprolinase (ATP-hydrolyzing)"
"205","EC.3.5.3.18","Genotype","HET",-0.399110355899014,0.198376548398238,89,0,0.0544396057309206,0.146592174216681,"Dimethylargininase"
"206","EC.3.5.4.2","Genotype","MUT",0.138024039133925,0.0552638374727737,89,0,0.0191598374661119,0.0562345120256549,"Adenine deaminase"
"207","EC.3.5.4.3","Genotype","MUT",0.188918021194572,0.0960368087044609,89,0,0.059586129146656,0.158947099185926,"Guanine deaminase"
"208","EC.3.5.99.7","Genotype","HET",-0.718966905458004,0.32660258214063,89,0,0.0366596611577324,0.102596817568333,"1-aminocyclopropane-1-carboxylate deaminase"
"209","EC.3.6.1.61","Genotype","HET",0.278414928198335,0.151519269243771,89,0,0.0772933510897207,0.199278549255742,"Diadenosine hexaphosphate hydrolase (ATP-forming)"
"210","EC.3.6.1.61","Genotype","MUT",0.317256176351621,0.182152462856089,89,0,0.0931446652355597,0.233607616093989,"Diadenosine hexaphosphate hydrolase (ATP-forming)"
"211","EC.3.6.1.63","Genotype","HET",-0.292863204819907,0.167862324805324,89,0,0.0925018828764767,0.232429844777881,"Alpha-D-ribose 1-methylphosphonate 5-triphosphate diphosphatase"
"212","EC.3.6.3.17","Genotype","MUT",0.0669998478435851,0.0389938082669536,89,0,0.097523666251815,0.242839606666982,"Monosaccharide-transporting ATPase"
"213","EC.3.6.3.2","Genotype","HET",0.229657030223125,0.112100816305295,89,0,0.0504394375018538,0.136682583019878,"Magnesium-importing ATPase"
"214","EC.3.6.3.32","Genotype","MUT",-0.220727739633058,0.117953656229427,89,0,0.0722814964960561,0.187748039696004,"Quaternary-amine-transporting ATPase"
"215","EC.3.6.3.6","Genotype","HET",0.253791930347005,0.147613596680744,89,0,0.0970350227839371,0.241768150849378,"Proton-exporting ATPase"
"216","EC.3.7.1.22","Genotype","MUT",0.369971192732906,0.141028444226708,89,0,0.0142233512731348,0.0424756469202484,"3D-(3,5/4)-trihydroxycyclohexane-1,2-dione acylhydrolase (decyclizing)"
"217","EC.3.7.1.22","Genotype","HET",0.233465294065883,0.117269100802967,89,0,0.0567882838266714,0.152218523980479,"3D-(3,5/4)-trihydroxycyclohexane-1,2-dione acylhydrolase (decyclizing)"
"218","EC.3.7.1.5","Genotype","MUT",0.970363661688763,0.420557476022589,89,0,0.0291103168652706,0.0830523616608617,"Acylpyruvate hydrolase"
"219","EC.3.7.1.9","Genotype","HET",0.409341288257936,0.206797764875091,89,0,0.0581618568288306,0.155501037252949,"2-hydroxymuconate-6-semialdehyde hydrolase"
"220","EC.4.1.1.19","Genotype","HET",-0.197447406644172,0.0958867114903632,89,0,0.0495326596106429,0.134578143231009,"Arginine decarboxylase"
"221","EC.4.1.1.28","Genotype","MUT",0.400880427860128,0.177679394808001,89,0,0.0330834969674208,0.0934233405497201,"Aromatic-L-amino-acid decarboxylase"
"222","EC.4.1.1.39","Genotype","HET",-0.334190419489704,0.187451025997675,89,0,0.0859958527109872,0.218241770993983,"Ribulose-bisphosphate carboxylase"
"223","EC.4.1.1.44","Genotype","MUT",0.0533338170609194,0.0218492682244915,89,0,0.0217628717703149,0.0634384673540518,"4-carboxymuconolactone decarboxylase"
"224","EC.4.1.1.5","Genotype","MUT",-0.144840897991323,0.0797245084710675,89,0,0.0803943059575542,0.20541324570879,"Acetolactate decarboxylase"
"225","EC.4.1.1.65","Genotype","MUT",0.0404338959204861,0.0229388326639799,89,0,0.08963372309081,0.226069484144472,"Phosphatidylserine decarboxylase"
"226","EC.4.1.1.9","Genotype","MUT",0.660812249810254,0.21645609503497,89,0,0.00512533090246489,0.0160081395706974,"Malonyl-CoA decarboxylase"
"227","EC.4.1.2.17","Genotype","MUT",0.0767830246313963,0.0428252723480215,89,0,0.0847761554450495,0.215670723099442,"L-fuculose-phosphate aldolase"
"228","EC.4.1.2.52","Genotype","HET",-0.220253963414289,0.0953470923113317,89,0,0.0287987059818457,0.0823383574861351,"4-hydroxy-2-oxoheptanedioate aldolase"
"229","EC.4.1.3.24","Genotype","MUT",0.584259681091405,0.198937093124483,89,0,0.00679371701419363,0.0209406073977523,"Malyl-CoA lyase"
"230","EC.4.1.3.24","Genotype","HET",-0.320714457913835,0.165394961210152,89,0,0.0631974661561123,0.1668278152674,"Malyl-CoA lyase"
"231","EC.4.1.3.25","Genotype","HET",-0.512018813233677,0.23543857620176,89,0,0.0386955077676929,0.107653033899163,"(S)-citramalyl-CoA lyase"
"232","EC.4.1.3.25","Genotype","MUT",0.515404022358518,0.283278858692676,89,0,0.0801372181224761,0.20500500186195,"(S)-citramalyl-CoA lyase"
"233","EC.4.1.3.43","Genotype","HET",0.454251292202073,0.239710987667262,89,0,0.0689933758963684,0.180303968441274,"4-hydroxy-2-oxohexanoate aldolase"
"234","EC.4.2.1.10","Genotype","MUT",0.0339227954424553,0.0197675270039145,89,0,0.0976194827933828,0.242885339206523,"3-dehydroquinate dehydratase"
"235","EC.4.2.1.108","Genotype","HET",0.284704037105381,0.163242128067895,89,0,0.0926414776910826,0.232531841546279,"Ectoine synthase"
"236","EC.4.2.1.129","Genotype","MUT",0.37962149511717,0.161447566915107,89,0,0.0262911918216844,0.0756757803813495,"Squalene--hopanol cyclase"
"237","EC.4.2.1.148","Genotype","MUT",0.410701475593811,0.137311973590582,89,0,0.00598096492611458,0.018538820679923,"2-methylfumaryl-CoA hydratase"
"238","EC.4.2.1.18","Genotype","HET",-0.398310143210818,0.195610751814557,89,0,0.0517514687470619,0.13995539691383,"Methylglutaconyl-CoA hydratase"
"239","EC.4.2.1.2","Genotype","MUT",0.0443628658050174,0.0217620000525803,89,0,0.0514920066806552,0.139333929367729,"Fumarate hydratase"
"240","EC.4.2.1.44","Genotype","HET",0.253794465983694,0.117798896778605,89,0,0.0403239479694316,0.111786217519271,"Myo-inosose-2 dehydratase"
"241","EC.4.2.1.44","Genotype","MUT",0.35142441848982,0.141602891693241,89,0,0.019663637164693,0.0576051983667884,"Myo-inosose-2 dehydratase"
"242","EC.4.2.1.59","Genotype","MUT",-0.0230562721350032,0.00757327683572032,89,0,0.0051950800290578,0.0162205971661675,"3-hydroxyacyl-[acyl-carrier-protein] dehydratase"
"243","EC.4.2.2.10","Genotype","HET",-0.550901913965527,0.265251469616595,89,0,0.0478742394896626,0.130485764697839,"Pectin lyase"
"244","EC.4.2.2.5","Genotype","HET",0.32477739054667,0.161228238430119,89,0,0.0541560602863968,0.145870466281737,"Chondroitin AC lyase"
"245","EC.4.2.2.6","Genotype","HET",0.473006829337591,0.237051674416813,89,0,0.0564474100382367,0.151391988766989,"Oligogalacturonide lyase"
"246","EC.4.2.3.3","Genotype","MUT",0.058978256296072,0.028506500856957,89,0,0.0416633278908913,0.115227249200743,"Methylglyoxal synthase"
"247","EC.4.2.99.21","Genotype","HET",-0.446472402601377,0.24489477824918,89,0,0.0795616248885049,0.204109253215693,"Isochorismate lyase"
"248","EC.4.3.1.19","Genotype","MUT",0.0519669393502374,0.0296999597897964,89,0,0.0920594950188736,0.231504003132312,"Threonine ammonia-lyase"
"249","EC.4.3.1.2","Genotype","MUT",1.38119576774398,0.607700848732136,89,0,0.031478488821135,0.0892935997809671,"Methylaspartate ammonia-lyase"
"250","EC.4.3.2.1","Genotype","MUT",-0.0341569569680501,0.0133260082391212,89,0,0.0166008061110031,0.0491846652200801,"Argininosuccinate lyase"
"251","EC.4.3.2.3","Genotype","HET",-0.245370180648375,0.105601212510623,89,0,0.0279019767937754,0.0799204487736341,"Ureidoglycolate lyase"
"252","EC.4.4.1.16","Genotype","MUT",-0.0740857691723635,0.0378612138320898,89,0,0.0610143119957116,0.162341960124529,"Selenocysteine lyase"
"253","EC.4.4.1.24","Genotype","MUT",0.467409291618412,0.224294367812928,89,0,0.0468606768325846,0.128205025871326,"(2R)-sulfolactate sulfo-lyase"
"254","EC.4.6.1.1","Genotype","HET",-0.17133764850314,0.085471889000532,89,0,0.0551672763499887,0.148296584065277,"Adenylate cyclase"
"255","EC.4.99.1.1","Genotype","MUT",-0.197483779855605,0.101828844120794,89,0,0.0630184202647944,0.166530727585537,"Ferrochelatase"
"256","EC.5.1.1.1","Genotype","MUT",-0.0343329218421086,0.0179410526966521,89,0,0.0665404797696735,0.174573529024318,"Alanine racemase"
"257","EC.5.1.1.18","Genotype","MUT",0.317798779798017,0.130330915330924,89,0,0.016885956788086,0.0499193090069441,"Serine racemase"
"258","EC.5.1.3.13","Genotype","MUT",0.0388465689028035,0.0192574304198374,89,0,0.0540452847598462,0.145613837200675,"dTDP-4-dehydrorhamnose 3,5-epimerase"
"259","EC.5.1.3.2","Genotype","MUT",0.0210065669780313,0.01080318249183,89,0,0.0626854103057536,0.165895614034522,"UDP-glucose 4-epimerase"
"260","EC.5.1.3.30","Genotype","MUT",0.396945413881715,0.1182803406036,89,0,0.00243714032361794,0.00788733494329677,"D-psicose 3-epimerase"
"261","EC.5.1.3.31","Genotype","MUT",0.396945413881715,0.1182803406036,89,0,0.00243714032361794,0.00788733494329677,"D-tagatose 3-epimerase"
"262","EC.5.1.3.5","Genotype","MUT",0.704846183041179,0.274157614978646,89,0,0.0161501979430534,0.0479251767766857,"UDP-arabinose 4-epimerase"
"263","EC.5.2.1.13","Genotype","MUT",0.574898869054597,0.175384082153339,89,0,0.00288819890315007,0.00928632056642536,"Prolycopene isomerase"
"264","EC.5.3.1.24","Genotype","MUT",-0.0389020917222409,0.0219738394475752,89,0,0.0882192492363075,0.222980857297581,"Phosphoribosylanthranilate isomerase"
"265","EC.5.3.1.27","Genotype","MUT",0.22851978707332,0.13019998194673,89,0,0.090672312035141,0.228383952655692,"6-phospho-3-hexuloisomerase"
"266","EC.5.3.1.30","Genotype","HET",0.201721906226866,0.105785065957874,89,0,0.0673206365509562,0.17657101630269,"5-deoxy-glucuronate isomerase"
"267","EC.5.3.1.30","Genotype","MUT",0.327317539987136,0.127193442772156,89,0,0.0159745699177305,0.0474489675551938,"5-deoxy-glucuronate isomerase"
"268","EC.5.3.1.6","Genotype","MUT",0.0182757603775215,0.0100513412460261,89,0,0.0803156460667689,0.205323944162529,"Ribose-5-phosphate isomerase"
"269","EC.5.4.99.1","Genotype","MUT",1.42691922778423,0.590952685455834,89,0,0.023034301206784,0.0669162831903946,"Methylaspartate mutase"
"270","EC.5.4.99.16","Genotype","MUT",0.44442364819372,0.146943154679113,89,0,0.00541881401977208,0.0168967002043673,"Maltose alpha-D-glucosyltransferase"
"271","EC.5.4.99.17","Genotype","MUT",0.37962149511717,0.161447566915107,89,0,0.0262911918216844,0.0756757803813495,"Squalene--hopene cyclase"
"272","EC.6.2.1.16","Genotype","MUT",0.507905905809222,0.266664827717556,89,0,0.067664291709449,0.177274406193607,"Acetoacetate--CoA ligase"
"273","EC.6.2.1.16","Genotype","HET",-0.496085534181775,0.221687125921569,89,0,0.0337525722322834,0.0951411389505858,"Acetoacetate--CoA ligase"
"274","EC.6.2.1.31","Genotype","MUT",0.293981648090184,0.171465957540575,89,0,0.0980048300178144,0.24371502859115,"2-furoate--CoA ligase"
"275","EC.6.3.2.2","Genotype","MUT",-0.266182033178284,0.136950216014262,89,0,0.0626751433947403,0.165895614034522,"Glutamate--cysteine ligase"
"276","EC.6.3.2.31","Genotype","HET",0.333692075445152,0.156288484584845,89,0,0.0419645316530627,0.115923779735526,"Coenzyme F420-0:L-glutamate ligase"
"277","EC.6.3.2.34","Genotype","HET",0.333692075445152,0.156288484584845,89,0,0.0419645316530627,0.115923779735526,"Coenzyme F420-1:gamma-L-glutamate ligase"
"278","EC.6.3.2.43","Genotype","HET",0.27996682641916,0.156624908481976,89,0,0.0852031128156286,0.216522381634523,"[Lysine-biosynthesis-protein LysW]--L-2-aminoadipate ligase"
"279","EC.6.3.2.43","Genotype","MUT",0.323579777648765,0.188293273643181,89,0,0.0973442032359594,0.242457261241209,"[Lysine-biosynthesis-protein LysW]--L-2-aminoadipate ligase"
"280","EC.6.3.4.18","Genotype","MUT",-0.195291059749288,0.0815659579739698,89,0,0.023940681540612,0.0693136219026348,"5-(carboxyamino)imidazole ribonucleotide synthase"
"281","EC.6.3.5.3","Genotype","MUT",-0.0753574259902024,0.0266317148399419,89,0,0.00874571814612937,0.0266599681969129,"Phosphoribosylformylglycinamidine synthase"
"282","EC.6.4.1.1","Genotype","MUT",-0.107727617174371,0.0525457321654675,89,0,0.0505262148411536,0.136878255026712,"Pyruvate carboxylase"
"283","EC.6.4.1.4","Genotype","HET",-0.312196766719582,0.179105697546468,89,0,0.092903857073765,0.233065884434719,"Methylcrotonoyl-CoA carboxylase"
"284","EC.6.5.1.1","Genotype","HET",-0.268289395395613,0.129897170673362,89,0,0.0487708625358116,0.132773762249768,"DNA ligase (ATP)"
"285","EC.6.5.1.6","Genotype","HET",-0.491279235953846,0.283995616901865,89,0,0.0952631964991025,0.23809463450627,"DNA ligase (ATP or NAD(+))"
"286","EC.6.5.1.7","Genotype","HET",-0.491279235953846,0.283995616901865,89,0,0.0952631964991025,0.23809463450627,"DNA ligase (ATP, ADP or GTP)"
