OTU ID	SLCFP145	SLCFP146	SLCFP147	SLCFP151	SLCFP152	SLCFP153	SLCFP157	SLCFP158	SLCFP159	SLCFP163	SLCFP164	SLCFP165	SLCFP169	SLCFP170	SLCFP171	SLCFP175	SLCFP176	SLCFP177	SLCFP001	SLCFP002	SLCFP003	SLCFP007	SLCFP008	SLCFP009	SLCFP013	SLCFP014	SLCFP015	SLCFP019a	SLCFP020	SLCFP021	SLCFP025	SLCFP026	SLCFP027	SLCFP031	SLCFP032	SLCFP033	SLCFP037	SLCFP038	SLCFP039	SLCFP043	SLCFP044	SLCFP045	SLCFP049	SLCFP050	SLCFP051	SLCFP055	SLCFP056	SLCFP057	SLCFP061	SLCFP062	SLCFP063	SLCFP067	SLCFP068	SLCFP069	SLCFP073	SLCFP074	SLCFP075	SLCFP079	SLCFP080	SLCFP081	SLCFP085	SLCFP086	SLCFP087	SLCFP091	SLCFP092	SLCFP093	SLCFP097	SLCFP098	SLCFP099	SLCFP103	SLCFP104	SLCFP105	SLCFP109	SLCFP110	SLCFP111	SLCFP115	SLCFP116	SLCFP117	SLCFP121	SLCFP122	SLCFP123	SLCFP127	SLCFP128	SLCFP129	SLCFP133	SLCFP134	SLCFP135	SLCFP139	SLCFP140	SLCFP141	taxonomy
k__Bacteria;p__;c__;o__;f__;g__	0	0	0	0	0	0	0	0	3	0	0	0	0	0	0	0	0	0	0	0	0	0	0	0	0	0	0	0	0	0	0	0	0	0	0	0	0	0	0	0	0	0	0	0	0	0	0	0	0	0	0	0	0	0	0	0	0	0	0	0	0	0	0	0	0	0	0	0	0	0	0	0	0	0	0	0	0	0	0	0	0	0	0	0	0	0	0	0	0	0	
k__Bacteria;p__Actinobacteriota;c__Actinobacteria;o__Bifidobacteriales;f__Bifidobacteriaceae;g__Bifidobacterium	4002	1435	356	732	477	661	584	728	372	551	414	385	3045	2318	1181	162	99	162	104	0	45	87	57	40	152	42	67	152	67	69	63	0	0	165	129	64	0	0	0	123	0	34	38	54	25	0	0	0	0	0	0	0	0	12	0	0	0	0	0	0	0	0	0	0	0	0	0	0	0	0	0	0	31	0	8	248	132	20	0	0	0	200	130	11	0	0	0	114	82	52	
k__Bacteria;p__Actinobacteriota;c__Coriobacteriia;o__Coriobacteriales;f__Atopobiaceae;g__Coriobacteriaceae UCG-002	2509	2787	842	692	922	859	269	879	374	1733	1536	1185	949	1045	633	335	388	382	281	249	338	317	365	288	512	460	692	885	759	598	371	230	427	558	643	714	0	0	0	550	315	638	235	171	113	13	16	24	428	550	438	50	75	28	0	0	0	26	23	15	5	7	0	31	38	30	20	21	0	0	0	21	394	158	221	168	141	29	87	37	71	299	553	127	34	42	27	173	166	138	
k__Bacteria;p__Actinobacteriota;c__Coriobacteriia;o__Coriobacteriales;f__Coriobacteriales Incertae Sedis;g__	34	53	43	29	78	62	34	132	57	0	0	0	0	0	0	0	0	0	0	0	0	0	0	0	0	0	0	0	0	0	0	0	0	0	0	0	0	0	0	0	0	0	0	0	0	0	0	0	0	0	0	0	0	0	0	0	0	0	0	0	2	6	0	0	0	0	0	0	0	0	0	0	0	0	0	0	0	0	0	0	0	0	0	0	0	0	0	0	0	0	
k__Bacteria;p__Actinobacteriota;c__Coriobacteriia;o__Coriobacteriales;f__Eggerthellaceae;g__	41	89	65	53	121	188	35	161	67	124	82	106	31	41	44	113	94	117	0	0	0	0	8	0	0	0	0	0	8	10	4	0	28	0	0	0	0	0	0	0	0	0	0	0	0	7	0	6	0	0	0	0	0	0	0	0	0	0	0	0	0	0	0	0	0	0	0	0	0	0	0	0	0	0	9	0	0	0	12	0	0	0	0	0	0	0	0	6	0	0	
k__Bacteria;p__Actinobacteriota;c__Coriobacteriia;o__Coriobacteriales;f__Eggerthellaceae;g__Enterorhabdus	213	429	193	124	234	415	145	440	262	505	435	543	189	395	366	220	386	605	0	4	9	9	0	0	10	27	49	60	77	94	0	11	48	32	36	99	12	0	0	43	41	116	42	48	77	0	15	10	21	21	47	0	0	6	18	26	31	11	36	39	14	43	5	12	29	12	24	12	32	16	0	12	22	8	9	8	9	0	0	0	0	24	77	23	32	39	22	4	11	11	
k__Bacteria;p__Actinobacteriota;c__Coriobacteriia;o__Coriobacteriales;f__Eggerthellaceae;g__Gordonibacter	0	0	0	0	0	0	0	0	0	0	0	0	0	0	0	0	0	0	0	0	0	0	0	0	0	0	0	0	0	0	0	0	0	0	0	0	0	0	0	0	0	0	0	0	0	0	0	0	0	0	0	0	0	0	0	0	0	0	0	0	0	0	0	0	0	0	0	0	0	0	0	0	0	0	0	0	0	0	3	0	0	0	0	0	0	0	0	0	0	0	
k__Bacteria;p__Actinobacteriota;c__Coriobacteriia;o__Coriobacteriales;f__Eggerthellaceae;g__Parvibacter	0	0	0	5	0	11	0	0	0	0	0	0	0	0	0	0	0	0	0	0	0	0	0	0	0	0	0	0	0	0	0	0	0	0	0	0	0	0	0	0	0	0	0	0	0	0	0	0	0	0	0	0	0	0	0	0	0	0	0	0	0	0	0	0	0	0	0	0	0	0	0	0	0	0	0	0	0	0	0	0	0	0	0	0	0	0	0	0	0	0	
k__Bacteria;p__Bacteroidota;c__Bacteroidia;o__Bacteroidales;f__;g__	0	0	0	0	0	0	0	0	0	5	0	0	0	0	0	0	0	0	0	0	0	0	0	0	0	0	0	0	0	0	0	0	0	0	0	0	0	0	0	0	0	0	0	0	0	0	0	0	0	0	0	0	0	0	0	0	0	0	0	0	0	0	0	0	0	0	0	0	0	0	0	0	0	0	0	0	0	0	0	0	0	0	0	0	0	0	0	0	0	0	
k__Bacteria;p__Bacteroidota;c__Bacteroidia;o__Bacteroidales;f__Bacteroidaceae;g__Bacteroides	2001	1307	1404	2689	1963	2494	4052	4287	2843	2794	2328	1446	1594	1337	1285	4655	2352	1968	902	340	374	1071	659	653	461	334	424	440	547	349	1106	548	604	394	312	336	406	348	419	696	331	600	607	600	684	918	432	334	649	819	628	365	255	189	364	217	100	165	202	107	238	286	34	441	401	341	812	478	355	313	88	368	792	148	232	325	183	38	292	67	181	251	534	250	421	674	320	256	187	282	
k__Bacteria;p__Bacteroidota;c__Bacteroidia;o__Bacteroidales;f__Marinifilaceae;g__Odoribacter	105	294	248	12	48	34	190	580	466	372	280	310	107	343	420	69	155	166	121	66	113	108	139	89	99	122	141	70	88	86	139	94	95	61	45	118	171	79	133	65	55	97	159	92	214	73	83	96	73	58	139	30	21	27	75	103	82	34	158	154	260	348	114	171	137	225	54	50	27	74	21	43	101	46	69	48	42	13	43	16	15	28	55	27	63	153	104	45	74	109	
k__Bacteria;p__Bacteroidota;c__Bacteroidia;o__Bacteroidales;f__Muribaculaceae;g__	138404	86581	35840	110494	64913	62964	152029	166850	77921	120780	96602	59478	158180	121035	122790	135044	90641	79938	34017	13851	19790	40446	19974	19684	45614	24780	37744	37220	34123	33908	41375	18830	17377	52990	34510	24379	18844	10811	9412	47598	13518	28023	68785	37942	20568	25677	11265	8979	27275	34481	21424	18892	25315	10876	28150	32541	10608	19312	21737	10807	25182	33240	3056	24445	17497	13378	24100	14145	8055	6313	3472	5542	31410	9408	12901	22448	10117	3005	19179	7128	11456	24870	41202	12129	29225	37538	11574	21381	12857	11499	
k__Bacteria;p__Bacteroidota;c__Bacteroidia;o__Bacteroidales;f__Muribaculaceae;g__Muribaculum	5814	4588	2653	2566	2803	1782	4691	8381	4346	4843	4198	2440	4064	4154	4346	1771	1654	1590	1342	774	985	1407	799	754	1881	1255	1502	704	871	677	994	558	550	941	939	830	386	309	265	1721	694	1086	1471	1059	957	328	206	167	793	1143	863	628	607	265	1404	1214	466	677	882	366	458	650	92	592	454	318	1722	1149	841	466	153	382	885	244	569	1041	395	109	447	139	253	915	1369	553	881	1086	465	853	514	608	
k__Bacteria;p__Bacteroidota;c__Bacteroidia;o__Bacteroidales;f__Prevotellaceae;g__Prevotella_9	21	27	8	0	0	13	0	24	12	18	17	0	0	0	25	21	0	0	0	0	0	0	0	0	0	0	0	0	0	0	0	0	0	0	0	0	0	0	0	0	0	0	0	0	0	0	0	0	0	0	0	0	0	0	0	0	0	0	0	0	0	0	0	0	0	0	0	0	0	0	0	0	0	0	0	0	0	0	0	0	0	0	0	0	0	0	0	0	0	0	
k__Bacteria;p__Bacteroidota;c__Bacteroidia;o__Bacteroidales;f__Rikenellaceae;g__Alistipes	898	1704	1125	606	1204	1894	1165	2826	2400	1970	1607	2839	337	775	1276	584	962	1838	835	534	1006	631	840	716	239	268	351	194	289	227	100	69	86	83	75	136	108	66	108	101	78	213	127	69	151	920	934	1366	77	109	197	179	188	165	227	194	173	65	287	326	324	451	149	1271	1102	1250	200	140	85	215	104	190	410	138	225	98	118	39	130	31	58	83	259	106	47	130	121	58	89	121	
k__Bacteria;p__Bacteroidota;c__Bacteroidia;o__Bacteroidales;f__Rikenellaceae;g__Rikenella	311	484	372	126	310	369	621	2206	1306	625	549	589	83	313	440	162	444	488	67	66	120	76	162	197	38	86	105	6	0	10	21	0	21	21	10	45	10	0	0	0	0	0	0	0	0	45	51	54	9	12	27	18	23	14	0	0	0	0	0	0	0	0	0	85	54	60	20	20	11	36	18	31	31	20	24	0	0	4	43	12	27	9	20	0	21	0	25	0	0	0	
k__Bacteria;p__Bacteroidota;c__Bacteroidia;o__Bacteroidales;f__Rikenellaceae;g__Rikenellaceae RC9 gut group	1969	2023	1531	618	546	435	639	1058	538	1524	998	739	255	317	249	358	242	222	233	141	160	144	58	93	110	56	75	82	86	74	274	113	89	69	49	55	117	116	87	280	172	217	169	98	111	147	89	68	0	86	60	37	34	5	60	48	8	31	34	34	21	37	0	32	85	44	85	48	0	58	15	32	109	30	16	71	38	11	37	17	0	56	120	29	84	198	38	61	94	16	
k__Bacteria;p__Bacteroidota;c__Bacteroidia;o__Bacteroidales;f__Tannerellaceae;g__Parabacteroides	2117	1794	1589	907	1182	1582	555	1410	866	656	494	491	215	246	241	227	233	236	392	240	230	1002	758	591	177	132	206	579	714	463	1495	820	723	374	303	262	114	148	131	772	514	666	386	246	372	263	143	94	412	454	539	110	105	114	22	13	10	10	15	12	0	0	4	250	226	121	798	439	170	112	42	104	337	107	113	35	23	0	227	63	117	21	132	77	0	87	50	213	211	256	
k__Bacteria;p__Cyanobacteria;c__Vampirivibrionia;o__Gastranaerophilales;f__;g__	232	186	150	32	39	38	65	73	41	111	105	74	147	145	141	45	96	95	176	62	89	131	89	32	72	56	57	33	40	0	121	22	9	0	4	6	17	26	10	24	9	6	5	21	21	0	48	16	42	46	31	16	12	6	0	11	0	0	0	0	16	53	0	6	79	13	18	27	0	10	0	11	272	70	62	72	100	40	69	35	49	9	50	31	0	18	8	19	14	16	
k__Bacteria;p__Deferribacterota;c__Deferribacteres;o__Deferribacterales;f__Deferribacteraceae;g__Mucispirillum	0	0	0	0	0	0	0	0	0	0	0	0	0	0	0	0	0	0	0	0	26	8	0	0	0	5	15	0	0	5	0	0	5	0	0	5	0	0	0	0	0	3	0	0	0	0	0	0	0	0	0	0	0	0	0	0	0	0	0	0	0	0	0	0	0	0	0	0	0	0	0	0	0	0	0	0	0	0	0	0	0	0	0	0	0	0	0	0	0	0	
k__Bacteria;p__Desulfobacterota;c__Desulfovibrionia;o__Desulfovibrionales;f__Desulfovibrionaceae;g__Bilophila	27	168	113	6	57	89	72	341	242	43	56	41	9	57	93	6	39	59	19	29	42	0	56	35	5	50	75	22	45	31	0	12	18	0	8	27	44	18	49	24	51	26	66	30	40	10	24	37	14	25	113	0	10	7	0	0	0	0	0	0	0	0	0	76	95	42	30	43	15	11	8	18	6	7	9	0	13	9	14	8	14	5	8	12	6	9	7	15	38	36	
k__Bacteria;p__Desulfobacterota;c__Desulfovibrionia;o__Desulfovibrionales;f__Desulfovibrionaceae;g__Desulfovibrio	392	4636	4733	347	4030	7601	851	8571	6271	5121	3681	6066	247	2050	4342	690	4955	9856	51	156	343	59	425	578	78	922	1820	506	887	2061	62	170	773	69	65	1402	176	103	314	59	111	320	267	144	351	111	273	1136	58	119	507	47	75	324	119	108	294	38	157	438	108	99	194	440	368	510	262	286	505	102	62	152	50	93	275	30	104	65	594	119	391	55	87	157	276	467	619	69	280	752	
k__Bacteria;p__Firmicutes;c__Bacilli;o__;f__;g__	3	0	0	0	0	0	0	0	0	4	2	0	0	0	0	0	0	0	0	0	0	0	0	0	0	0	0	0	0	0	0	0	0	0	0	0	0	0	0	0	0	0	0	0	0	0	0	0	0	0	0	0	0	0	0	0	0	0	0	0	0	0	0	0	0	0	0	0	0	0	0	0	0	0	0	0	0	0	0	0	0	0	0	0	0	0	0	0	0	0	
k__Bacteria;p__Firmicutes;c__Bacilli;o__Acholeplasmatales;f__Acholeplasmataceae;g__Anaeroplasma	41	202	105	6	7	15	26	178	149	0	0	0	16	82	83	0	0	0	55	36	93	34	54	37	73	172	152	9	24	27	61	70	78	24	30	54	45	54	46	28	17	28	25	25	73	92	163	537	35	29	67	25	37	28	19	32	36	11	108	138	38	84	42	193	188	163	15	28	0	107	52	21	59	66	30	0	0	0	55	25	26	0	11	3	0	0	0	92	261	277	
k__Bacteria;p__Firmicutes;c__Bacilli;o__Bacillales;f__Bacillaceae;g__Bacillus	57	65	31	29	37	39	33	76	52	48	55	41	26	29	31	23	25	30	0	0	0	0	0	0	0	0	0	0	0	0	0	0	0	0	0	0	0	0	0	0	0	0	0	0	0	0	0	0	0	0	0	0	0	0	0	0	0	0	0	0	0	0	0	0	0	0	0	0	0	0	0	0	0	0	0	0	0	0	0	0	0	0	0	0	0	0	0	0	0	0	
k__Bacteria;p__Firmicutes;c__Bacilli;o__Erysipelotrichales;f__Erysipelatoclostridiaceae;g__	23	17	15	29	56	59	28	37	32	71	54	51	7	15	20	33	15	31	20	15	26	30	27	31	5	0	0	0	0	10	13	8	23	0	0	0	24	9	19	0	0	8	9	0	0	18	18	32	12	9	0	0	0	0	14	4	4	0	0	5	0	0	0	104	48	71	22	11	0	5	0	0	49	0	23	12	0	0	19	13	16	0	0	0	0	0	0	18	19	31	
k__Bacteria;p__Firmicutes;c__Bacilli;o__Erysipelotrichales;f__Erysipelatoclostridiaceae;g__Erysipelatoclostridium	392	546	435	416	592	753	458	706	615	89	59	62	82	68	105	364	207	222	0	11	15	137	114	80	7	7	4	40	61	39	62	21	63	23	12	35	40	30	46	148	158	215	16	23	46	47	45	30	79	73	77	8	14	19	0	0	0	0	0	0	0	0	0	49	70	44	152	62	107	20	7	19	70	18	42	5	0	0	77	41	85	19	37	31	0	11	0	49	19	41	
k__Bacteria;p__Firmicutes;c__Bacilli;o__Erysipelotrichales;f__Erysipelotrichaceae;g__	218	463	385	133	299	330	247	461	414	664	379	450	99	130	183	209	195	268	33	36	64	68	72	76	34	40	58	23	31	44	23	18	45	12	11	23	58	38	88	20	16	39	20	26	50	47	45	89	25	24	23	18	0	10	75	68	54	49	138	130	37	46	13	58	77	83	52	12	31	9	5	15	40	5	12	11	6	0	36	13	19	8	14	14	8	13	18	18	14	35	
k__Bacteria;p__Firmicutes;c__Bacilli;o__Erysipelotrichales;f__Erysipelotrichaceae;g__Dubosiella	0	0	0	0	0	0	0	0	0	0	0	0	0	0	0	0	0	0	14	9	0	0	0	13	0	8	20	28	0	27	21	8	16	27	12	18	10	0	0	0	0	16	16	0	12	12	14	0	6	16	9	0	0	0	11	9	0	14	0	13	15	22	0	7	0	0	16	12	15	0	9	0	15	0	0	0	0	0	13	0	9	16	0	0	0	12	0	16	0	0	
k__Bacteria;p__Firmicutes;c__Bacilli;o__Erysipelotrichales;f__Erysipelotrichaceae;g__Faecalibaculum	5936	6212	2535	1024	1270	732	792	1875	1065	13537	5747	3764	10359	6799	4013	597	380	328	326	311	330	436	356	265	722	308	619	22445	20344	13064	6876	2658	6483	27521	16924	15344	87	76	70	123	95	112	218	132	155	110	113	146	5687	3549	1786	226	157	141	99	105	59	80	115	92	102	136	55	460	563	300	3070	1802	2246	236	108	183	153	82	105	141	97	26	7012	4604	7377	94	127	97	82	107	101	1668	1132	1131	
k__Bacteria;p__Firmicutes;c__Bacilli;o__Erysipelotrichales;f__Erysipelotrichaceae;g__Turicibacter	25822	25165	17040	17512	20239	28147	13313	26103	12948	23722	26364	27620	2478	4283	4453	804	698	749	12	13	0	20	23	0	0	14	41	719	1294	963	4175	2893	4449	1880	2049	2103	19	0	19	6328	5150	9856	0	13	12	0	72	18	1988	3118	3035	921	1204	882	0	8	0	5184	3667	4146	0	24	0	15	29	0	14	27	0	34	12	18	6084	1259	4061	3622	2617	673	10	0	11	21	27	0	31	54	48	5677	4519	7380	
k__Bacteria;p__Firmicutes;c__Bacilli;o__Lactobacillales;f__Enterococcaceae;g__Enterococcus	0	0	0	0	0	0	0	0	0	0	0	0	6	0	0	7	8	0	0	0	0	19	0	0	0	0	13	15	0	0	8	0	0	0	0	0	0	0	0	0	0	0	78	36	30	0	0	20	34	26	12	0	0	0	0	0	0	0	0	0	0	0	0	0	0	0	0	0	0	0	0	0	0	0	0	0	0	0	0	0	0	0	0	0	0	0	0	0	0	0	
k__Bacteria;p__Firmicutes;c__Bacilli;o__Lactobacillales;f__Lactobacillaceae;g__	0	0	0	0	0	0	0	0	0	0	0	0	0	0	0	0	0	0	0	0	0	0	0	0	0	0	0	0	0	0	0	0	0	0	0	0	0	0	0	0	0	0	0	0	0	0	0	0	0	0	0	0	0	0	71	78	0	1741	607	562	688	1237	267	0	0	0	0	0	0	0	0	0	0	0	0	0	0	0	0	0	0	0	0	0	0	0	0	0	0	0	
k__Bacteria;p__Firmicutes;c__Bacilli;o__Lactobacillales;f__Lactobacillaceae;g__HT002	725	738	312	1919	3028	2271	308	637	335	5080	4181	3304	116	121	126	69	88	84	1400	856	903	1485	1030	1072	363	349	456	747	925	783	598	405	745	632	866	808	31	10	24	80	44	47	582	740	625	3094	3836	2687	1164	1331	859	1134	1232	868	291	327	228	6548	2350	2205	3119	5609	1290	4844	9559	5008	1937	1151	1794	688	310	821	801	255	617	273	171	36	91	36	63	513	714	316	522	781	571	376	279	396	
k__Bacteria;p__Firmicutes;c__Bacilli;o__Lactobacillales;f__Lactobacillaceae;g__Lactobacillus	32870	33184	12380	7776	10930	9872	1348	2286	1166	17580	15566	11961	256	296	246	193	206	202	6865	4762	4886	8155	6290	7851	978	1053	1161	1150	1613	1369	480	395	716	1024	1207	1192	87	75	90	254	211	300	542	847	638	3674	5307	3949	2174	2365	1419	1560	1487	1217	1022	1055	596	47077	17728	15652	14196	22973	4636	6901	10412	6796	3656	1951	3395	155	71	131	3331	692	2387	1111	601	124	1175	310	852	950	1044	666	77	119	95	607	366	594	
k__Bacteria;p__Firmicutes;c__Bacilli;o__Lactobacillales;f__Lactobacillaceae;g__Ligilactobacillus	14778	8332	3631	33769	34202	25049	6203	14012	5176	7040	4866	3535	15305	13795	10565	79673	66611	40967	6397	4971	5139	15862	8626	8268	3682	2214	2317	2304	2556	1674	2253	1110	1609	4123	5059	3230	6637	7277	12183	3123	1859	1847	2187	2477	1156	11566	13746	7524	8586	6884	2391	9197	7476	4804	42714	23388	10672	9295	2192	1806	11559	19644	2942	8296	23516	10714	23159	11874	18821	19389	9477	23202	1858	336	719	11641	3609	695	2484	598	1388	20407	14661	6456	4634	3878	2947	6362	3147	3845	
k__Bacteria;p__Firmicutes;c__Bacilli;o__Lactobacillales;f__Lactobacillaceae;g__Weissella	0	0	0	0	0	0	0	0	0	0	0	0	0	0	0	0	0	0	0	0	0	0	0	0	0	0	0	0	11	0	0	0	0	0	0	0	0	0	0	0	0	0	0	0	0	0	0	0	0	0	0	0	0	0	0	0	0	0	0	0	0	0	0	0	0	0	0	0	0	0	0	0	0	0	0	0	0	0	0	0	0	0	0	0	0	0	0	0	0	0	
k__Bacteria;p__Firmicutes;c__Bacilli;o__Lactobacillales;f__Listeriaceae;g__Listeria	0	0	0	0	0	0	0	0	0	0	0	0	0	0	0	0	0	0	26	0	26	28	28	27	18	26	40	27	34	26	39	25	25	33	26	32	29	18	25	29	30	46	32	0	29	25	26	30	0	24	31	20	16	14	25	17	14	0	34	24	15	48	15	32	40	28	36	25	20	36	10	37	23	20	27	18	21	8	27	0	17	18	26	18	0	28	22	28	19	29	
k__Bacteria;p__Firmicutes;c__Bacilli;o__Lactobacillales;f__Streptococcaceae;g__Streptococcus	67	62	27	10	37	42	38	80	43	43	30	34	15	35	32	32	37	44	43	26	27	20	10	14	9	12	18	0	16	13	9	6	11	0	0	22	0	13	10	0	0	0	0	0	0	0	0	0	0	0	0	0	0	0	0	0	0	0	0	0	0	10	0	0	0	0	0	0	0	0	0	0	0	0	0	0	0	0	0	0	0	6	9	0	0	0	0	0	0	0	
k__Bacteria;p__Firmicutes;c__Bacilli;o__RF39;f__;g__	124	176	198	93	75	128	275	327	313	104	73	82	59	88	143	188	191	298	66	25	66	94	51	59	7	0	15	29	65	35	55	0	36	22	10	4	110	69	119	40	19	31	23	31	64	10	5	11	43	30	23	0	0	0	0	0	0	0	0	11	0	0	0	158	88	110	88	27	14	45	11	41	65	10	18	82	51	36	45	17	50	13	0	0	28	33	41	24	42	63	
k__Bacteria;p__Firmicutes;c__Bacilli;o__Staphylococcales;f__Staphylococcaceae;g__Staphylococcus	0	0	0	0	0	0	0	16	0	0	0	0	10	0	0	586	423	492	258	113	147	180	107	109	197	82	130	473	381	237	417	157	283	232	221	191	0	0	0	0	0	0	0	0	0	0	0	0	0	0	0	0	0	0	462	351	178	0	0	0	9	11	0	7	0	0	8	5	0	0	0	0	0	0	0	8	0	0	0	0	0	0	0	0	0	0	0	0	0	0	
k__Bacteria;p__Firmicutes;c__Clostridia;o__;f__;g__	0	0	0	0	0	0	0	0	0	0	0	0	0	0	0	3	0	0	0	0	0	0	0	0	0	0	0	0	0	0	0	0	0	0	0	0	0	0	0	0	0	0	0	0	0	0	0	0	0	0	0	0	0	0	0	0	0	0	0	0	0	0	0	0	0	0	0	0	0	0	0	0	0	0	0	0	0	0	0	0	0	0	0	0	0	0	0	0	0	0	
k__Bacteria;p__Firmicutes;c__Clostridia;o__Christensenellales;f__Christensenellaceae;g__	51	77	107	15	12	43	52	92	116	43	44	55	24	27	51	15	35	34	32	13	18	45	32	26	22	21	30	21	25	33	48	18	44	0	7	0	31	23	26	14	9	17	22	16	21	0	0	0	8	7	9	0	0	0	0	0	0	0	0	0	0	0	0	30	24	31	13	0	7	0	0	5	18	0	21	17	11	0	26	12	0	0	8	0	0	10	5	21	21	49	
k__Bacteria;p__Firmicutes;c__Clostridia;o__Christensenellales;f__Christensenellaceae;g__Christensenellaceae R-7 group	199	175	105	134	110	179	288	462	293	238	153	137	74	114	98	225	145	169	15	5	10	60	51	52	18	11	23	17	15	19	33	30	60	0	4	9	60	41	58	17	4	15	24	17	29	56	52	89	11	0	8	10	0	8	0	0	0	0	0	0	0	0	0	0	0	0	0	0	0	0	0	0	21	5	16	19	0	0	28	13	27	11	24	0	7	7	0	39	43	56	
k__Bacteria;p__Firmicutes;c__Clostridia;o__Clostridia UCG-014;f__;g__	5114	4747	5506	1392	1202	2644	8144	9562	7546	3035	2831	3358	403	598	1097	2152	2168	2825	1654	804	1296	1485	1156	1100	387	417	573	737	1035	901	1599	763	1279	545	570	714	2261	1844	2415	1161	783	1168	524	506	980	1187	778	1156	360	337	409	379	268	324	95	63	88	122	104	139	63	96	32	2686	1750	2289	322	133	148	122	38	151	1071	287	872	1161	629	270	1649	344	1183	414	589	389	523	622	708	1857	1457	2801	
k__Bacteria;p__Firmicutes;c__Clostridia;o__Clostridia vadinBB60 group;f__;g__	1084	5292	2811	191	890	858	767	5626	3789	1269	883	1179	71	592	618	275	791	1109	491	468	761	482	1494	1056	229	629	664	281	453	493	367	356	805	39	58	263	182	138	129	149	226	540	93	88	259	387	610	1741	63	53	226	61	101	80	52	96	7	0	195	105	118	403	90	652	1216	721	56	123	2	38	8	11	498	477	153	40	156	48	261	151	143	15	73	28	15	82	38	107	381	500	
k__Bacteria;p__Firmicutes;c__Clostridia;o__Clostridiales;f__Clostridiaceae;g__Candidatus Arthromitus	27	42	20	19	17	24	19	35	31	25	21	17	17	19	18	19	20	19	35	35	17	45	36	35	15	8	21	12	13	13	17	15	20	15	0	23	36	67	61	12	9	23	21	27	23	10	22	22	15	17	13	22	24	17	10	15	0	37	36	19	0	23	0	16	14	19	70	32	14	0	0	18	34	16	21	35	31	0	27	11	22	36	44	19	20	75	56	8	10	9	
k__Bacteria;p__Firmicutes;c__Clostridia;o__Clostridiales;f__Clostridiaceae;g__Clostridium sensu stricto 1	0	0	9	0	7	0	0	16	0	0	0	0	0	0	0	0	0	7	4	5	0	0	0	0	0	0	0	0	0	6	0	0	0	0	0	8	0	0	0	1995	2195	4701	0	0	0	8	55	12	0	0	6	4372	4996	6066	0	0	4	9	15	0	0	0	0	0	0	0	0	0	0	0	0	0	0	0	0	0	0	0	0	0	0	0	0	0	0	0	0	0	0	0	
k__Bacteria;p__Firmicutes;c__Clostridia;o__Clostridiales;f__Clostridiaceae;g__Clostridium sensu stricto 13	0	0	0	0	0	0	0	0	0	0	0	0	0	0	0	0	0	0	0	0	0	0	0	0	0	0	0	0	0	0	0	0	0	0	0	0	0	0	0	0	0	0	8	0	0	0	0	0	0	0	0	0	0	0	0	0	0	0	0	0	0	0	0	0	0	0	0	0	0	0	0	0	0	0	0	0	0	0	0	0	0	0	0	0	0	0	0	0	0	0	
k__Bacteria;p__Firmicutes;c__Clostridia;o__Eubacteriales;f__Anaerofustaceae;g__Anaerofustis	6	34	29	9	12	44	16	50	36	22	12	24	4	7	18	12	19	35	0	0	9	0	9	0	0	12	17	6	11	0	5	6	29	0	0	12	9	6	24	0	5	20	0	7	12	5	8	24	0	0	0	0	0	0	10	0	0	2	0	6	4	3	0	12	0	24	11	4	10	0	0	8	3	0	0	0	0	0	5	0	5	0	0	0	0	0	0	0	4	7	
k__Bacteria;p__Firmicutes;c__Clostridia;o__Lachnospirales;f__Defluviitaleaceae;g__Defluviitaleaceae UCG-011	139	132	192	29	44	96	121	177	163	0	0	0	0	0	0	0	0	0	20	10	12	28	18	0	13	8	12	9	11	7	38	14	26	0	0	0	16	8	0	9	0	6	12	11	20	32	21	36	7	0	6	10	8	0	21	0	0	0	0	11	0	0	0	11	7	0	6	0	0	0	0	0	21	6	11	14	0	0	39	0	22	3	7	0	0	0	4	21	22	14	
k__Bacteria;p__Firmicutes;c__Clostridia;o__Lachnospirales;f__Lachnospiraceae;g__	6241	25404	14050	1125	5769	10697	5303	19351	17213	6885	9184	10914	1476	8714	11826	2091	11994	14114	2163	2605	4150	1545	3896	4512	1557	6679	10007	3926	4181	4680	1468	2278	7524	696	1100	5999	4256	2633	4865	1946	1707	3031	10170	6200	15461	2246	3923	6482	1576	2518	7481	637	931	2061	2420	3513	2598	280	2594	3425	2294	3987	2961	3866	5603	4827	2322	2108	2304	3373	1792	4479	2842	3161	6047	610	1415	1033	1989	731	1209	788	2196	1789	1282	4184	2830	706	1669	2200	
k__Bacteria;p__Firmicutes;c__Clostridia;o__Lachnospirales;f__Lachnospiraceae;g__A2	370	1344	763	44	268	559	226	699	734	31	36	56	32	111	91	19	94	127	290	471	563	248	477	397	279	451	789	163	111	114	14	34	125	0	0	54	90	28	53	37	27	53	139	75	130	143	295	249	13	14	33	87	101	296	25	76	34	13	140	110	30	48	19	55	132	99	0	6	7	109	81	144	105	169	313	87	208	169	100	50	76	46	120	94	65	286	153	40	101	92	
k__Bacteria;p__Firmicutes;c__Clostridia;o__Lachnospirales;f__Lachnospiraceae;g__ASF356	488	2346	1870	83	927	1319	286	952	1590	750	386	531	62	162	585	63	303	438	143	215	271	104	177	178	139	670	898	195	197	205	140	135	494	12	0	15	42	20	39	107	87	159	70	84	328	85	133	201	206	177	489	36	47	77	312	263	460	0	307	641	130	255	294	49	599	391	584	249	183	27	0	28	160	146	264	34	158	100	609	181	241	35	63	167	30	632	605	148	676	995	
k__Bacteria;p__Firmicutes;c__Clostridia;o__Lachnospirales;f__Lachnospiraceae;g__Acetatifactor	41	155	113	6	26	45	20	135	210	32	47	35	14	275	263	13	191	202	80	25	45	0	0	0	24	118	123	24	37	22	0	0	0	0	0	39	6	0	11	0	0	0	0	13	21	0	13	26	10	8	11	0	0	0	58	127	75	0	36	8	37	67	44	0	27	14	22	12	0	129	53	99	10	23	16	12	49	21	15	7	0	14	43	56	0	74	47	0	0	16	
k__Bacteria;p__Firmicutes;c__Clostridia;o__Lachnospirales;f__Lachnospiraceae;g__Agathobacter	0	43	25	0	22	43	26	49	42	0	39	25	0	18	29	0	0	40	0	0	0	0	0	0	0	0	0	0	0	0	0	0	0	0	0	0	0	0	0	0	0	0	0	0	0	0	0	0	0	0	0	0	0	0	0	0	0	0	0	0	0	0	0	0	38	0	0	0	0	0	0	0	0	0	0	0	0	0	0	0	0	0	0	0	0	0	0	0	0	0	
k__Bacteria;p__Firmicutes;c__Clostridia;o__Lachnospirales;f__Lachnospiraceae;g__Anaerostipes	1147	1774	1710	0	15	13	17	43	11	0	0	8	0	0	9	11	0	0	178	157	193	134	245	121	61	190	162	309	405	312	174	214	336	12	17	38	0	0	0	0	0	0	0	0	0	26	38	36	0	0	0	64	69	68	0	0	0	0	0	0	0	0	0	0	0	0	0	0	0	0	0	0	127	167	332	114	260	120	296	154	277	12	30	30	0	0	0	19	16	13	
k__Bacteria;p__Firmicutes;c__Clostridia;o__Lachnospirales;f__Lachnospiraceae;g__Blautia	164	165	78	43	89	112	90	146	116	45	47	32	18	49	65	44	52	69	0	0	0	12	0	0	0	0	0	0	0	0	15	28	0	0	0	0	0	0	0	0	8	0	0	0	0	0	0	0	0	0	11	0	0	0	0	0	0	0	0	0	0	0	0	0	10	9	12	0	0	0	0	0	0	0	0	0	0	0	0	0	0	0	0	0	0	0	0	0	0	0	
k__Bacteria;p__Firmicutes;c__Clostridia;o__Lachnospirales;f__Lachnospiraceae;g__Dorea	200	959	745	65	331	899	320	984	926	0	0	0	105	196	428	72	224	222	0	0	0	0	0	0	0	0	0	0	0	0	0	0	0	0	0	0	0	0	0	0	0	0	0	0	0	0	0	0	0	0	0	0	0	0	0	0	0	0	0	0	0	0	0	0	0	0	0	0	0	0	0	0	0	0	0	0	0	0	0	0	0	0	0	0	0	0	0	0	0	0	
k__Bacteria;p__Firmicutes;c__Clostridia;o__Lachnospirales;f__Lachnospiraceae;g__Fusicatenibacter	20	26	17	0	12	25	0	0	18	0	24	19	0	22	21	0	0	19	0	0	0	0	0	0	0	0	0	0	0	0	0	0	0	0	0	0	0	0	0	0	0	0	0	0	0	0	0	0	0	0	0	0	0	0	0	0	0	0	0	0	0	0	0	0	12	0	0	0	0	0	0	0	0	0	0	0	0	0	0	0	0	0	0	0	0	0	0	0	0	0	
k__Bacteria;p__Firmicutes;c__Clostridia;o__Lachnospirales;f__Lachnospiraceae;g__GCA-900066575	586	1495	983	95	496	762	1081	3077	2379	457	413	424	80	355	526	96	668	687	165	179	347	225	336	375	150	613	728	155	186	216	36	38	142	11	47	222	118	75	104	146	124	162	39	112	308	44	130	52	41	89	155	122	245	451	29	44	35	0	26	53	55	65	48	93	279	185	108	102	131	242	139	282	112	117	234	59	145	74	172	50	132	135	286	228	35	246	170	101	189	295	
k__Bacteria;p__Firmicutes;c__Clostridia;o__Lachnospirales;f__Lachnospiraceae;g__Lachnoclostridium	1062	4968	4140	284	1180	2620	2548	8843	7415	2720	2812	3766	378	1423	2630	733	4887	6640	679	937	1888	568	1187	1568	549	2058	3711	1265	1634	2058	612	1156	3757	175	283	1694	1543	845	1855	754	635	1604	2262	1224	3055	801	1303	2339	551	1018	2747	334	393	921	719	1022	960	144	839	1549	957	1513	1427	1674	1931	2759	1287	1000	1144	1810	928	1861	373	519	1210	97	301	268	1843	547	1223	190	669	807	628	1265	1404	259	488	1071	
k__Bacteria;p__Firmicutes;c__Clostridia;o__Lachnospirales;f__Lachnospiraceae;g__Lachnospiraceae AC2044 group	13	30	33	8	43	51	0	32	25	2799	2935	3397	195	1326	2232	408	2488	2733	0	9	0	0	0	0	0	0	0	0	0	0	0	0	0	0	0	0	0	0	0	0	0	0	0	0	0	0	0	0	0	0	0	0	0	0	0	0	0	116	689	596	0	0	0	621	876	665	436	370	630	116	56	176	0	0	0	109	106	54	68	25	74	0	0	0	0	24	20	0	0	8	
k__Bacteria;p__Firmicutes;c__Clostridia;o__Lachnospirales;f__Lachnospiraceae;g__Lachnospiraceae FCS020 group	449	1332	952	130	443	1056	35	164	188	242	355	223	0	30	32	6	32	85	85	75	131	595	477	352	205	655	837	77	83	92	134	78	303	0	12	43	189	186	325	256	159	184	40	103	218	40	100	59	104	147	159	69	73	139	78	175	84	44	429	379	244	475	323	17	56	0	14	24	7	103	45	100	59	54	131	26	71	32	892	300	626	0	13	17	83	377	312	25	57	78	
k__Bacteria;p__Firmicutes;c__Clostridia;o__Lachnospirales;f__Lachnospiraceae;g__Lachnospiraceae ND3007 group	0	0	0	0	0	0	0	7	0	0	0	0	0	0	0	0	0	0	0	0	0	0	0	0	0	0	0	0	0	0	0	0	0	0	0	0	0	0	0	0	0	0	0	0	0	0	0	0	0	0	0	0	0	0	0	0	0	0	0	0	0	0	0	0	0	0	0	0	0	0	0	0	0	0	0	0	0	0	0	0	0	0	0	0	0	0	0	0	0	0	
k__Bacteria;p__Firmicutes;c__Clostridia;o__Lachnospirales;f__Lachnospiraceae;g__Lachnospiraceae NK4A136 group	3595	9326	6400	918	4917	6335	1202	6364	6740	3819	4975	4510	1086	6190	8861	897	7803	9690	2828	2887	4626	1316	2342	2654	774	2572	3371	730	621	766	188	271	693	254	810	4033	720	1203	1206	1105	1140	1622	359	1315	2302	404	1326	1333	565	1052	1697	493	817	1759	901	1972	1025	127	2197	1947	1131	2294	929	434	2346	936	476	1341	792	3122	1695	3171	1513	1751	1462	392	1165	689	434	298	513	390	1457	1185	223	2927	2007	901	1942	2670	
k__Bacteria;p__Firmicutes;c__Clostridia;o__Lachnospirales;f__Lachnospiraceae;g__Lachnospiraceae UCG-001	223	1147	522	0	79	89	63	174	137	266	533	346	137	405	348	53	404	737	348	117	121	221	262	206	39	12	55	290	73	32	334	153	250	64	165	222	32	25	22	0	0	20	26	57	60	13	17	0	338	327	118	52	66	47	119	313	159	23	324	153	382	949	464	71	1151	41	107	1115	48	680	494	469	408	943	1052	213	668	471	0	0	0	42	88	77	19	633	234	330	328	157	
k__Bacteria;p__Firmicutes;c__Clostridia;o__Lachnospirales;f__Lachnospiraceae;g__Lachnospiraceae UCG-004	57	241	181	0	16	46	72	329	228	261	302	300	0	62	194	56	293	416	16	25	32	0	0	0	11	21	54	64	77	115	0	22	112	0	0	51	109	106	117	18	25	52	19	0	58	0	40	69	15	0	26	0	0	43	0	17	0	0	37	49	26	72	68	0	29	0	0	15	14	20	0	0	13	25	65	0	0	0	85	26	67	0	34	39	23	59	53	37	71	120	
k__Bacteria;p__Firmicutes;c__Clostridia;o__Lachnospirales;f__Lachnospiraceae;g__Lachnospiraceae UCG-006	2085	8518	6228	1056	6252	15834	5450	27219	20095	2225	2371	3093	151	667	1344	184	1165	1529	2204	3052	6412	1476	3927	4988	1221	4883	8440	1277	1580	1981	321	592	2314	162	151	1647	4456	2418	5889	2225	2955	6157	4312	2540	5508	2171	3346	7949	406	658	1778	1106	1225	2377	519	501	563	168	613	1356	111	148	169	1820	1835	2231	470	473	582	2036	1069	2283	227	261	683	85	105	65	1189	373	925	1095	2822	2922	1278	2544	2804	1658	3351	6332	
k__Bacteria;p__Firmicutes;c__Clostridia;o__Lachnospirales;f__Lachnospiraceae;g__Lachnospiraceae UCG-008	0	8	6	0	0	0	10	10	7	0	0	6	0	0	0	0	0	0	0	0	0	0	0	0	0	0	0	0	0	0	0	0	0	0	0	0	0	0	0	0	0	0	0	0	0	0	0	0	0	0	0	0	0	0	0	0	0	0	0	0	0	0	0	0	0	0	0	0	0	0	0	0	0	0	0	0	0	0	0	0	0	0	0	0	0	0	0	0	0	0	
k__Bacteria;p__Firmicutes;c__Clostridia;o__Lachnospirales;f__Lachnospiraceae;g__Lachnospiraceae UCG-010	7	28	30	0	10	10	17	50	34	0	0	0	0	8	0	0	12	23	8	0	0	0	0	0	0	0	0	0	0	0	0	0	0	0	0	0	0	0	0	0	0	0	0	0	0	0	0	0	0	0	0	0	0	0	0	0	0	0	0	0	0	0	0	0	0	0	0	0	0	0	0	0	0	0	0	0	0	0	0	0	0	0	0	0	0	0	0	0	0	5	
k__Bacteria;p__Firmicutes;c__Clostridia;o__Lachnospirales;f__Lachnospiraceae;g__Marvinbryantia	768	644	518	235	310	685	1046	2063	1355	1209	1024	922	565	541	729	624	414	446	755	446	419	686	400	516	936	995	1473	778	431	270	897	673	1234	194	260	408	1121	594	946	501	244	415	651	370	722	17	13	15	412	445	716	32	27	21	53	46	32	32	277	326	229	506	128	626	885	526	669	331	130	742	334	563	665	351	463	390	275	61	220	74	119	145	491	366	187	514	398	280	191	311	
k__Bacteria;p__Firmicutes;c__Clostridia;o__Lachnospirales;f__Lachnospiraceae;g__Roseburia	387	1350	759	66	470	637	278	1106	1048	263	279	365	65	373	661	107	614	848	420	679	1238	107	335	314	102	394	781	269	272	265	116	210	665	61	96	449	732	333	635	416	421	940	724	519	1126	540	1458	1567	229	266	615	72	86	183	495	819	1023	65	779	1115	705	1197	978	581	1379	654	226	232	222	687	454	1142	152	224	422	99	212	176	133	42	103	48	98	132	36	224	193	12	37	62	
k__Bacteria;p__Firmicutes;c__Clostridia;o__Lachnospirales;f__Lachnospiraceae;g__Tuzzerella	18	76	60	7	18	34	27	101	103	19	17	6	0	14	32	0	10	19	10	4	12	10	0	0	9	29	54	0	15	15	16	12	39	0	0	20	49	30	80	0	10	14	16	15	48	0	0	0	7	0	29	0	0	0	0	0	0	0	0	0	0	0	0	0	11	0	14	0	0	23	15	24	9	0	10	0	0	0	10	8	11	0	0	0	0	12	13	0	0	10	
k__Bacteria;p__Firmicutes;c__Clostridia;o__Lachnospirales;f__Lachnospiraceae;g__UC5-1-2E3	0	0	0	0	0	0	0	0	0	0	0	0	0	0	0	0	0	0	0	0	0	0	0	0	0	0	0	0	0	0	0	0	0	0	0	0	0	0	0	0	11	0	0	0	0	0	16	0	0	0	0	0	0	0	0	0	0	0	0	0	0	0	0	0	0	0	0	0	0	0	0	0	0	0	0	0	0	0	0	0	0	0	0	0	0	0	0	0	0	0	
k__Bacteria;p__Firmicutes;c__Clostridia;o__Lachnospirales;f__Lachnospiraceae;g__[Eubacterium] hallii group	0	0	0	0	0	0	0	0	0	0	0	0	0	0	0	0	0	14	0	0	0	0	0	0	0	0	0	0	0	0	0	0	0	0	0	0	0	0	0	0	0	0	0	0	0	0	0	0	0	0	0	0	0	0	0	0	0	0	0	0	0	0	0	0	0	0	0	0	0	0	0	0	0	0	0	0	0	0	0	0	0	0	0	0	0	0	0	0	0	0	
k__Bacteria;p__Firmicutes;c__Clostridia;o__Lachnospirales;f__Lachnospiraceae;g__[Eubacterium] ventriosum group	22	16	10	17	13	21	12	11	14	0	0	0	0	0	0	0	0	0	0	0	0	0	0	0	0	0	0	0	0	0	0	0	0	0	0	0	20	12	0	0	0	0	0	0	0	0	0	0	9	10	0	0	0	0	0	0	0	0	0	0	0	0	0	0	0	0	0	0	0	0	0	0	0	0	0	0	0	0	0	0	0	0	0	0	0	0	0	0	0	0	
k__Bacteria;p__Firmicutes;c__Clostridia;o__Lachnospirales;f__Lachnospiraceae;g__[Eubacterium] xylanophilum group	62	232	289	22	85	175	84	102	118	53	73	52	10	64	63	17	68	96	144	136	193	31	105	65	0	45	53	69	60	50	12	16	20	10	0	25	0	0	0	0	0	0	0	0	0	14	18	20	0	21	41	19	23	36	137	169	105	17	180	175	176	308	191	143	120	93	59	22	0	149	107	163	83	76	68	35	94	37	37	21	27	0	10	0	0	0	0	0	15	0	
k__Bacteria;p__Firmicutes;c__Clostridia;o__Lachnospirales;f__Lachnospiraceae;g__[Ruminococcus] gauvreauii group	11	0	0	0	0	0	0	0	0	0	0	0	0	0	0	0	0	0	0	0	0	0	0	0	0	0	0	0	0	0	0	0	0	0	0	0	0	0	0	0	0	0	0	0	0	0	0	0	0	0	0	0	0	0	0	0	0	0	0	0	0	0	0	0	0	0	0	0	0	0	0	0	0	0	0	0	0	0	0	0	0	0	0	0	0	0	0	0	0	0	
k__Bacteria;p__Firmicutes;c__Clostridia;o__Lachnospirales;f__Lachnospiraceae;g__[Ruminococcus] gnavus group	0	0	0	0	0	0	0	0	0	0	0	0	0	0	0	0	0	0	0	0	0	0	0	0	0	0	0	0	0	0	0	0	0	0	0	0	0	0	0	0	0	0	0	0	0	0	9	0	0	0	0	0	0	0	0	0	0	0	0	0	0	0	0	0	0	0	0	0	0	0	0	0	0	0	0	0	0	0	0	0	0	0	0	0	0	0	0	0	0	0	
k__Bacteria;p__Firmicutes;c__Clostridia;o__Lachnospirales;f__Lachnospiraceae;g__[Ruminococcus] torques group	0	12	0	0	0	0	0	13	0	0	0	0	0	0	0	0	0	0	0	0	0	0	0	0	0	0	0	0	0	0	0	0	0	0	0	0	0	0	0	0	0	0	0	0	0	0	0	0	0	0	0	0	0	0	0	0	0	0	0	0	0	0	0	0	0	0	0	0	0	0	0	0	0	0	0	0	0	0	0	0	0	0	0	0	0	0	0	0	0	0	
k__Bacteria;p__Firmicutes;c__Clostridia;o__Monoglobales;f__Monoglobaceae;g__Monoglobus	112	124	60	0	0	0	188	352	172	246	204	230	0	0	0	86	150	117	19	20	30	122	70	103	10	15	24	8	0	0	0	0	16	0	0	14	36	24	35	18	15	14	0	7	12	0	0	0	0	0	0	0	0	0	3	0	0	10	13	26	0	0	0	96	126	149	45	29	33	27	8	20	41	6	25	19	11	0	28	7	22	13	24	16	0	0	0	50	48	78	
k__Bacteria;p__Firmicutes;c__Clostridia;o__Oscillospirales;f__Butyricicoccaceae;g__Butyricicoccus	186	506	206	21	113	117	89	519	447	220	245	163	90	802	831	13	146	163	177	185	262	25	67	23	134	340	374	210	204	197	30	21	49	0	41	168	349	213	289	24	23	23	80	37	82	5	53	31	43	53	36	0	14	0	44	43	0	0	7	8	77	131	84	95	180	74	51	47	7	219	101	93	77	109	88	26	55	23	11	26	15	14	85	19	13	262	81	44	55	34	
k__Bacteria;p__Firmicutes;c__Clostridia;o__Oscillospirales;f__Butyricicoccaceae;g__UCG-009	8	0	0	0	0	0	0	11	16	0	0	0	0	0	0	0	0	0	49	71	125	0	17	0	23	47	33	0	0	0	0	0	0	0	0	0	0	0	0	0	0	0	0	0	0	0	0	0	0	0	0	0	3	0	15	14	10	0	0	0	0	14	0	0	0	0	0	4	0	29	12	22	21	25	26	9	27	13	0	0	0	0	18	10	0	7	0	0	0	0	
k__Bacteria;p__Firmicutes;c__Clostridia;o__Oscillospirales;f__Oscillospiraceae;g__	511	895	527	71	248	218	254	931	730	435	384	392	83	794	545	66	342	363	297	231	424	34	160	99	145	401	452	80	118	99	28	37	95	20	78	361	411	376	358	688	392	235	71	125	201	71	345	238	46	74	35	47	117	179	39	44	68	0	49	67	217	306	154	68	490	157	103	298	36	370	182	130	161	223	209	38	97	45	129	105	107	42	213	133	0	178	39	60	88	91	
k__Bacteria;p__Firmicutes;c__Clostridia;o__Oscillospirales;f__Oscillospiraceae;g__Colidextribacter	591	1429	982	129	374	449	339	1648	1258	418	457	378	130	797	685	110	692	667	249	209	398	92	271	173	219	328	577	181	227	204	108	118	218	13	56	296	352	228	283	60	135	145	75	141	238	109	275	244	100	74	146	55	112	168	234	236	106	23	139	91	231	341	174	153	390	282	63	139	58	202	125	226	210	188	264	25	78	52	94	70	140	84	164	136	45	215	115	59	115	78	
k__Bacteria;p__Firmicutes;c__Clostridia;o__Oscillospirales;f__Oscillospiraceae;g__Flavonifractor	0	16	10	0	0	0	0	0	0	0	0	0	0	0	0	0	0	0	0	0	0	0	0	0	0	0	0	0	0	0	0	0	0	0	0	0	0	0	0	0	0	0	0	0	5	0	0	0	0	0	0	0	0	0	0	0	0	0	0	0	0	0	0	0	0	0	0	0	0	0	0	0	0	0	0	0	0	0	0	0	0	0	0	0	0	0	0	0	0	0	
k__Bacteria;p__Firmicutes;c__Clostridia;o__Oscillospirales;f__Oscillospiraceae;g__Intestinimonas	407	1233	711	86	230	433	399	1318	886	516	381	457	115	602	696	81	495	509	158	122	210	109	275	121	122	278	418	168	161	170	76	106	216	73	48	225	322	193	196	109	160	188	231	170	338	95	181	230	90	90	192	48	37	34	108	127	80	0	67	61	78	103	44	236	321	315	140	180	125	243	108	157	116	108	140	68	96	47	134	38	104	39	93	71	65	153	137	178	421	530	
k__Bacteria;p__Firmicutes;c__Clostridia;o__Oscillospirales;f__Oscillospiraceae;g__NK4A214 group	97	174	167	27	62	87	37	136	119	56	70	55	14	47	59	20	44	54	18	7	32	33	28	40	11	23	31	29	36	47	0	20	43	11	16	40	9	4	17	26	11	20	0	26	33	0	0	0	3	0	12	6	5	0	7	0	12	0	0	9	0	0	11	13	32	35	0	7	7	6	0	0	17	7	22	9	17	5	20	10	12	11	21	14	3	8	18	12	17	18	
k__Bacteria;p__Firmicutes;c__Clostridia;o__Oscillospirales;f__Oscillospiraceae;g__Oscillibacter	441	1086	664	34	253	298	240	1179	1099	764	705	509	34	290	252	51	662	655	369	261	477	215	722	298	165	528	652	54	95	79	0	43	22	19	51	197	415	448	386	125	97	87	78	229	401	13	253	52	90	95	81	62	109	96	59	114	73	13	126	41	144	213	103	146	545	134	120	276	50	368	183	210	207	125	179	110	417	150	90	77	97	27	153	62	12	268	147	67	91	55	
k__Bacteria;p__Firmicutes;c__Clostridia;o__Oscillospirales;f__Oscillospiraceae;g__Oscillospira	0	0	26	0	20	0	0	36	33	0	0	0	0	66	46	0	78	77	0	0	0	0	0	0	0	0	0	0	0	0	0	0	0	0	0	0	0	15	0	0	0	0	0	0	0	0	0	0	0	0	0	0	0	0	0	0	0	0	0	0	0	0	16	0	0	0	0	21	0	0	0	0	17	12	18	0	0	0	0	0	0	20	0	0	0	16	0	0	0	0	
k__Bacteria;p__Firmicutes;c__Clostridia;o__Oscillospirales;f__Oscillospiraceae;g__Papillibacter	0	0	0	0	0	0	0	0	0	0	0	0	0	0	0	0	0	0	0	0	0	0	0	0	0	0	0	0	0	0	0	0	0	0	0	0	0	0	0	0	0	8	7	0	0	0	0	0	0	0	0	0	0	0	0	0	0	0	0	0	0	0	0	0	0	0	0	0	0	0	0	0	0	0	0	0	0	0	0	0	0	0	0	0	0	0	0	0	0	0	
k__Bacteria;p__Firmicutes;c__Clostridia;o__Oscillospirales;f__Oscillospiraceae;g__UCG-002	0	0	0	0	0	3	0	0	0	0	0	0	0	0	0	0	0	0	0	0	0	0	0	0	0	0	0	0	0	0	0	0	0	0	0	0	0	0	0	0	0	0	0	0	0	0	0	0	0	0	0	0	0	0	0	0	0	0	0	0	0	0	0	0	0	0	0	0	0	0	0	0	0	0	0	0	0	0	0	0	0	0	0	0	0	0	0	0	0	0	
k__Bacteria;p__Firmicutes;c__Clostridia;o__Oscillospirales;f__Oscillospiraceae;g__UCG-003	62	85	81	0	0	0	0	0	0	0	42	0	58	273	230	0	86	51	0	0	0	13	0	0	0	0	0	0	0	0	0	0	0	0	0	0	0	0	0	0	0	0	0	0	0	0	0	0	0	0	0	0	0	0	0	0	0	0	0	0	0	0	0	0	0	0	0	0	0	0	0	0	0	0	0	0	0	0	0	0	0	0	0	0	0	0	0	0	0	0	
k__Bacteria;p__Firmicutes;c__Clostridia;o__Oscillospirales;f__Oscillospiraceae;g__UCG-005	75	80	20	27	16	34	110	96	84	42	38	8	11	19	8	11	0	0	17	0	0	56	40	16	34	17	14	24	60	19	80	55	37	11	0	8	7	0	0	0	0	0	29	43	67	48	27	0	32	30	35	0	0	0	0	0	0	0	0	0	0	0	0	32	29	0	51	25	7	12	0	0	77	15	26	9	0	0	17	0	0	0	0	0	7	6	0	10	0	0	
k__Bacteria;p__Firmicutes;c__Clostridia;o__Oscillospirales;f__Ruminococcaceae;g__	195	454	293	21	131	161	137	630	475	218	207	199	61	383	406	52	518	454	71	66	95	46	63	101	28	84	130	59	121	120	17	30	116	0	11	34	113	89	110	50	65	130	121	177	269	21	127	194	23	60	162	0	6	22	0	33	0	0	136	137	40	114	0	112	189	157	27	40	6	68	23	42	45	49	42	8	88	36	23	0	25	16	59	26	5	106	68	22	42	49	
k__Bacteria;p__Firmicutes;c__Clostridia;o__Oscillospirales;f__Ruminococcaceae;g__Anaerotruncus	178	418	155	35	411	316	22	292	268	80	79	57	0	15	13	0	22	11	0	10	12	60	151	129	0	0	0	0	0	0	0	0	0	0	0	0	0	0	0	0	0	0	0	0	0	0	28	37	0	0	6	0	0	0	30	26	33	0	47	45	16	37	29	0	0	0	0	0	6	0	0	0	14	19	41	0	33	9	0	0	17	0	0	0	0	0	0	0	0	0	
k__Bacteria;p__Firmicutes;c__Clostridia;o__Oscillospirales;f__Ruminococcaceae;g__Faecalibacterium	25	27	19	0	0	21	13	22	0	17	0	20	0	0	19	0	0	20	0	0	0	0	0	0	0	0	0	0	0	0	0	0	0	0	0	0	0	0	0	0	0	0	0	0	0	0	0	0	0	0	0	0	0	0	0	0	0	0	0	0	0	0	0	0	22	0	0	0	0	0	0	0	0	0	0	0	0	0	0	0	0	0	0	0	0	0	0	0	0	0	
k__Bacteria;p__Firmicutes;c__Clostridia;o__Oscillospirales;f__Ruminococcaceae;g__Harryflintia	0	31	19	0	0	0	0	36	38	0	0	0	0	25	19	0	8	12	0	0	0	0	0	0	0	0	20	0	0	10	0	8	15	0	0	0	7	0	0	0	0	0	13	0	0	0	0	0	0	0	0	0	0	0	0	0	0	0	0	0	0	0	0	0	11	0	0	0	0	0	0	0	0	0	0	0	0	0	0	0	0	0	0	0	0	0	0	0	0	0	
k__Bacteria;p__Firmicutes;c__Clostridia;o__Oscillospirales;f__Ruminococcaceae;g__Incertae Sedis	301	735	504	219	424	641	265	694	556	348	344	276	16	125	209	88	350	355	136	148	285	136	211	215	64	230	475	181	296	311	212	213	559	33	49	241	235	118	137	49	33	51	319	214	453	134	266	406	39	75	155	11	0	34	40	52	67	0	31	109	60	96	113	180	186	182	15	29	10	105	29	63	124	62	125	65	56	25	24	4	21	33	64	75	33	134	125	115	147	219	
k__Bacteria;p__Firmicutes;c__Clostridia;o__Oscillospirales;f__Ruminococcaceae;g__Negativibacillus	0	0	0	0	0	0	0	0	0	11	13	10	0	0	0	0	9	8	0	0	0	0	0	0	0	0	0	0	0	0	0	0	0	0	0	0	0	0	0	0	0	0	0	0	0	0	0	0	0	0	0	0	0	0	0	0	0	0	0	0	0	0	0	0	0	0	0	0	0	0	0	0	0	0	0	0	0	0	0	0	0	0	0	0	0	0	0	0	0	0	
k__Bacteria;p__Firmicutes;c__Clostridia;o__Oscillospirales;f__Ruminococcaceae;g__Ruminococcus	465	145	225	417	255	641	0	34	0	266	276	174	86	100	140	68	56	45	326	104	118	184	92	90	186	86	110	118	114	40	176	40	38	32	37	13	0	0	0	0	0	0	0	0	0	23	20	12	0	0	0	41	48	11	0	0	0	10	0	0	0	0	0	152	284	85	52	26	0	6	6	0	178	22	34	164	84	12	48	40	84	14	21	0	0	18	0	416	178	127	
k__Bacteria;p__Firmicutes;c__Clostridia;o__Oscillospirales;f__Ruminococcaceae;g__Subdoligranulum	9	0	0	0	12	10	3	10	0	0	8	0	0	0	0	0	0	9	0	0	0	0	0	0	0	0	0	0	0	0	0	0	0	0	0	0	0	0	0	0	0	0	0	0	0	0	0	0	0	0	0	0	0	0	0	0	0	0	0	0	0	0	0	0	5	0	0	0	0	0	0	0	0	0	0	0	0	0	0	0	0	0	0	0	0	0	0	0	0	0	
k__Bacteria;p__Firmicutes;c__Clostridia;o__Oscillospirales;f__Ruminococcaceae;g__UBA1819	0	0	0	0	0	0	0	0	0	0	0	0	0	0	0	0	0	0	8	5	12	0	0	5	0	8	20	0	0	0	0	0	0	0	0	10	0	0	0	8	0	9	5	7	11	0	0	0	15	19	60	0	0	0	0	0	0	0	0	0	0	0	0	0	0	0	0	0	0	0	0	0	0	0	0	0	0	0	0	0	0	0	0	0	0	5	4	0	0	0	
k__Bacteria;p__Firmicutes;c__Clostridia;o__Oscillospirales;f__Ruminococcaceae;g__[Eubacterium] siraeum group	0	0	0	0	0	0	9	32	28	211	203	216	30	175	346	32	174	231	0	0	8	0	0	0	0	0	0	0	0	0	0	0	0	10	8	111	30	18	26	18	17	41	83	53	108	11	20	36	0	11	25	0	12	10	0	0	0	30	191	241	35	54	59	129	181	160	0	0	0	71	54	109	0	0	0	0	10	0	13	0	7	0	18	20	11	31	44	0	9	5	
k__Bacteria;p__Firmicutes;c__Clostridia;o__Oscillospirales;f__UCG-010;g__	44	13	11	28	7	27	82	23	31	49	63	43	25	49	86	41	43	50	45	0	8	12	5	9	49	24	24	41	27	23	43	14	14	30	26	12	21	14	16	18	0	13	33	39	48	8	0	0	16	11	24	9	6	0	9	0	0	0	0	0	10	0	0	18	8	18	9	4	7	7	4	8	14	0	0	7	0	0	10	0	15	3	0	0	7	21	9	13	7	5	
k__Bacteria;p__Firmicutes;c__Clostridia;o__Oscillospirales;f__[Eubacterium] coprostanoligenes group;g__	747	829	586	269	366	458	553	1227	750	351	294	249	343	545	585	606	945	1134	202	182	177	337	406	328	217	259	241	344	450	356	568	422	672	245	229	348	291	235	309	280	167	253	222	203	280	286	275	468	211	203	208	168	151	154	0	2	0	0	0	0	0	0	0	487	416	370	225	129	164	160	87	196	256	143	346	0	0	0	268	74	188	118	205	91	0	0	0	75	123	204	
k__Bacteria;p__Firmicutes;c__Clostridia;o__Peptococcales;f__Peptococcaceae;g__	232	841	571	108	303	471	394	1655	1303	357	383	295	51	216	297	98	370	383	70	79	150	51	141	89	47	256	267	68	80	57	52	79	133	9	23	108	70	40	58	42	37	97	65	142	153	33	36	73	43	79	82	17	29	36	27	48	46	3	30	31	33	52	52	39	96	54	25	48	46	110	38	118	30	48	139	3	0	0	79	37	74	19	41	105	0	82	65	41	44	96	
k__Bacteria;p__Firmicutes;c__Clostridia;o__Peptococcales;f__Peptococcaceae;g__Peptococcus	29	187	138	10	49	90	88	372	384	48	75	79	10	57	129	19	107	182	4	10	31	5	9	6	0	17	31	0	3	0	4	6	17	0	0	24	12	4	15	11	14	24	0	0	25	0	7	13	0	0	9	0	0	5	0	0	0	0	0	6	0	3	6	0	24	38	3	9	9	5	0	0	9	19	32	0	8	7	21	0	18	0	0	12	0	6	0	12	8	26	
k__Bacteria;p__Firmicutes;c__Clostridia;o__Peptostreptococcales-Tissierellales;f__Anaerovoracaceae;g__Anaerovorax	6	15	14	0	0	0	0	20	14	0	0	0	0	0	0	0	0	0	0	0	0	0	0	0	0	0	0	0	0	0	0	0	0	0	0	0	0	0	0	0	0	0	0	0	0	0	0	0	0	0	0	0	0	0	0	0	0	0	0	0	0	0	0	0	0	0	0	0	0	0	0	0	0	0	0	0	0	0	0	0	0	0	0	0	0	0	0	0	0	0	
k__Bacteria;p__Firmicutes;c__Clostridia;o__Peptostreptococcales-Tissierellales;f__Anaerovoracaceae;g__Family XIII AD3011 group	75	68	52	14	29	28	53	109	71	69	52	39	20	42	43	53	60	91	0	0	0	0	17	0	0	0	0	0	0	0	0	0	13	0	0	0	11	8	12	0	0	0	0	0	0	0	0	0	0	0	0	0	7	0	0	0	0	0	8	8	6	0	0	13	11	0	0	0	0	0	0	0	0	0	0	11	0	0	0	0	0	0	0	0	0	0	0	0	7	0	
k__Bacteria;p__Firmicutes;c__Clostridia;o__Peptostreptococcales-Tissierellales;f__Anaerovoracaceae;g__Family XIII UCG-001	41	190	191	10	73	206	82	251	202	116	126	198	5	47	134	17	131	150	0	20	45	0	24	25	0	35	46	20	28	53	0	18	38	0	0	46	11	19	50	0	9	22	43	20	59	16	33	70	0	15	51	8	8	21	10	11	20	0	0	33	7	11	15	35	21	32	12	11	32	18	16	27	0	0	38	0	8	17	27	8	23	0	16	21	12	27	42	0	30	62	
k__Bacteria;p__Firmicutes;c__Clostridia;o__Peptostreptococcales-Tissierellales;f__Anaerovoracaceae;g__[Eubacterium] brachy group	12	75	90	0	23	51	30	124	105	48	27	67	3	19	50	10	43	98	0	0	16	0	12	10	0	11	20	12	25	29	0	0	21	0	0	0	0	0	0	6	7	15	24	0	20	5	6	15	0	0	19	0	0	0	0	0	0	0	0	5	2	0	5	8	0	0	6	0	0	0	0	0	0	0	6	0	3	0	15	0	13	0	5	0	0	10	14	0	15	14	
k__Bacteria;p__Firmicutes;c__Clostridia;o__Peptostreptococcales-Tissierellales;f__Anaerovoracaceae;g__[Eubacterium] nodatum group	132	147	102	77	124	234	127	276	189	145	103	102	46	42	72	61	45	112	24	16	13	11	0	0	27	16	23	19	19	0	31	15	22	0	0	9	0	0	9	18	0	0	0	12	0	0	0	0	13	0	0	0	0	6	17	0	0	0	0	0	0	0	0	0	0	19	23	11	8	11	6	0	22	7	30	17	0	0	19	7	17	0	0	8	0	0	11	0	0	12	
k__Bacteria;p__Firmicutes;c__Clostridia;o__Peptostreptococcales-Tissierellales;f__Peptostreptococcaceae;g__Intestinibacter	10	0	0	0	0	0	0	0	7	0	0	0	0	0	0	0	0	9	0	0	0	0	0	0	0	0	0	0	0	0	0	0	0	0	0	0	0	0	0	0	0	0	0	0	0	0	0	0	0	0	0	0	0	0	0	0	0	0	0	0	0	0	0	0	0	0	0	0	0	0	0	0	0	0	0	0	0	0	0	0	0	0	0	0	0	0	0	0	0	0	
k__Bacteria;p__Firmicutes;c__Clostridia;o__Peptostreptococcales-Tissierellales;f__Peptostreptococcaceae;g__Peptoclostridium	0	0	0	0	0	0	0	0	0	0	0	0	0	0	0	4	0	0	0	0	0	0	0	0	0	0	0	0	0	0	0	0	0	0	0	0	0	0	0	0	0	0	0	0	0	0	0	0	0	0	0	0	0	0	0	0	0	0	0	0	0	0	0	0	0	0	0	0	0	0	0	0	0	0	0	0	0	0	0	0	0	0	0	0	0	0	0	0	0	0	
k__Bacteria;p__Firmicutes;c__Clostridia;o__Peptostreptococcales-Tissierellales;f__Peptostreptococcaceae;g__Romboutsia	0	0	0	0	0	12	0	13	0	0	0	0	0	6	9	0	0	0	0	0	0	0	0	0	0	7	0	0	0	0	0	0	0	0	0	0	0	0	0	0	0	0	0	0	0	0	0	0	0	0	0	0	0	0	0	0	0	0	0	0	0	0	0	0	0	0	0	0	0	0	0	0	0	0	0	0	0	0	0	0	0	0	0	0	0	0	0	0	0	0	
k__Bacteria;p__Firmicutes;c__Negativicutes;o__Acidaminococcales;f__Acidaminococcaceae;g__Phascolarctobacterium	5	0	0	0	0	0	0	0	0	0	0	0	0	0	0	0	0	0	0	0	0	0	0	0	0	0	0	0	0	0	0	0	0	0	0	0	0	0	0	0	0	0	0	0	0	0	0	0	0	0	0	0	0	0	0	0	0	0	0	0	0	0	0	0	0	0	0	0	0	0	0	0	0	0	0	0	0	0	0	0	0	0	0	0	0	0	0	0	0	0	
k__Bacteria;p__Firmicutes;c__Negativicutes;o__Veillonellales-Selenomonadales;f__Selenomonadaceae;g__Megamonas	0	0	5	0	0	0	0	5	0	0	0	0	0	5	0	0	0	0	0	0	0	0	0	0	0	0	0	0	0	0	0	0	0	0	0	0	0	0	0	0	0	0	0	0	0	0	0	0	0	0	0	0	0	0	0	0	0	0	0	0	0	0	0	0	0	0	0	0	0	0	0	0	0	0	0	0	0	0	0	0	0	0	0	0	0	0	0	0	0	0	
k__Bacteria;p__Patescibacteria;c__Saccharimonadia;o__Saccharimonadales;f__Saccharimonadaceae;g__Candidatus Saccharimonas	0	0	0	0	0	0	0	0	0	0	0	0	0	0	7	0	0	2	0	0	0	0	0	0	0	0	0	0	0	0	0	0	0	0	0	0	0	0	0	0	0	0	0	0	0	0	0	0	0	0	0	0	0	0	0	0	0	0	0	0	0	0	0	0	0	0	0	0	0	0	0	0	0	0	0	0	0	0	0	0	0	0	0	0	0	0	0	0	0	0	
k__Bacteria;p__Proteobacteria;c__Alphaproteobacteria;o__Rhizobiales;f__Xanthobacteraceae;g__Bradyrhizobium	0	2	0	0	0	0	0	0	0	0	0	0	0	0	0	0	0	0	0	0	0	0	0	0	0	0	0	0	0	0	0	0	0	0	0	0	0	0	0	0	0	0	0	0	0	0	0	0	0	0	0	0	0	0	0	0	0	0	0	0	0	0	0	0	0	0	0	0	0	0	0	0	0	0	0	0	0	0	0	0	0	0	0	0	0	0	0	0	0	0	
k__Bacteria;p__Proteobacteria;c__Alphaproteobacteria;o__Rhodospirillales;f__;g__	51	10	11	41	13	11	32	6	5	156	101	30	45	26	21	54	16	9	48	0	5	28	12	0	38	15	8	5	8	0	18	5	0	14	11	8	9	5	0	14	3	0	0	0	0	13	6	6	9	0	8	10	0	0	0	0	0	0	0	0	0	0	0	0	0	0	43	10	0	0	0	0	16	12	6	16	12	0	34	12	6	10	22	4	0	0	0	8	0	3	
k__Bacteria;p__Proteobacteria;c__Alphaproteobacteria;o__Sphingomonadales;f__Sphingomonadaceae;g__Sphingobium	0	0	0	0	0	0	0	0	0	0	0	0	0	0	0	0	0	0	91	75	101	111	91	104	60	88	170	95	109	91	98	47	96	74	78	119	108	54	66	169	70	109	91	73	118	60	76	91	64	87	89	58	47	45	75	63	57	60	87	67	66	115	53	83	113	93	101	64	57	76	61	108	78	56	64	54	59	8	87	32	51	54	90	46	37	77	79	88	83	71	
k__Bacteria;p__Proteobacteria;c__Gammaproteobacteria;o__Burkholderiales;f__;g__	0	0	0	0	0	0	0	0	0	0	0	0	0	15	0	0	0	0	0	0	0	0	0	0	0	0	0	0	0	0	0	0	0	0	0	0	0	0	0	0	0	0	0	0	0	0	0	0	0	0	0	0	0	0	0	0	0	0	0	0	0	0	0	0	0	0	0	0	0	0	0	0	0	0	0	0	0	0	0	0	0	0	0	0	0	0	0	0	0	0	
k__Bacteria;p__Proteobacteria;c__Gammaproteobacteria;o__Burkholderiales;f__Burkholderiaceae;g__Ralstonia	0	0	0	0	0	0	0	0	0	0	0	2	0	0	0	0	0	0	0	0	0	0	0	0	0	0	0	0	0	0	0	0	0	0	0	0	0	0	0	0	0	0	0	0	0	0	0	0	0	0	0	0	0	0	0	0	0	0	0	0	0	0	0	0	0	0	0	0	0	0	0	0	0	0	0	0	0	0	0	0	0	0	0	0	0	0	0	0	0	0	
k__Bacteria;p__Proteobacteria;c__Gammaproteobacteria;o__Burkholderiales;f__Comamonadaceae;g__	0	0	0	0	0	0	0	0	0	0	0	0	0	0	0	0	0	0	0	0	0	0	0	0	0	0	0	0	0	0	0	0	0	0	0	0	0	0	0	0	0	0	0	0	0	0	0	0	0	0	4	0	0	0	0	0	0	0	0	0	0	0	0	0	0	5	0	0	0	0	0	0	0	0	0	0	0	0	0	0	0	0	0	0	0	0	0	0	0	0	
k__Bacteria;p__Proteobacteria;c__Gammaproteobacteria;o__Burkholderiales;f__Comamonadaceae;g__Delftia	0	0	0	0	0	0	0	0	0	0	0	0	0	0	0	0	0	0	8	0	0	7	0	0	0	0	0	9	9	5	5	0	7	6	0	0	0	4	0	5	0	0	4	0	7	0	0	0	5	0	0	0	0	0	0	0	0	0	0	0	6	0	4	0	4	0	4	0	5	0	0	0	0	0	0	5	0	0	6	0	6	0	0	0	0	7	0	0	0	0	
k__Bacteria;p__Proteobacteria;c__Gammaproteobacteria;o__Burkholderiales;f__Sutterellaceae;g__Parasutterella	2583	2316	1403	2401	3216	2526	2570	4590	2394	3630	3157	2460	3424	4202	4333	3463	2702	3808	513	404	492	557	420	332	583	526	636	398	549	369	623	336	308	409	452	570	271	218	342	450	267	346	407	312	363	154	156	200	318	440	290	208	213	111	71	54	28	92	144	70	49	71	14	369	421	188	847	404	444	215	86	203	497	153	279	492	266	70	869	173	404	304	609	362	219	288	120	367	268	409	
k__Bacteria;p__Proteobacteria;c__Gammaproteobacteria;o__Enterobacterales;f__Enterobacteriaceae;g__Escherichia-Shigella	72	108	732	41	38	72	34	77	62	57	60	65	37	44	50	42	48	49	21	9	0	24	13	14	6	0	0	0	0	5	0	0	0	0	0	3	0	0	0	0	0	0	31	11	0	0	0	22	12	36	18	0	0	0	0	0	0	0	0	0	0	0	0	0	16	10	0	3	0	0	0	0	0	0	6	0	0	0	0	0	0	0	0	0	0	0	0	0	0	0	
k__Bacteria;p__Proteobacteria;c__Gammaproteobacteria;o__Enterobacterales;f__Enterobacteriaceae;g__Klebsiella	0	0	0	0	0	0	0	0	0	0	0	0	0	0	0	0	0	0	0	0	0	0	0	0	0	0	0	0	0	0	0	0	0	0	0	0	0	0	0	0	0	0	0	27	22	0	0	0	26	37	52	0	0	0	0	0	0	0	0	0	0	0	0	0	0	0	0	0	0	0	0	0	0	0	0	0	0	0	0	0	0	0	0	0	0	0	0	0	0	0	
k__Bacteria;p__Proteobacteria;c__Gammaproteobacteria;o__Pseudomonadales;f__Moraxellaceae;g__Acinetobacter	0	0	0	0	0	0	0	0	0	0	0	0	0	3	0	0	0	0	0	0	0	0	0	4	0	0	0	3	0	0	0	0	3	0	0	0	0	0	0	0	0	0	0	0	0	0	0	0	0	0	0	0	0	0	0	0	0	0	0	0	0	0	0	0	0	0	4	0	0	0	0	0	0	0	0	0	0	0	0	0	0	0	3	0	0	0	0	0	5	0	
k__Bacteria;p__Proteobacteria;c__Gammaproteobacteria;o__Pseudomonadales;f__Pseudomonadaceae;g__Pseudomonas	0	12	0	6	0	0	7	16	9	7	7	6	5	0	4	0	0	10	291	233	270	318	300	342	262	283	471	371	338	349	330	189	313	294	268	447	270	193	207	317	230	349	335	272	375	210	251	253	199	231	286	178	174	201	240	273	161	196	235	284	185	423	149	255	409	279	240	195	207	318	126	281	234	163	275	223	188	69	247	108	204	176	313	183	143	284	238	305	298	281	
k__Bacteria;p__Verrucomicrobiota;c__Verrucomicrobiae;o__Verrucomicrobiales;f__Akkermansiaceae;g__Akkermansia	68827	19617	12995	19297	5121	5769	24400	21423	8577	3413	2289	851	40	51	43	41	26	43	174	37	36	256	113	139	546	171	223	210	172	141	136	60	83	203	191	103	13	10	21	692	217	197	706	949	736	2542	627	356	607	422	143	4330	2131	909	0	0	0	0	8	0	4	6	0	66	51	53	305	262	199	0	5	13	262	53	129	51	33	10	1635	1016	1500	81	111	93	12	19	13	948	328	529	
