OTU ID	SLCLTFP004	SLCLTFP005	SLCLTFP006	SLCLTFP010	SLCLTFP011	SLCLTFP012	SLCLTFP016	SLCLTFP017	SLCLTFP018	SLCLTFP022	SLCLTFP023	SLCLTFP024	SLCLTFP028	SLCLTFP029	SLCLTFP030	SLCLTFP034	SLCLTFP035	SLCLTFP036	SLCLTFP040	SLCLTFP041	SLCLTFP042	SLCLTFP046	SLCLTFP047	SLCLTFP048	SLCLTFP052	SLCLTFP053	SLCLTFP054	SLCLTFP058	SLCLTFP059	SLCLTFP060	SLCLTFP064	SLCLTFP065	SLCLTFP066	SLCLTFP070	SLCLTFP071	SLCLTFP072	SLCLTFP076	SLCLTFP077	SLCLTFP078	SLCLTFP082	SLCLTFP083	SLCLTFP084	SLCLTFP094	SLCLTFP095	SLCLTFP096	SLCLTFP100	SLCLTFP101	SLCLTFP102	SLCLTFP106	SLCLTFP107	SLCLTFP108	SLCLTFP112	SLCLTFP113	SLCLTFP114	SLCLTFP118	SLCLTFP119	SLCLTFP120	SLCLTFP124	SLCLTFP125	SLCLTFP126	SLCLTFP130	SLCLTFP131	SLCLTFP132	SLCLTFP136	SLCLTFP137	SLCLTFP138	SLCLTFP142	SLCLTFP143	SLCLTFP144	SLCLTFP148	SLCLTFP149	SLCLTFP150	SLCLTFP154	SLCLTFP155	SLCLTFP156	SLCLTFP160	SLCLTFP161	SLCLTFP162	SLCLTFP166	SLCLTFP167	SLCLTFP168	SLCLTFP172	SLCLTFP173	SLCLTFP174	SLCLTFP178	SLCLTFP179	SLCLTFP180	SLCLTFP184	SLCLTFP185	SLCLTFP186	taxonomy
k__Bacteria;p__Firmicutes;c__Bacilli;o__Lactobacillales;f__Lactobacillaceae;g__Ligilactobacillus	39316	31329	25351	11321	13104	18330	46861	43837	25167	53494	53479	32038	65967	71397	42854	105304	107639	76915	39035	31486	8098	19925	13576	9234	65178	74822	45554	48857	73329	26332	116828	118757	88897	12143	26201	8332	238116	212828	86775	38021	109813	66701	128263	54982	66422	101374	45721	21999	344102	230544	171889	85427	82606	81979	38030	19208	7001	98766	65930	52105	87201	95640	69776	120586	68926	72340	62693	41085	30772	99803	119177	56461	8592	28781	11335	73994	34452	34170	89789	35523	84442	22450	17863	9235	32178	21592	8498	10234	6281	2054	
k__Bacteria;p__Firmicutes;c__Bacilli;o__Lactobacillales;f__Lactobacillaceae;g__Lactobacillus	191993	193023	289756	134135	164319	159218	95867	130692	149116	65339	65408	42633	140945	148715	93614	79705	140597	84134	87491	136147	144371	126112	175007	139836	47645	37170	36907	20478	44855	35300	7980	24615	19743	28467	76092	33589	5069	8960	10669	20190	24685	12000	38320	46443	31229	71226	100734	110421	18390	11504	11645	48034	38539	47305	40827	89940	99351	41877	59897	59208	74431	51650	34461	48224	58765	58482	80128	107145	76892	55437	133289	129993	139576	3554	104288	96106	150855	113815	4314	2660	7053	104072	147839	93868	113419	147796	73330	18505	24957	12425	
k__Bacteria;p__Bacteroidota;c__Bacteroidia;o__Bacteroidales;f__Muribaculaceae;g__	3987	5647	18116	18076	11831	15784	12225	46352	34946	32608	63469	33621	10082	25224	38753	17427	46551	40486	3606	7005	13567	7549	17334	24643	1529	71496	76912	16291	26077	83193	36268	62545	103702	5273	34737	137003	36457	100269	133574	23875	96939	120469	5819	4581	93342	15613	27824	13804	27115	20270	83126	45851	31424	54818	40001	53438	60411	31194	46244	41098	10757	8201	74207	53948	55310	38305	4805	19998	39515	334	288	17193	3903	56761	27843	1356	63929	31442	102254	55613	4295	44479	57385	82014	5490	18192	37785	48900	47385	62284	
k__Bacteria;p__Firmicutes;c__Bacilli;o__Bacillales;f__Bacillaceae;g__Bacillus	55	59	50	67	43	48	52	45	35	43	44	28	52	54	46	42	50	39	34	36	41	82	68	38	33	83	35	85	65	74	62	44	58	136	79	44	59	56	41	112	64	45	75	30	38	74	45	30	68	55	37	40	40	52	63	49	40	77	80	48	34	47	51	70	42	53	39	47	38	45	54	55	43	46	45	59	49	37	43	28	43	61	46	53	70	57	34	92	59	29	
k__Bacteria;p__Firmicutes;c__Bacilli;o__Lactobacillales;f__Lactobacillaceae;g__HT002	32035	33968	80969	34242	35164	32570	8190	19707	16502	10467	16616	8998	13973	18932	17030	18449	21924	17312	20108	37251	59072	21597	37294	48381	13550	15796	34637	4295	12342	13641	7315	28974	22204	6829	22922	12129	2654	5655	10753	7897	9316	5289	17189	20252	12004	20802	34075	55789	10265	6016	4973	24684	21215	32905	5456	13010	21615	18326	24710	26070	42322	28452	18605	23783	19526	24469	15011	25558	30039	5834	12190	19594	64817	3561	76672	24460	19632	28619	3085	2023	2196	9246	10759	14746	30173	51038	22490	5633	6828	4045	
k__Bacteria;p__Firmicutes;c__Bacilli;o__Erysipelotrichales;f__Erysipelotrichaceae;g__Turicibacter	8657	561	9383	22852	7812	5860	2192	1947	1027	14719	2092	876	2523	830	288	5830	1107	985	5508	856	374	39838	1821	1302	1585	309	1316	85800	28839	15518	39758	3897	11352	232909	54762	8243	25621	5877	8729	189769	4526	4595	16882	233	1608	8281	2331	280	556	217	274	4149	389	315	35148	246	778	55787	46124	18699	305	2659	11252	31052	12734	8402	602	244	181	160	295	2578	4679	7702	11401	8156	3796	1112	5637	3649	22720	39117	3416	3963	37020	1462	3751	120734	68535	2316	
k__Bacteria;p__Firmicutes;c__Clostridia;o__Clostridiales;f__Clostridiaceae;g__Candidatus Arthromitus	1023	43	18	319	30	41	1957	44537	37	3929	358	289	4915	93	26	4792	24	56	24775	1433	155	624	45	20	118788	81	119	645	575	148	443	39	30	49	29	29	89	25	21	479	20	21	25	24	26	34	19	27	45	16	24	27	29	23	58147	146	715	517	83	28	52	9022	29	94	28	23	29	13	27	25	39	28	2543	73	33	74	38	24	30	35	214	472	38	26	39	395	22	29	30	10	
k__Bacteria;p__Desulfobacterota;c__Desulfovibrionia;o__Desulfovibrionales;f__Desulfovibrionaceae;g__Desulfovibrio	1233	629	4349	5998	8061	5829	2230	6727	4348	1433	3606	1666	1618	4536	6004	11609	30366	22967	1403	2577	4853	3191	6573	5009	284	18887	12065	16526	32243	30589	11159	23961	18546	870	2920	7067	2369	9556	8164	5582	38498	16310	12581	4004	2440	14181	7038	3684	3266	880	4021	8555	18216	18525	2439	2734	2340	11085	16896	14664	1741	1135	735	6445	6401	5788	2747	10771	12338	33	43	412	736	7439	1104	1482	5628	4389	476	2803	641	3606	4460	6000	865	2719	3379	9234	12330	6236	
k__Bacteria;p__Firmicutes;c__Clostridia;o__Lachnospirales;f__Lachnospiraceae;g__Lachnospiraceae UCG-006	562	320	962	1902	782	1330	3549	6688	6319	1214	3383	1473	552	1129	1315	3500	4377	2697	2113	1914	2281	397	435	570	422	12384	16700	6020	20943	29810	1577	2475	2266	507	1358	1460	2391	4269	6953	2155	10579	11076	1513	229	1813	778	674	576	2345	819	5289	4891	4666	8625	2871	3643	5527	5834	2960	2902	93	66	493	625	911	581	178	403	644	56	66	1436	444	1351	1463	891	6412	2442	2945	10373	639	5058	7449	11994	438	2212	8463	5460	9864	3867	
k__Bacteria;p__Bacteroidota;c__Bacteroidia;o__Bacteroidales;f__Muribaculaceae;g__Muribaculum	467	454	1327	1704	834	1169	1352	4851	3487	4337	9155	4883	580	886	1431	2270	2034	4472	468	860	1050	576	1439	1486	107	2556	5802	2367	2099	7881	5326	5125	13007	627	3375	9567	2891	5129	10062	2668	3687	6461	476	230	6264	1453	1231	838	1464	1479	7055	2767	1116	2532	1636	2324	3193	2710	2980	3277	438	391	4028	6543	3026	3480	67	228	622	15	11	822	210	1718	1360	162	5082	5928	8118	5799	565	3638	4361	7033	473	1556	4522	5026	5202	7356	
k__Bacteria;p__Firmicutes;c__Clostridia;o__Lachnospirales;f__Lachnospiraceae;g__	275	374	562	331	175	275	1194	2144	952	258	327	121	300	302	163	916	1115	768	376	367	246	551	543	514	226	5399	3320	609	1970	3658	5511	6269	19600	774	1021	2049	1495	1696	2134	2920	7944	6418	2873	382	15787	2475	1408	570	1452	484	4094	4319	2007	5092	737	528	521	4495	4324	5441	709	610	11772	2568	7108	3723	1265	2372	2952	420	163	5330	173	7782	3639	248	1616	465	11976	31968	417	1287	1719	2720	1086	4260	2223	1413	3066	932	
k__Bacteria;p__Proteobacteria;c__Gammaproteobacteria;o__Enterobacterales;f__Enterobacteriaceae;g__Escherichia-Shigella	71	47	66	1484	503	1441	712	341	148	72	63	67	69	59	39	60	75	56	44	63	36	222	40	53	34	4271	233	78	77	76	62	81	75	84	62	49	62	55	69	80	111	53	58	48	65	65	45	38	85	181	78	341	154	209	64	49	35	75	61	69	59	43	49	54	45	48	82	91	60	41	67	115	37	221	108	50	53	37	61	63	32	63	53	56	5236	55	38	83	60	35	
k__Bacteria;p__Firmicutes;c__Clostridia;o__Lachnospirales;f__Lachnospiraceae;g__Lachnospiraceae UCG-001	92	58	134	56	41	40	37	178	20	103	127	79	45	14	26	753	1824	1194	11	45	40	58	36	44	25	33	138	0	60	62	33	58	62	113	254	132	129	160	294	315	777	556	907	477	583	892	678	342	478	365	617	913	489	1086	51	28	31	73	81	66	27	42	902	70	28	57	427	602	1056	264	55	2247	34	169	1655	50	1349	76	1192	2620	838	640	962	1145	807	1888	768	477	845	279	
k__Bacteria;p__Firmicutes;c__Bacilli;o__Erysipelotrichales;f__Erysipelotrichaceae;g__Faecalibaculum	387	537	796	633	617	433	538	801	381	590	601	323	9656	6726	3224	779	575	491	201	210	234	484	263	151	226	24046	9075	16495	23735	17610	4495	2481	1984	1967	3052	3885	583	741	1266	2117	1233	447	130	36	107	126	57	51	93	94	50	92	60	60	35877	21001	8337	1165	978	1124	1654	3090	1487	1524	1070	341	56	47	41	46	42	186	144	46250	856	665	1212	588	1576	713	2629	815	754	543	90	747	204	14073	12952	4623	
k__Bacteria;p__Proteobacteria;c__Gammaproteobacteria;o__Pseudomonadales;f__Pseudomonadaceae;g__Pseudomonas	9	0	90	0	6	6	5	10	7	6	8	0	13	10	0	0	10	3	3	0	0	0	7	0	9	10	76	0	9	5	10	10	11	10	0	0	0	13	11	12	7	0	0	7	0	12	0	0	11	0	3	6	5	10	0	0	0	7	8	0	6	7	6	11	0	10	0	0	7	0	4	5	10	11	11	5	0	10	4	0	0	0	0	6	14	5	0	10	9	3	
k__Bacteria;p__Firmicutes;c__Bacilli;o__Lactobacillales;f__Lactobacillaceae;g__	824	731	1814	3054	4078	3814	1104	3373	2769	541	712	473	363	553	548	0	0	2	2465	4738	7017	2394	3584	4297	3056	4321	9284	1190	3322	3530	0	3	0	1774	5893	3041	712	1455	2761	2046	2472	1326	5011	5840	3206	5511	8928	14331	2806	1792	1367	6426	5682	8939	1395	3388	5554	0	0	0	0	0	0	0	0	0	4237	7044	8125	1651	3411	5694	4744	133	6267	3199	4622	3725	833	511	558	2515	2831	3909	7751	13444	5926	1479	1771	1113	
k__Bacteria;p__Firmicutes;c__Bacilli;o__Staphylococcales;f__Staphylococcaceae;g__Staphylococcus	9949	2736	1481	22751	8832	19691	21206	7877	5651	11674	6804	4003	130	382	111	120	52	124	13811	18262	3465	2470	196	97	2579	609	3919	57	465	110	242	77	51	256	680	55	52	46	105	260	47	28	90	84	32	92	226	179	53	86	52	177	68	91	124	27	35	28	158	206	35	39	27	29	134	41	98	105	129	36	46	36	1565	36	539	709	73	74	22	0	40	21	74	80	106	168	98	43	74	12	
k__Bacteria;p__Proteobacteria;c__Gammaproteobacteria;o__Enterobacterales;f__Enterobacteriaceae;g__Citrobacter	0	0	0	0	0	0	0	11	0	0	8	0	0	0	0	8	0	0	0	0	0	0	0	0	9	4	0	0	0	0	0	0	11	0	0	0	9	10	8	0	0	0	0	0	0	0	0	6	0	0	0	9	9	0	0	0	0	0	0	0	0	0	0	0	0	0	0	0	0	0	0	0	0	0	0	6	0	0	7	0	9	0	0	0	9	9	0	0	11	0	
k__Bacteria;p__Firmicutes;c__Bacilli;o__Lactobacillales;f__Lactobacillaceae;g__Limosilactobacillus	472	459	1126	1895	2667	2464	762	2191	1735	319	496	317	254	337	344	0	0	0	1676	2916	4312	1584	2323	2850	2021	2927	6345	798	2230	2330	0	0	0	1379	4323	2228	527	1165	2137	1662	1905	1151	3100	3629	2206	3657	5819	9645	1747	1053	940	4295	3630	5557	896	2233	3553	0	0	0	0	0	0	0	0	0	2569	4115	4803	1038	2029	3235	3005	80	4121	2158	2696	2475	535	349	435	1618	1826	2558	4911	8095	3867	936	1173	727	
k__Bacteria;p__Firmicutes;c__Clostridia;o__Lachnospirales;f__Lachnospiraceae;g__Lachnoclostridium	141	146	318	517	207	267	1203	2117	1636	210	298	102	366	458	425	1766	2497	1218	159	85	145	770	1024	867	147	15524	9851	511	2218	3870	6421	10391	8747	289	883	3923	1733	2640	4577	3415	14063	9086	2349	359	5119	3707	1990	614	1919	763	3615	4424	4195	6877	2109	848	536	7957	5931	6601	416	398	2819	3736	6558	3849	754	1986	2288	48	0	1598	59	2579	1230	290	2461	689	4502	15814	717	2257	2885	2764	1068	3248	3294	7841	12154	4751	
k__Bacteria;p__Proteobacteria;c__Gammaproteobacteria;o__Burkholderiales;f__Sutterellaceae;g__Parasutterella	117	120	2940	1350	705	1810	735	2622	2166	2157	5529	1827	58	366	1031	1747	403	1569	17	45	614	136	327	510	20	797	3266	1567	283	5200	1045	430	3511	59	603	4631	144	95	2206	289	21	1688	86	21	2198	104	108	510	253	111	1000	342	158	808	1426	148	1184	204	206	819	118	593	1402	1674	403	921	14	34	1175	6	15	247	17	834	948	14	822	176	1710	1192	63	1380	649	3453	174	321	2603	2056	1027	4123	
k__Bacteria;p__Bacteroidota;c__Bacteroidia;o__Bacteroidales;f__Rikenellaceae;g__Alistipes	6	34	48	10	17	13	12	202	13	12	16	10	25	9	9	26	0	9	0	5	7	7	2	12	9	79	242	10	0	30	59	24	49	10	13	18	20	43	34	25	47	51	17	5	396	6	11	16	18	21	26	104	8	24	25	0	13	32	33	32	0	0	3691	39	48	67	7	15	23	33	8	459	0	2358	363	6	19	31	1260	2275	6	19	10	11	11	172	6	23	17	10	
k__Bacteria;p__Actinobacteriota;c__Coriobacteriia;o__Coriobacteriales;f__Atopobiaceae;g__Coriobacteriaceae UCG-002	526	156	535	599	629	453	214	262	428	620	525	395	644	601	883	1564	462	1280	182	206	382	140	80	172	46	41	138	2298	5194	4624	1744	1033	743	4489	5742	19690	1975	3159	3634	3833	9201	3432	305	100	53	392	153	39	97	38	34	255	193	84	75	1330	1085	343	873	577	318	370	402	790	780	249	170	169	135	6	5	190	85	29	473	831	5351	743	864	556	1371	3669	4202	1483	223	781	771	10801	8122	2706	
k__Bacteria;p__Firmicutes;c__Clostridia;o__Clostridiales;f__Clostridiaceae;g__Clostridium sensu stricto 1	20	33	126	192	36	79	65	21	19	22	26	20	4732	190	151	230	42	28	17	38	16	101	0	18	135	62	201	22948	425	4654	25	0	0	26	114	13	0	14	35	15	0	14	22	9	14	10	0	32	23	0	0	20	0	0	3629	309	500	0	17	0	0	15	16	17	0	10	0	0	0	12	25	61	0	0	156	22	11	0	0	13	0	10	22	13	25	107	0	9	0	0	
k__Bacteria;p__Firmicutes;c__Bacilli;o__Lactobacillales;f__Streptococcaceae;g__Streptococcus	1613	16562	2646	539	755	1964	607	1387	913	7906	3616	2210	297	1785	495	184	556	689	1154	1587	228	577	175	92	1576	3580	8179	100	571	230	119	117	150	216	1093	302	241	129	388	190	105	100	143	381	94	136	354	471	169	320	185	244	163	212	131	105	239	145	269	454	120	143	161	102	210	228	92	111	222	142	262	208	793	177	1595	181	199	110	57	42	203	95	170	150	472	650	115	145	155	41	
k__Bacteria;p__Actinobacteriota;c__Actinobacteria;o__Bifidobacteriales;f__Bifidobacteriaceae;g__Bifidobacterium	531	476	994	667	2231	1391	474	413	434	1292	843	752	50	67	45	865	570	298	128	147	186	234	143	75	56	65	271	422	534	354	54	64	61	1588	3367	2828	1817	1340	1641	6416	4178	2852	321	51	164	362	105	30	112	46	49	47	29	29	114	184	224	85	144	218	62	39	104	99	74	46	21	0	18	21	0	65	240	95	309	3400	5988	1411	2022	575	6447	4614	5536	2438	130	501	649	16409	12815	3793	
k__Bacteria;p__Firmicutes;c__Clostridia;o__Lachnospirales;f__Lachnospiraceae;g__Lachnospiraceae NK4A136 group	70	538	459	57	86	162	67	453	75	61	59	26	99	112	33	97	142	132	30	38	39	139	156	124	132	168	304	54	175	199	588	648	370	202	115	56	167	101	88	218	163	107	150	39	1836	132	89	74	92	19	144	367	39	152	100	50	56	261	72	100	36	32	4357	80	143	111	81	137	181	142	98	2791	62	25463	1505	48	90	65	2887	5674	11	80	85	92	218	641	71	122	260	56	
k__Bacteria;p__Bacteroidota;c__Bacteroidia;o__Bacteroidales;f__Bacteroidaceae;g__Bacteroides	42	186	480	74	75	63	64	404	64	57	88	56	138	63	37	71	54	54	30	55	57	48	51	65	57	78	456	34	70	93	83	91	117	46	58	54	49	120	92	101	126	92	61	9	4136	63	82	27	87	69	52	106	35	38	104	27	34	87	66	58	67	29	2146	51	61	75	56	40	45	35	61	2320	64	989	4559	50	68	46	3276	1991	25	80	56	81	84	181	31	101	52	31	
k__Bacteria;p__Bacteroidota;c__Bacteroidia;o__Bacteroidales;f__Tannerellaceae;g__Parabacteroides	22	128	91	24	14	10	10	66	30	37	51	7	25	0	33	8	17	25	20	0	20	0	0	9	9	67	314	25	53	20	13	64	61	28	29	42	0	49	51	0	16	12	27	0	435	32	27	6	24	15	36	31	17	0	38	0	46	37	57	29	0	0	391	0	19	27	0	26	31	17	6	1674	0	204	3700	0	9	36	785	919	8	28	51	61	24	56	0	42	75	36	
k__Bacteria;p__Bacteroidota;c__Bacteroidia;o__Bacteroidales;f__Marinifilaceae;g__Odoribacter	0	0	3	0	3	0	0	42	0	0	0	0	0	2	0	0	0	0	0	0	0	0	0	0	0	7	96	0	0	3	0	0	7	0	3	10	4	0	5	6	2	9	0	3	6	0	0	0	4	5	24	80	0	13	0	0	0	4	5	3	0	0	265	2	0	3	0	0	8	3	3	184	0	863	125	0	0	6	73	133	0	0	3	0	0	12	0	0	0	0	
k__Bacteria;p__Firmicutes;c__Clostridia;o__Lachnospirales;f__Lachnospiraceae;g__Marvinbryantia	33	37	50	77	19	29	471	638	538	20	30	15	24	11	0	356	100	39	30	29	23	54	29	14	0	269	606	31	250	1030	430	693	2091	57	210	445	338	486	429	669	1450	1238	310	41	2334	267	91	40	91	118	805	734	312	882	53	79	193	688	684	1024	45	66	1444	365	1635	971	161	340	383	0	23	409	0	708	355	0	425	27	2474	2330	50	322	389	510	121	637	1193	111	505	292	
k__Bacteria;p__Verrucomicrobiota;c__Verrucomicrobiae;o__Verrucomicrobiales;f__Akkermansiaceae;g__Akkermansia	75	492	553	47	102	76	54	1537	49	50	74	37	69	116	99	45	54	35	57	60	50	59	46	42	172	7403	4637	151	1112	991	53	53	66	43	68	71	49	55	68	62	101	68	41	29	64	55	51	43	54	46	32	51	33	43	2583	744	227	63	49	52	51	33	39	42	48	52	33	37	39	26	37	2296	51	111	787	62	235	47	95	70	20	262	166	230	47	75	200	69	47	21	
k__Bacteria;p__Firmicutes;c__Clostridia;o__Lachnospirales;f__Lachnospiraceae;g__ASF356	0	0	34	31	18	22	17	25	17	14	15	7	46	28	22	21	32	27	35	46	37	17	23	0	22	23	54	21	0	16	0	0	15	28	15	9	0	24	0	0	27	0	0	11	80	29	0	19	28	11	18	73	13	30	0	0	0	21	0	16	0	0	290	0	13	21	16	55	46	22	21	321	26	184	254	21	24	22	174	882	9	20	15	15	35	137	18	35	36	20	
k__Bacteria;p__Firmicutes;c__Clostridia;o__Peptococcales;f__Peptococcaceae;g__	0	0	0	0	10	12	11	12	0	6	0	0	0	0	0	4	0	14	0	0	0	0	7	12	0	0	19	9	0	8	13	25	11	13	0	3	14	13	0	13	7	3	0	0	194	10	0	9	18	0	13	20	8	0	0	0	3	11	0	0	0	0	158	0	5	8	8	0	0	5	0	257	0	156	130	0	11	10	278	762	4	12	0	0	28	86	0	14	9	0	
k__Bacteria;p__Firmicutes;c__Clostridia;o__Lachnospirales;f__Lachnospiraceae;g__Roseburia	0	17	27	0	0	14	0	33	15	0	0	0	11	0	0	15	0	12	0	0	0	6	0	0	0	55	29	0	6	0	46	50	14	17	0	0	3	10	0	9	20	0	0	0	284	7	0	0	7	0	4	79	0	0	6	0	0	28	6	22	0	0	703	7	14	0	81	68	197	122	56	220	0	2180	71	0	27	0	268	1319	0	9	21	0	120	232	56	57	76	0	
k__Bacteria;p__Firmicutes;c__Clostridia;o__Lachnospirales;f__Lachnospiraceae;g__28-4	55	54	83	43	33	43	31	32	41	34	30	0	51	41	35	37	25	27	45	44	33	47	59	72	34	49	43	46	63	45	37	38	46	48	35	48	46	41	38	71	63	35	45	0	59	42	36	34	57	31	60	52	41	35	64	0	20	53	45	43	36	32	596	37	30	38	35	39	62	32	47	138	39	666	132	67	41	46	39	59	21	35	44	33	36	49	16	49	39	13	
k__Bacteria;p__Firmicutes;c__Clostridia;o__Oscillospirales;f__Oscillospiraceae;g__Oscillibacter	0	19	56	8	8	16	14	29	9	0	0	0	0	16	0	0	0	0	0	0	0	19	9	10	0	16	47	0	12	18	79	70	12	22	29	11	37	21	16	40	47	0	40	17	47	28	20	12	28	22	21	155	34	55	0	0	0	19	20	11	0	0	717	15	22	9	0	42	23	38	0	706	0	924	395	0	22	16	515	2215	16	26	26	22	31	317	9	29	28	0	
k__Bacteria;p__Firmicutes;c__Clostridia;o__Oscillospirales;f__Oscillospiraceae;g__Colidextribacter	16	30	6	0	0	0	19	59	0	14	0	0	17	0	0	21	23	0	0	0	0	0	19	18	15	20	132	23	19	0	120	134	41	0	45	49	37	0	0	40	59	0	115	0	534	72	31	24	51	0	51	199	54	46	0	0	0	45	34	0	17	0	841	24	70	25	36	42	18	18	19	598	0	885	443	0	39	43	687	1624	12	36	31	0	89	332	15	34	127	18	
k__Bacteria;p__Bacteroidota;c__Bacteroidia;o__Bacteroidales;f__Rikenellaceae;g__Rikenellaceae RC9 gut group	24	0	18	21	9	26	15	90	23	23	39	13	13	19	19	10	27	20	17	8	0	18	13	16	0	20	64	23	25	36	16	22	37	0	27	49	14	30	59	16	46	31	11	6	93	20	16	14	25	20	32	32	21	27	39	24	32	28	20	30	18	15	770	29	21	30	18	16	11	11	13	642	11	475	1229	19	28	30	414	274	4	18	24	22	17	46	13	25	24	20	
k__Bacteria;p__Firmicutes;c__Clostridia;o__Lachnospirales;f__Lachnospiraceae;g__Lachnospiraceae FCS020 group	19	38	68	14	9	0	13	68	30	0	40	23	0	12	9	41	21	24	13	14	10	0	14	22	18	96	195	0	24	66	128	148	197	17	26	172	19	18	61	64	74	346	148	21	695	82	33	0	50	23	186	265	43	106	0	10	0	84	63	36	0	0	1307	59	131	74	52	76	68	0	0	168	0	354	111	0	18	0	560	1335	14	12	33	130	57	180	80	52	178	17	
k__Bacteria;p__Firmicutes;c__Bacilli;o__Acholeplasmatales;f__Acholeplasmataceae;g__Anaeroplasma	0	7	0	0	0	0	0	32	0	0	0	0	0	0	3	0	0	2	0	0	0	0	0	0	5	0	11	4	0	5	0	0	0	8	0	0	0	6	0	0	0	0	0	0	0	0	0	0	0	0	0	0	0	4	4	0	0	0	0	0	0	0	10	0	0	0	0	0	0	0	0	6	0	241	24	0	0	4	0	0	0	0	0	0	0	0	0	0	0	0	
k__Bacteria;p__Firmicutes;c__Clostridia;o__Clostridia vadinBB60 group;f__;g__	0	13	5	11	0	0	0	36	4	12	0	4	0	12	6	4	0	0	7	0	6	8	0	0	0	11	42	0	0	5	0	0	8	0	0	0	7	0	10	18	0	0	0	0	10	6	3	0	0	3	7	50	0	0	16	7	7	0	0	2	0	0	399	4	0	11	0	0	0	8	5	89	0	1007	127	5	0	10	113	86	0	0	0	6	0	0	6	9	10	4	
k__Bacteria;p__Bacteroidota;c__Bacteroidia;o__Bacteroidales;f__Rikenellaceae;g__Rikenella	0	0	0	3	0	12	0	75	0	0	5	3	5	0	2	0	0	0	0	0	0	0	4	0	0	22	9	0	0	9	16	0	8	0	0	0	0	7	6	0	0	0	0	0	228	0	5	0	3	13	40	30	0	0	0	0	0	13	5	5	0	0	207	17	5	16	0	0	0	0	0	39	0	65	55	0	0	11	198	385	0	11	0	6	4	23	3	302	107	78	
k__Bacteria;p__Desulfobacterota;c__Desulfovibrionia;o__Desulfovibrionales;f__Desulfovibrionaceae;g__Bilophila	0	2	8	0	0	8	9	47	0	9	13	0	6	9	11	17	13	9	0	6	17	5	17	13	6	41	215	30	31	101	15	11	64	19	8	85	27	20	143	69	45	186	21	7	142	27	13	9	0	7	81	33	9	42	31	5	11	36	15	25	0	4	14	44	23	36	0	0	0	0	4	96	8	109	97	3	19	11	46	209	3	17	20	50	30	33	56	214	200	157	
k__Bacteria;p__Proteobacteria;c__Gammaproteobacteria;o__Enterobacterales;f__Enterobacteriaceae;g__Klebsiella	0	0	25	0	0	0	0	0	0	0	0	0	0	0	0	0	0	0	0	0	0	0	0	0	0	0	0	0	0	0	0	0	0	0	0	0	0	0	0	0	0	0	0	0	0	0	0	0	14	0	0	0	0	0	0	0	0	0	0	0	0	0	0	0	0	0	0	0	0	0	0	0	0	62	14	0	0	0	0	0	0	0	0	0	0	0	0	0	0	0	
k__Bacteria;p__Firmicutes;c__Clostridia;o__Clostridia UCG-014;f__;g__	28	0	33	40	0	30	78	247	88	24	57	15	32	55	50	394	261	197	26	82	86	0	26	0	0	124	348	36	82	146	252	145	339	21	52	48	158	105	127	722	960	1169	99	0	225	33	17	18	31	33	136	48	14	80	40	34	29	497	430	326	31	24	2659	232	216	274	0	0	43	0	5	204	16	41	235	27	18	74	755	627	16	171	47	79	0	133	845	419	705	253	
k__Bacteria;p__Firmicutes;c__Clostridia;o__Oscillospirales;f__[Eubacterium] coprostanoligenes group;g__	10	9	21	0	0	0	10	47	8	0	0	0	10	7	0	30	0	7	10	0	0	0	0	0	8	0	16	0	14	15	8	26	59	0	0	0	0	0	0	0	0	0	9	0	248	9	6	7	0	0	9	12	8	0	7	0	0	18	9	26	0	18	356	15	30	13	0	0	0	0	0	103	0	143	172	5	18	0	425	465	0	18	22	0	4	47	86	17	42	32	
k__Bacteria;p__Proteobacteria;c__Gammaproteobacteria;o__Burkholderiales;f__Comamonadaceae;g__Aquabacterium	0	0	0	0	0	0	0	0	0	0	0	0	0	0	0	0	3	0	0	0	0	0	0	0	0	0	0	0	0	0	0	0	0	0	0	0	0	0	0	0	0	0	0	0	0	0	0	0	0	0	0	0	0	0	0	0	0	0	0	0	0	0	0	0	0	0	0	0	0	0	0	0	0	0	0	0	0	3	0	0	0	0	0	0	0	0	0	0	0	0	
k__Bacteria;p__Firmicutes;c__Clostridia;o__Lachnospirales;f__Lachnospiraceae;g__Anaerostipes	13	10	25	0	0	0	0	0	7	0	11	0	12	10	0	0	16	0	24	0	7	9	0	0	22	87	117	12	57	39	27	13	15	8	11	12	33	12	11	103	80	34	15	0	0	6	0	0	17	0	14	10	14	0	36	22	0	12	13	13	15	20	77	8	10	21	0	0	0	0	18	49	0	41	42	23	101	10	133	179	8	85	105	80	36	66	409	104	188	42	
k__Bacteria;p__Firmicutes;c__Bacilli;o__Erysipelotrichales;f__Erysipelatoclostridiaceae;g__Erysipelatoclostridium	5	12	12	6	0	12	27	46	44	13	9	6	25	13	14	25	0	10	35	30	26	0	11	7	30	177	144	20	40	81	58	57	91	12	4	0	0	5	0	0	21	0	0	9	79	7	14	0	8	12	18	0	0	8	88	20	12	25	40	46	58	40	244	22	74	25	8	13	19	6	8	70	15	19	268	23	77	11	52	42	0	58	59	78	0	32	133	15	38	18	
k__Bacteria;p__Firmicutes;c__Clostridia;o__Oscillospirales;f__Oscillospiraceae;g__	0	17	31	0	0	5	0	20	0	0	0	0	0	0	0	6	0	0	0	11	0	0	0	0	0	12	39	13	19	10	93	117	0	0	0	18	37	0	0	32	8	4	0	0	81	15	12	0	0	0	13	71	12	5	0	12	0	8	11	0	0	4	708	8	48	9	32	35	23	14	0	617	0	964	514	13	9	15	443	711	0	0	6	0	26	141	0	41	109	6	
k__Bacteria;p__Actinobacteriota;c__Coriobacteriia;o__Coriobacteriales;f__Eggerthellaceae;g__Enterorhabdus	223	102	350	284	326	272	203	402	408	248	418	296	246	401	528	487	582	846	193	253	501	359	311	437	42	885	523	282	575	690	919	1245	992	100	255	586	379	709	590	750	2080	1269	855	237	259	1319	360	191	277	144	336	681	959	544	372	211	179	433	901	857	213	155	202	527	797	351	288	543	552	3	0	85	159	414	269	432	731	765	235	429	191	499	539	284	228	391	198	1173	1136	460	
k__Bacteria;p__Firmicutes;c__Clostridia;o__Oscillospirales;f__Ruminococcaceae;g__	0	0	0	0	0	5	0	8	0	0	0	0	3	0	5	3	7	0	0	5	0	0	10	0	0	0	14	6	7	2	15	10	0	0	0	0	5	9	0	0	4	0	7	0	40	0	0	0	0	0	0	33	0	0	0	0	0	6	0	0	7	0	330	0	5	0	0	0	0	0	0	347	0	608	234	0	0	9	209	436	0	0	0	0	0	70	0	0	18	0	
k__Bacteria;p__Firmicutes;c__Clostridia;o__Lachnospirales;f__Lachnospiraceae;g__Acetatifactor	0	0	10	0	0	0	0	0	0	0	0	0	0	0	0	0	0	0	0	0	0	0	0	0	0	0	18	0	14	0	83	110	0	0	0	0	15	0	0	27	22	9	0	0	8	0	0	0	0	0	10	20	0	25	0	0	0	22	0	0	0	0	319	0	0	0	26	34	23	16	0	140	0	124	71	0	8	0	35	41	0	16	5	0	11	14	10	20	41	0	
k__Bacteria;p__Firmicutes;c__Clostridia;o__Oscillospirales;f__Butyricicoccaceae;g__Butyricicoccus	5	0	11	0	0	10	3	67	25	6	11	5	0	0	0	24	12	6	3	0	0	0	0	0	0	190	342	9	23	95	183	117	339	12	23	23	18	16	30	21	79	257	41	0	342	19	17	0	33	7	26	94	19	9	19	8	9	43	24	20	5	0	446	25	98	43	46	73	124	33	0	95	0	459	93	0	21	4	60	91	0	17	15	29	41	37	87	30	114	30	
k__Bacteria;p__Proteobacteria;c__Alphaproteobacteria;o__Rickettsiales;f__Mitochondria;g__	16	93	0	8	7	2	0	399	14	146	63	16	23	558	383	0	73	53	94	501	88	51	41	13	539	6916	16098	5	207	544	58	43	38	315	1616	842	272	43	675	270	60	15	488	63	8	54	48	6886	36	250	183	30	6	90	11	10	43	46	11	138	17	71	8	0	8	7	35	34	1015	159	100	274	21	7	0	0	22	0	0	0	95	17	29	40	295	546	36	36	186	15	
k__Bacteria;p__Cyanobacteria;c__Vampirivibrionia;o__Gastranaerophilales;f__;g__	3	0	14	0	5	4	4	4	0	10	0	0	7	11	13	0	0	0	2	5	5	0	4	3	7	5	85	0	0	0	3	14	0	3	0	4	12	20	9	7	39	0	4	0	37	2	5	0	5	5	0	8	3	0	3	3	3	9	6	15	0	6	425	4	5	8	16	6	22	4	8	262	0	260	164	8	34	12	888	444	4	18	19	29	5	34	20	47	47	18	
k__Bacteria;p__Firmicutes;c__Clostridia;o__Lachnospirales;f__Lachnospiraceae;g__A2	0	44	40	0	0	21	5	35	14	0	0	0	0	0	0	0	0	0	0	0	0	0	0	0	10	58	75	0	14	70	59	53	0	0	0	0	36	8	7	35	51	0	81	0	119	133	27	7	44	19	59	93	9	14	0	0	0	25	0	61	0	0	363	11	76	0	60	95	123	0	13	323	0	970	191	0	0	0	104	221	0	0	0	0	40	106	34	7	27	0	
k__Bacteria;p__Firmicutes;c__Clostridia;o__Oscillospirales;f__Oscillospiraceae;g__Intestinimonas	0	0	19	0	0	0	0	40	0	11	14	0	0	0	0	12	0	14	0	0	12	13	0	0	0	64	108	0	0	26	149	156	139	0	23	23	50	48	58	82	140	98	125	0	434	56	13	0	43	0	45	95	33	36	0	0	0	25	30	36	0	0	608	38	40	18	42	48	68	0	0	395	0	721	192	0	30	0	406	679	0	27	23	9	24	130	63	41	80	0	
k__Bacteria;p__Firmicutes;c__Clostridia;o__Oscillospirales;f__Ruminococcaceae;g__[Eubacterium] siraeum group	10	0	11	8	6	0	0	10	10	0	0	0	12	0	0	9	0	0	0	0	0	0	0	0	4	8	14	11	0	0	8	16	0	0	0	0	0	0	0	8	0	0	0	0	0	0	0	0	0	5	0	0	9	10	0	0	0	8	10	0	0	0	60	7	0	6	8	0	5	8	8	195	0	220	262	0	9	0	87	251	0	12	7	4	12	20	10	12	11	0	
k__Bacteria;p__Firmicutes;c__Clostridia;o__Peptostreptococcales-Tissierellales;f__Anaerovoracaceae;g__Family XIII UCG-001	0	7	9	0	0	0	13	0	6	0	0	0	0	0	0	0	0	0	0	0	0	0	0	0	0	35	0	5	0	7	40	23	93	0	0	5	9	9	0	9	11	17	15	0	176	13	0	0	4	0	23	22	3	0	0	0	0	26	10	9	0	0	43	0	12	9	0	0	22	0	0	21	0	75	12	0	5	0	42	287	0	4	0	0	13	35	20	5	15	0	
k__Bacteria;p__Firmicutes;c__Clostridia;o__Lachnospirales;f__Lachnospiraceae;g__Lachnospiraceae UCG-004	0	0	0	0	0	0	0	0	0	0	0	0	0	0	0	0	0	0	0	0	0	0	0	0	16	68	15	0	0	0	0	0	0	0	0	0	0	0	0	24	0	0	0	0	259	0	0	0	0	0	15	17	0	0	0	0	0	0	0	0	0	0	0	0	0	0	0	0	23	0	0	27	0	42	0	0	0	0	220	1005	0	0	0	0	12	46	0	0	26	0	
k__Bacteria;p__Firmicutes;c__Clostridia;o__Lachnospirales;f__Lachnospiraceae;g__GCA-900066575	0	0	0	0	0	8	11	0	0	0	6	0	0	19	15	0	0	0	0	0	0	0	0	7	0	126	47	0	19	19	147	128	18	0	15	0	51	21	0	134	119	13	0	0	105	0	9	0	13	0	23	24	12	0	0	15	0	31	29	13	0	0	616	13	30	0	22	21	5	0	0	352	0	276	143	0	11	0	230	262	0	57	19	0	13	67	57	53	117	0	
k__Bacteria;p__Firmicutes;c__Clostridia;o__Oscillospirales;f__Ruminococcaceae;g__Incertae Sedis	0	0	16	0	12	22	39	163	95	12	3	0	0	27	54	90	56	65	19	37	27	0	19	35	18	165	336	67	182	290	238	200	949	0	19	64	66	112	161	145	177	711	214	17	261	155	49	0	61	0	190	206	60	211	40	26	6	141	90	232	23	34	321	65	270	229	48	108	157	0	0	240	0	245	222	26	68	43	215	812	0	60	80	205	15	166	277	41	131	47	
k__Bacteria;p__Actinobacteriota;c__Coriobacteriia;o__Coriobacteriales;f__Eggerthellaceae;g__	67	28	77	79	78	65	98	149	112	44	83	44	104	129	104	48	86	73	128	117	125	135	112	83	34	346	189	286	458	280	117	117	111	26	49	60	60	127	62	86	261	97	143	33	31	114	30	13	21	19	23	77	66	49	107	103	88	79	106	71	71	87	52	105	82	37	13	25	21	0	0	11	43	0	63	119	234	177	24	25	22	125	153	103	30	35	69	142	102	42	
k__Bacteria;p__Firmicutes;c__Clostridia;o__Lachnospirales;f__Lachnospiraceae;g__Lachnospiraceae UCG-002	0	0	0	0	0	0	0	16	0	0	0	0	0	0	0	10	0	8	0	0	0	0	0	0	0	0	0	0	0	0	0	0	0	0	0	0	0	0	0	0	0	0	0	0	92	0	0	0	0	0	0	0	0	0	0	0	0	0	0	0	0	0	0	0	0	0	0	0	11	0	0	0	0	0	0	0	0	0	86	217	0	0	0	0	21	13	0	10	15	0	
k__Bacteria;p__Firmicutes;c__Clostridia;o__Lachnospirales;f__Lachnospiraceae;g__Blautia	92	72	156	78	93	72	57	85	80	76	44	40	117	61	47	45	26	50	27	33	52	43	40	80	50	179	169	84	107	123	63	53	94	80	48	58	54	29	38	93	103	36	84	19	75	58	51	27	99	36	42	60	47	33	105	63	66	97	42	76	52	55	45	40	27	53	70	48	43	0	80	66	52	401	43	100	58	0	53	66	0	66	38	56	93	67	47	80	97	14	
k__Bacteria;p__Firmicutes;c__Bacilli;o__Erysipelotrichales;f__Erysipelotrichaceae;g__	0	6	7	0	2	12	7	55	17	0	9	0	0	0	0	20	3	5	8	4	0	0	0	0	0	14	22	0	0	0	9	28	55	0	0	4	4	9	6	0	11	18	19	0	117	18	0	0	0	0	7	9	16	44	0	6	0	3	5	14	0	6	240	0	19	6	7	17	25	0	0	14	0	0	62	5	7	4	54	147	0	0	5	5	0	10	25	13	13	13	
k__Bacteria;p__Firmicutes;c__Clostridia;o__Oscillospirales;f__Butyricicoccaceae;g__UCG-009	0	0	0	0	0	0	0	0	0	0	0	0	0	0	0	0	0	0	0	0	0	0	0	0	0	0	0	0	0	0	0	9	0	0	0	0	3	0	0	0	0	0	0	0	33	0	0	0	0	0	0	16	0	0	0	0	0	0	0	0	0	0	74	0	0	0	0	0	0	0	0	46	0	25	27	0	0	0	0	11	0	0	0	0	0	8	0	0	0	0	
k__Bacteria;p__Firmicutes;c__Clostridia;o__Peptococcales;f__Peptococcaceae;g__Peptococcus	0	0	14	0	2	0	0	3	0	0	0	0	0	0	0	0	0	0	0	0	0	0	0	0	0	0	8	0	0	0	0	0	0	0	0	0	0	0	2	0	0	0	0	0	65	0	0	0	0	0	0	5	0	0	0	0	0	5	0	0	0	0	27	0	0	0	0	0	0	0	0	19	0	51	12	0	0	0	27	86	0	0	0	0	0	8	0	4	0	0	
k__Bacteria;p__Firmicutes;c__Clostridia;o__Lachnospirales;f__Lachnospiraceae;g__Dorea	0	0	0	0	0	0	0	0	0	0	0	0	0	0	0	0	0	0	0	8	0	0	0	0	0	545	60	79	183	62	0	0	0	78	107	34	298	429	308	128	798	609	0	0	0	0	0	0	0	0	0	0	0	0	0	11	0	0	0	0	0	0	0	0	0	0	0	0	0	0	0	66	0	368	60	0	0	0	0	150	0	90	66	0	0	55	168	0	0	0	
k__Bacteria;p__Firmicutes;c__Bacilli;o__Lactobacillales;f__Enterococcaceae;g__Enterococcus	11	0	0	150	90	344	127	127	63	367	64	50	49	50	29	11	0	0	0	0	0	18	0	0	40	694	195	0	0	0	104	77	36	11	0	0	14	0	12	36	10	0	0	0	0	114	36	22	18	64	20	126	59	122	17	0	10	0	6	0	0	0	0	10	0	11	36	12	12	16	38	0	11	66	46	12	0	0	8	0	34	0	0	0	714	21	0	0	0	0	
k__Bacteria;p__Firmicutes;c__Clostridia;o__Oscillospirales;f__Ruminococcaceae;g__Anaerotruncus	0	0	6	0	0	0	0	5	0	0	0	0	0	0	0	0	0	0	0	0	0	0	0	0	0	0	0	0	0	0	0	0	0	0	0	0	0	3	0	0	0	0	0	0	9	0	0	0	0	0	0	0	0	0	0	0	0	2	0	0	0	0	0	0	0	0	0	0	5	8	4	42	0	199	15	0	0	0	7	29	0	0	0	0	9	0	0	0	3	0	
k__Bacteria;p__Firmicutes;c__Bacilli;o__RF39;f__;g__	0	0	0	3	0	0	2	3	8	0	0	0	0	0	0	0	0	0	0	0	0	0	0	0	0	0	14	0	0	3	0	6	22	3	0	0	0	0	0	0	3	7	0	0	0	0	0	0	0	0	0	0	0	0	3	0	0	2	2	4	0	0	385	0	7	7	0	0	7	0	0	15	0	2	27	3	0	3	872	711	0	6	2	3	0	19	9	4	16	6	
k__Bacteria;p__Actinobacteriota;c__Coriobacteriia;o__Coriobacteriales;f__Coriobacteriales Incertae Sedis;g__	21	18	44	32	23	24	33	50	37	38	67	42	37	34	30	86	108	99	15	24	36	46	39	36	4	122	121	102	156	131	94	138	121	15	53	115	56	186	114	77	334	153	139	16	60	86	53	26	37	41	49	80	76	95	49	35	23	107	125	96	15	16	63	100	88	59	19	30	33	0	0	15	26	0	31	8	55	40	25	51	17	24	30	32	13	30	24	63	74	31	
k__Bacteria;p__Firmicutes;c__Clostridia;o__Lachnospirales;f__Lachnospiraceae;g__Agathobacter	53	36	46	51	33	0	37	31	38	31	39	19	42	51	38	27	0	24	40	24	34	38	34	38	27	48	38	39	47	51	34	0	30	38	31	37	31	31	35	52	51	33	32	0	34	28	36	27	53	26	16	35	16	24	56	32	27	50	42	26	37	29	33	32	29	28	32	23	0	0	35	35	0	95	33	52	25	35	27	34	0	35	0	29	34	29	29	39	0	0	
k__Bacteria;p__Firmicutes;c__Clostridia;o__Christensenellales;f__Christensenellaceae;g__Christensenellaceae R-7 group	0	0	7	0	0	0	2	29	0	0	0	0	0	0	0	0	4	0	0	0	0	0	0	0	0	10	21	0	6	0	6	0	0	0	0	0	8	5	0	14	6	0	0	0	14	5	5	0	0	0	3	0	0	0	0	0	0	0	0	0	0	6	47	0	0	0	0	0	0	0	0	22	0	5	41	0	0	0	52	31	0	0	0	0	0	8	0	0	11	0	
k__Bacteria;p__Firmicutes;c__Clostridia;o__Oscillospirales;f__Ruminococcaceae;g__Ruminococcus	22	13	21	18	20	17	16	0	15	0	30	0	21	25	0	9	0	25	15	0	6	27	0	0	16	26	28	23	31	19	0	26	21	23	0	4	19	0	23	15	28	15	14	3	29	4	0	21	30	0	17	17	15	10	22	19	26	25	20	24	26	18	67	12	12	14	0	12	16	0	24	54	17	82	82	24	21	2	57	58	0	0	17	0	22	27	0	21	13	0	
k__Bacteria;p__Firmicutes;c__Clostridia;o__Lachnospirales;f__Lachnospiraceae;g__[Eubacterium] xylanophilum group	0	36	86	0	0	0	35	73	43	0	0	0	0	0	0	10	12	0	0	0	0	0	0	0	0	23	11	0	27	77	11	14	42	0	0	0	0	16	0	13	37	22	61	0	55	17	10	0	19	0	82	19	0	9	0	5	0	12	12	17	0	0	8	0	72	12	0	16	0	0	0	13	0	2941	5	0	49	6	62	88	0	37	60	0	10	94	206	19	75	20	
k__Bacteria;p__Firmicutes;c__Clostridia;o__Oscillospirales;f__Oscillospiraceae;g__Oscillospira	0	0	0	0	0	0	0	0	0	0	0	0	0	0	0	0	0	0	0	0	0	0	0	0	0	0	0	0	0	0	34	35	0	0	0	0	0	0	0	0	0	0	0	0	0	0	0	0	0	0	0	16	0	0	0	0	0	0	0	0	0	0	37	0	0	0	0	0	0	0	0	0	0	0	13	0	0	0	0	0	0	0	0	0	0	0	0	0	0	0	
k__Bacteria;p__Firmicutes;c__Clostridia;o__Monoglobales;f__Monoglobaceae;g__Monoglobus	12	0	0	23	12	12	42	64	50	27	47	16	3	8	5	30	30	19	15	25	15	16	11	6	7	121	181	42	103	103	0	0	19	0	21	7	27	24	40	96	192	140	56	7	50	34	22	6	0	0	27	22	24	79	29	41	28	117	107	101	18	15	76	32	39	43	0	0	0	0	0	7	7	0	23	10	62	15	186	296	9	24	55	58	0	27	46	43	65	37	
k__Bacteria;p__Proteobacteria;c__Alphaproteobacteria;o__Rhodospirillales;f__;g__	0	0	0	0	0	0	0	17	0	0	0	0	0	0	0	0	0	0	0	2	4	0	4	4	0	3	47	3	0	0	5	0	7	0	0	0	4	8	0	10	0	6	0	0	92	0	0	0	0	0	0	0	0	0	0	0	0	0	3	0	0	2	63	6	2	0	0	0	0	0	5	27	0	2	30	0	0	2	47	16	0	3	0	5	0	0	0	8	0	3	
k__Bacteria;p__Firmicutes;c__Clostridia;o__Oscillospirales;f__Oscillospiraceae;g__UCG-003	0	0	0	0	0	0	0	0	0	0	0	0	0	0	0	0	0	0	0	0	0	0	0	0	0	0	0	0	0	0	0	0	0	0	0	0	0	0	0	0	0	0	0	0	0	0	0	0	0	0	0	0	0	0	0	0	0	0	0	0	0	0	76	0	0	0	0	0	0	6	0	17	0	39	23	0	0	0	45	22	0	0	0	0	0	0	0	0	0	0	
k__Bacteria;p__Cyanobacteria;c__Cyanobacteriia;o__Chloroplast;f__;g__	0	66	0	0	0	0	3	10	32	18	11	0	8	215	155	2	57	17	46	268	38	13	9	0	292	3832	2859	0	63	101	15	20	8	101	1351	246	73	5	248	44	16	8	143	73	4	19	0	1476	16	56	96	0	0	49	9	0	15	6	6	59	4	23	6	3	3	9	15	17	1397	77	81	193	5	0	0	8	17	0	0	0	47	0	17	36	90	120	6	13	62	8	
k__Bacteria;p__Firmicutes;c__Clostridia;o__Lachnospirales;f__Lachnospiraceae;g__Lachnospiraceae AC2044 group	0	0	0	0	0	0	0	14	0	0	0	0	0	0	0	0	0	0	16	0	0	0	0	0	0	12	0	0	0	0	0	0	0	0	0	0	0	0	0	0	0	0	0	0	0	12	0	0	0	0	0	0	0	0	0	0	0	0	0	0	0	0	0	0	0	0	0	0	0	0	0	467	0	0	248	14	0	0	0	0	0	0	0	0	0	0	0	13	0	0	
k__Bacteria;p__Proteobacteria;c__Gammaproteobacteria;o__Burkholderiales;f__Burkholderiaceae;g__Ralstonia	0	0	0	52	397	408	0	0	0	0	0	19	35	320	531	0	0	0	10	54	38	62	45	17	3	0	0	0	0	0	0	0	0	0	0	0	0	0	0	0	0	0	0	0	0	62	166	825	0	0	0	51	30	713	28	0	0	0	0	0	0	0	0	0	0	0	6	18	462	111	185	434	6	0	1757	0	658	0	0	0	0	0	0	0	0	3	0	0	0	0	
k__Bacteria;p__Firmicutes;c__Clostridia;o__Peptostreptococcales-Tissierellales;f__Anaerovoracaceae;g__[Eubacterium] nodatum group	0	0	0	0	0	0	0	0	0	0	0	0	0	0	0	4	0	0	0	0	0	0	0	0	0	0	19	0	0	0	0	0	0	0	0	0	0	13	0	0	6	0	0	0	34	0	0	0	0	0	0	8	0	0	0	0	0	0	0	0	0	0	55	0	0	0	0	4	0	0	0	27	0	43	18	0	0	0	85	62	0	0	0	0	0	7	0	0	9	0	
k__Bacteria;p__Firmicutes;c__Clostridia;o__Oscillospirales;f__Oscillospiraceae;g__NK4A214 group	0	0	10	0	0	0	0	12	0	0	0	0	0	0	0	0	0	0	0	0	0	0	0	0	0	0	3	0	0	0	0	3	0	0	0	0	0	0	0	0	0	0	0	0	20	0	0	0	0	0	0	0	0	0	0	0	0	0	0	0	0	0	37	0	0	0	0	0	0	0	0	35	0	103	15	0	0	0	91	84	0	0	0	0	0	0	0	0	0	0	
k__Bacteria;p__Firmicutes;c__Clostridia;o__Lachnospirales;f__Lachnospiraceae;g__Fusicatenibacter	20	21	19	0	18	20	20	0	0	0	22	12	0	23	15	0	16	0	0	22	15	21	16	20	20	19	24	25	24	0	16	27	18	20	0	15	20	16	0	33	19	0	14	9	0	17	23	0	32	27	18	26	0	15	0	0	13	22	22	24	0	0	22	0	18	0	0	17	12	0	23	0	17	65	15	21	18	14	12	30	0	0	15	0	34	13	0	31	20	0	
k__Bacteria;p__Firmicutes;c__Bacilli;o__Erysipelotrichales;f__Erysipelatoclostridiaceae;g__	0	0	0	0	0	0	0	8	0	0	0	0	0	0	0	0	0	0	0	0	0	0	0	0	0	0	10	0	0	10	0	0	12	0	0	0	8	11	6	4	10	0	12	0	21	0	0	0	0	0	8	0	0	0	0	0	0	0	0	0	0	0	9	0	0	0	0	7	0	0	0	6	0	13	4	5	13	0	29	28	0	15	9	7	0	8	16	0	10	0	
k__Bacteria;p__Firmicutes;c__Clostridia;o__Peptostreptococcales-Tissierellales;f__Anaerovoracaceae;g__[Eubacterium] brachy group	0	0	0	16	0	4	11	5	13	0	0	0	0	4	5	43	70	34	4	5	0	0	4	0	0	50	64	25	53	69	26	74	64	0	7	9	17	52	24	79	226	85	39	0	57	36	11	3	3	6	21	11	20	109	15	10	3	59	62	63	11	2	14	16	71	21	6	33	25	0	0	20	0	36	15	4	28	12	26	86	8	27	13	28	4	15	19	31	93	49	
k__Bacteria;p__Bacteroidota;c__Bacteroidia;o__Bacteroidales;f__Prevotellaceae;g__Prevotella_9	0	12	126	12	18	0	18	64	17	18	25	13	28	15	19	0	20	0	15	15	0	13	18	28	0	10	40	12	18	20	20	21	14	9	25	22	0	31	16	22	37	16	16	0	21	0	23	12	16	14	0	18	13	0	24	0	18	0	20	20	14	0	15	24	9	19	15	0	10	12	12	0	0	62	12	14	21	14	20	0	0	0	14	23	0	11	15	21	19	0	
k__Bacteria;p__Firmicutes;c__Clostridia;o__Lachnospirales;f__Lachnospiraceae;g__Tuzzerella	0	0	0	0	0	0	4	0	0	0	0	0	0	0	0	0	0	0	0	0	0	0	0	0	0	0	10	0	0	0	0	0	0	0	0	0	0	0	0	0	0	0	0	0	0	0	0	0	0	0	0	0	0	0	0	0	0	0	0	0	0	0	14	0	0	0	0	0	0	0	0	17	0	0	20	0	0	0	0	37	0	0	0	0	0	6	0	0	0	0	
k__Bacteria;p__Firmicutes;c__Clostridia;o__Christensenellales;f__Christensenellaceae;g__	0	0	0	0	0	3	0	0	0	0	0	0	0	0	0	0	0	0	0	0	0	0	0	0	0	11	5	0	0	0	0	0	7	0	0	0	0	0	0	0	0	0	0	0	8	0	0	0	0	0	0	5	0	0	0	0	0	0	0	0	0	0	23	0	0	0	0	0	0	0	0	21	0	23	46	0	0	0	58	62	0	0	0	0	0	5	24	0	12	2	
k__Bacteria;p__Firmicutes;c__Clostridia;o__Oscillospirales;f__Ruminococcaceae;g__Subdoligranulum	16	0	37	18	0	14	0	0	23	0	0	0	15	19	0	0	0	0	0	0	0	16	0	0	0	17	24	0	12	0	0	14	9	0	12	0	16	0	10	11	0	8	15	0	15	12	0	16	12	9	0	0	11	0	21	0	0	13	0	0	13	0	14	15	0	0	0	15	10	8	0	0	25	51	18	0	39	14	13	0	0	17	17	9	19	18	0	13	0	0	
k__Bacteria;p__Firmicutes;c__Clostridia;o__Lachnospirales;f__Lachnospiraceae;g__Eisenbergiella	0	0	0	0	0	0	0	0	0	0	0	0	0	0	0	0	0	0	0	0	0	0	0	0	0	0	0	0	0	0	0	0	0	0	0	0	0	0	0	0	0	0	0	0	0	0	0	0	0	0	0	0	0	0	0	0	0	0	0	0	0	0	0	0	0	0	9	28	0	0	0	0	0	11	0	0	0	0	0	0	0	0	0	0	0	0	0	0	0	0	
k__Bacteria;p__Firmicutes;c__Clostridia;o__Oscillospirales;f__Ruminococcaceae;g__UBA1819	0	0	6	0	0	0	0	9	0	0	0	0	0	0	0	0	0	0	0	0	0	0	0	0	0	0	9	0	0	0	5	3	0	0	0	10	7	0	0	7	10	6	0	0	0	0	0	0	0	0	0	0	0	0	0	0	0	0	0	0	0	0	41	0	8	0	5	3	8	0	0	8	0	0	0	0	0	0	6	17	0	0	0	0	0	6	0	0	21	0	
k__Bacteria;p__Bacteroidota;c__Bacteroidia;o__Bacteroidales;f__Prevotellaceae;g__Prevotellaceae UCG-001	0	2	0	0	0	0	0	0	0	0	0	0	0	0	0	0	0	0	0	0	0	0	0	0	0	0	0	0	0	0	0	0	0	0	0	0	0	0	0	0	0	0	0	0	0	0	0	0	0	0	0	0	0	0	0	0	0	0	0	0	0	0	0	0	0	0	0	0	0	0	0	0	0	2281	0	0	0	0	0	0	0	0	0	0	0	0	0	0	0	0	
k__Bacteria;p__Firmicutes;c__Clostridia;o__Lachnospirales;f__Defluviitaleaceae;g__Defluviitaleaceae UCG-011	0	0	0	0	0	0	0	0	0	0	0	0	0	0	0	0	0	0	0	0	0	0	0	0	0	0	6	0	0	0	12	7	39	0	0	0	0	0	14	8	13	25	0	0	0	0	0	0	0	0	0	0	0	0	0	0	0	8	0	0	0	0	44	6	9	7	0	0	0	0	0	0	0	0	0	0	0	0	0	0	0	0	0	0	0	0	0	0	0	0	
k__Bacteria;p__Firmicutes;c__Clostridia;o__Lachnospirales;f__Lachnospiraceae;g__Lachnospiraceae UCG-010	0	0	0	0	0	0	0	0	0	0	0	0	0	0	0	0	0	0	0	0	0	0	0	0	0	0	0	0	0	0	0	0	0	0	0	0	0	0	0	0	0	0	0	0	7	0	0	0	0	0	0	0	0	0	0	0	0	0	0	0	0	0	9	0	0	0	0	0	0	0	0	7	0	0	0	0	0	0	0	10	0	0	0	0	0	0	0	0	0	0	
k__Bacteria;p__Firmicutes;c__Clostridia;o__Oscillospirales;f__Ruminococcaceae;g__Faecalibacterium	33	37	37	35	38	0	0	31	34	36	0	0	0	39	32	0	0	33	31	0	0	26	0	0	26	0	0	32	27	0	30	0	24	0	27	0	21	10	19	0	36	0	36	14	0	24	0	29	0	31	24	41	15	34	32	11	26	32	0	0	38	0	0	26	17	24	24	28	0	0	0	34	22	116	24	8	0	28	15	0	0	0	31	21	40	26	10	27	0	7	
k__Bacteria;p__Firmicutes;c__Clostridia;o__Eubacteriales;f__Anaerofustaceae;g__Anaerofustis	5	0	0	7	0	3	11	0	0	0	0	0	0	2	6	25	40	26	6	5	5	0	7	2	0	48	62	10	17	22	12	17	17	0	0	4	8	9	14	10	55	32	0	0	7	15	0	0	0	0	0	5	5	26	15	3	0	16	18	19	10	0	13	5	10	11	0	3	7	0	0	0	0	14	4	5	17	8	5	18	0	0	13	14	4	0	10	7	24	11	
k__Bacteria;p__Proteobacteria;c__Gammaproteobacteria;o__Enterobacterales;f__Pasteurellaceae;g__Haemophilus	0	0	167	0	0	0	0	48	0	0	0	0	0	0	2	0	0	0	0	0	0	0	0	0	0	0	37	0	0	0	0	0	0	0	5	0	2	3	0	0	0	0	0	0	0	0	0	0	0	0	0	0	0	0	0	0	0	0	0	0	0	0	0	0	0	0	0	0	0	0	0	0	0	0	0	0	0	0	0	0	0	0	0	0	0	0	0	0	17	0	
k__Bacteria;p__Firmicutes;c__Bacilli;o__Bacillales;f__Bacillaceae;g__Anoxybacillus	0	0	55	0	0	0	0	29	0	0	0	0	0	0	0	0	0	0	0	0	0	0	0	0	0	0	52	0	0	0	0	0	0	0	0	0	0	0	0	0	0	0	0	0	0	0	0	0	0	0	0	0	0	0	0	0	0	0	0	0	0	0	0	0	0	0	0	0	0	0	0	0	0	0	0	0	0	0	0	0	0	0	0	0	0	0	0	0	0	0	
k__Bacteria;p__Firmicutes;c__Clostridia;o__Oscillospirales;f__UCG-010;g__	0	6	4	0	0	0	0	8	3	0	0	0	0	0	0	0	0	0	0	0	0	0	0	0	0	0	0	0	0	0	0	0	9	0	0	0	0	0	0	0	0	0	0	0	0	0	0	0	0	0	0	0	0	0	0	0	0	0	3	5	0	0	49	0	0	7	0	0	3	0	0	5	0	22	8	0	0	0	2	0	0	0	0	2	0	0	0	0	0	0	
k__Bacteria;p__Proteobacteria;c__Gammaproteobacteria;o__Burkholderiales;f__Burkholderiaceae;g__Lautropia	0	0	123	0	0	0	0	73	0	0	0	0	0	0	0	0	0	0	0	0	0	0	0	0	0	0	52	0	0	0	0	0	0	0	0	0	0	0	0	0	0	0	0	0	0	0	0	0	0	0	0	0	0	0	0	0	0	0	0	0	0	0	0	0	0	0	0	0	0	0	0	0	0	0	0	0	0	0	0	0	0	0	0	0	0	0	0	0	0	0	
k__Bacteria;p__Firmicutes;c__Clostridia;o__Oscillospirales;f__Oscillospiraceae;g__Papillibacter	0	0	0	0	0	0	0	0	0	0	0	0	0	0	0	0	0	0	0	0	0	0	0	0	0	0	0	0	0	0	0	0	0	0	0	0	0	0	0	0	0	0	0	0	19	0	0	0	0	0	0	0	0	0	0	0	0	0	0	0	0	0	0	0	0	0	0	0	0	0	0	0	0	0	0	0	0	0	16	65	0	0	0	0	0	0	0	0	0	0	
k__Bacteria;p__Deinococcota;c__Deinococci;o__Thermales;f__Thermaceae;g__Meiothermus	0	0	39	0	0	0	0	32	0	0	0	0	0	0	0	0	0	0	0	0	0	0	0	0	0	0	28	0	0	0	0	0	0	0	0	0	0	0	0	0	0	0	0	0	0	0	0	0	0	0	0	0	0	0	0	0	0	0	0	0	0	0	0	0	0	0	0	0	0	0	0	0	0	0	0	0	0	0	0	0	0	0	0	0	0	0	0	0	0	0	
k__Bacteria;p__Firmicutes;c__Clostridia;o__Peptostreptococcales-Tissierellales;f__Anaerovoracaceae;g__Family XIII AD3011 group	0	0	5	0	0	0	0	0	0	0	0	0	0	0	0	0	0	0	0	0	0	0	0	0	0	0	0	0	0	0	0	0	9	0	0	0	0	0	0	0	0	0	0	0	13	0	0	0	0	0	0	0	0	0	0	0	0	0	0	0	0	0	27	0	0	0	0	0	0	0	0	0	0	0	9	0	0	0	42	43	0	0	0	0	0	0	0	0	0	0	
k__Bacteria;p__Firmicutes;c__Clostridia;o__Oscillospirales;f__Ruminococcaceae;g__Harryflintia	0	0	0	0	0	0	0	0	0	0	0	0	0	0	0	0	0	0	0	0	0	0	0	0	0	0	0	0	0	0	0	0	0	0	0	0	0	0	0	0	0	0	0	0	0	0	0	0	0	0	0	0	0	0	0	0	0	0	0	0	0	0	10	0	0	0	0	0	0	0	0	0	0	0	16	0	0	0	0	6	0	0	0	0	0	0	0	0	0	0	
k__Bacteria;p__Proteobacteria;c__Alphaproteobacteria;o__Rhizobiales;f__Xanthobacteraceae;g__Bradyrhizobium	0	0	0	0	0	0	0	13	0	0	0	0	0	0	0	0	0	0	0	0	0	0	0	0	0	0	11	0	0	0	0	0	0	0	0	0	0	0	0	0	0	0	0	0	0	0	0	3	0	0	0	0	0	0	0	0	0	0	0	0	0	0	0	0	0	0	0	0	0	0	0	3	0	0	7	0	0	0	0	0	0	0	0	0	0	0	0	0	0	0	
k__Bacteria;p__Firmicutes;c__Clostridia;o__Lachnospirales;f__Lachnospiraceae;g__[Ruminococcus] torques group	0	0	0	0	0	0	0	6	0	0	0	0	0	0	0	0	0	0	12	0	0	0	15	0	12	0	0	9	19	0	0	0	0	0	0	0	0	0	0	0	0	0	0	0	0	0	0	0	0	0	0	0	0	0	0	0	0	0	0	0	0	0	0	9	0	0	0	0	0	0	0	0	0	42	0	0	0	0	0	0	0	0	0	0	9	0	0	12	0	0	
k__Bacteria;p__Proteobacteria;c__Gammaproteobacteria;o__Burkholderiales;f__Hydrogenophilaceae;g__Hydrogenophilus	0	0	25	0	0	0	0	8	0	0	0	0	0	0	0	0	0	0	0	0	0	0	0	0	0	0	26	0	0	0	0	0	0	0	0	0	0	0	0	0	0	0	0	0	0	0	0	0	0	0	0	0	0	0	0	0	0	0	0	0	0	0	0	0	0	0	0	0	0	0	0	0	0	0	0	0	4	0	0	0	0	0	0	0	0	0	0	0	0	0	
k__Bacteria;p__Firmicutes;c__Clostridia;o__Oscillospirales;f__Oscillospiraceae;g__Flavonifractor	0	0	0	0	0	0	0	0	0	0	0	0	0	0	0	0	0	0	0	0	0	0	0	0	0	0	0	0	0	0	0	0	0	0	0	0	0	0	0	0	0	0	0	0	0	0	0	0	0	0	0	0	0	0	0	0	0	0	0	0	0	0	0	0	0	0	0	0	0	0	0	0	0	29	0	0	0	0	0	16	0	0	0	0	0	0	0	0	0	0	
k__Bacteria;p__Firmicutes;c__Clostridia;o__Oscillospirales;f__Oscillospiraceae;g__UCG-005	0	0	0	0	0	0	0	9	0	0	0	0	0	0	0	0	0	0	0	0	0	0	0	0	0	0	10	0	0	0	2	0	0	0	0	0	0	0	0	0	0	0	0	0	0	0	0	0	0	0	0	0	0	0	0	0	0	0	0	0	0	0	21	0	0	0	0	0	0	0	0	0	0	90	13	0	0	0	0	0	0	0	0	0	0	0	0	0	0	0	
k__Bacteria;p__Bacteroidota;c__Bacteroidia;o__Bacteroidales;f__Prevotellaceae;g__Prevotella_7	0	0	82	0	0	0	0	74	0	0	0	0	0	0	0	0	0	0	0	0	0	0	0	0	0	0	68	0	0	0	0	0	0	0	4	0	0	0	0	0	0	0	0	0	0	0	0	0	0	0	0	0	0	0	0	0	0	0	0	0	0	0	0	0	0	0	0	0	0	0	0	0	0	0	0	0	0	0	0	0	0	0	0	0	0	0	0	0	0	0	
k__Bacteria;p__Firmicutes;c__Clostridia;o__Lachnospirales;f__Lachnospiraceae;g__[Eubacterium] hallii group	0	0	0	0	0	0	0	0	0	0	0	0	10	0	0	0	0	0	0	0	0	0	0	0	0	0	0	0	0	0	0	0	0	0	0	0	0	0	0	0	0	0	0	0	0	0	0	12	0	0	0	0	0	0	0	0	0	0	0	0	0	0	0	0	0	0	0	0	0	0	0	0	0	0	0	0	0	0	0	0	0	0	0	0	0	0	0	0	0	0	
k__Bacteria;p__Firmicutes;c__Negativicutes;o__Acidaminococcales;f__Acidaminococcaceae;g__Phascolarctobacterium	5	5	0	0	0	0	0	5	0	0	0	0	10	0	0	0	0	0	0	0	0	0	0	0	0	0	3	0	0	0	0	0	0	0	0	0	0	2	5	0	0	0	7	0	3	0	0	0	0	0	0	0	0	3	0	0	0	0	5	0	0	0	0	0	0	0	0	0	0	0	0	0	4	14	6	4	3	0	0	2	0	0	0	0	4	0	0	0	4	0	
k__Bacteria;p__Firmicutes;c__Clostridia;o__Peptostreptococcales-Tissierellales;f__Peptostreptococcaceae;g__Peptoclostridium	0	0	0	4	0	0	0	0	8	0	0	0	5	0	0	0	0	0	0	0	0	0	0	0	0	0	0	0	0	0	0	0	0	0	0	8	0	0	0	0	0	0	0	0	3	0	0	0	0	0	0	10	0	0	0	0	0	0	0	0	0	0	0	0	0	0	0	0	0	0	0	0	0	0	0	5	0	7	0	0	0	7	0	0	0	0	0	0	6	0	
k__Bacteria;p__Proteobacteria;c__Gammaproteobacteria;o__Enterobacterales;f__Pasteurellaceae;g__Muribacter	0	0	0	0	0	0	0	0	0	0	0	0	0	66	0	0	0	0	0	0	0	0	0	0	0	20	882	0	0	0	0	0	0	0	0	0	0	0	0	0	0	0	0	0	0	0	0	0	0	0	0	0	0	0	0	0	2	0	0	0	0	0	0	0	0	0	0	0	0	0	0	0	0	0	7	0	0	0	0	0	3	0	0	0	0	0	0	0	0	0	
k__Bacteria;p__Firmicutes;c__Negativicutes;o__Veillonellales-Selenomonadales;f__Selenomonadaceae;g__Megamonas	9	6	0	0	5	8	5	0	7	0	0	0	0	4	6	0	7	0	0	0	0	0	0	0	0	0	8	0	7	5	4	0	9	0	0	6	0	0	8	0	0	0	0	0	0	9	7	0	9	0	0	0	0	0	0	0	0	8	9	0	0	0	0	0	0	0	9	0	4	0	7	9	0	0	0	9	5	0	0	0	0	0	0	6	0	0	0	8	0	0	
k__Bacteria;p__Actinobacteriota;c__Coriobacteriia;o__Coriobacteriales;f__Eggerthellaceae;g__Adlercreutzia	0	0	0	0	0	0	0	0	0	0	0	0	0	0	0	0	0	0	0	0	0	0	0	0	0	0	0	0	0	0	0	0	0	0	0	53	37	33	20	89	289	141	0	0	0	0	0	0	0	0	0	0	0	0	0	0	0	0	0	0	0	0	0	0	0	0	0	0	0	0	0	0	0	0	0	0	0	0	0	0	0	0	0	0	0	0	0	0	0	0	
k__Bacteria;p__Firmicutes;c__Negativicutes;o__Veillonellales-Selenomonadales;f__Veillonellaceae;g__Veillonella	0	9	206	0	0	0	0	90	0	0	0	0	0	0	0	0	0	0	0	0	0	0	0	0	0	0	87	0	0	0	0	0	0	0	0	0	0	0	0	0	0	0	0	0	0	0	0	0	0	0	0	0	0	0	0	0	0	0	0	0	0	0	0	0	0	0	3	0	0	0	0	0	0	7	0	0	0	0	0	0	0	0	0	0	0	0	0	0	0	0	
k__Bacteria;p__Firmicutes;c__Clostridia;o__Peptostreptococcales-Tissierellales;f__Peptostreptococcaceae;g__Romboutsia	0	0	0	0	14	11	0	0	0	0	10	0	0	10	0	0	0	0	0	0	9	13	0	0	0	0	0	0	0	0	0	0	10	11	11	8	0	0	10	12	15	0	0	0	0	10	0	6	17	0	12	0	0	0	10	9	0	0	0	0	0	0	5	9	7	0	6	4	0	0	0	0	0	0	0	0	0	0	0	0	0	12	6	7	0	0	0	12	0	0	
k__Bacteria;p__Firmicutes;c__Clostridia;o__Lachnospirales;f__Lachnospiraceae;g__[Eubacterium] ventriosum group	0	0	0	0	0	0	0	0	0	0	0	0	0	0	0	0	0	0	0	0	0	0	0	0	0	0	0	0	0	0	0	0	0	0	0	0	0	0	0	0	0	0	0	0	0	0	0	0	0	0	0	0	0	0	0	0	0	8	0	0	0	0	67	0	0	0	0	0	0	0	0	0	0	0	0	0	0	0	0	0	0	0	0	0	0	0	0	0	0	0	
k__Bacteria;p__Firmicutes;c__Bacilli;o__Lactobacillales;f__Carnobacteriaceae;g__Granulicatella	0	0	28	0	0	0	0	0	0	0	0	0	0	0	0	0	0	0	0	0	0	0	0	0	0	0	0	0	0	0	0	0	0	0	0	0	0	0	0	0	0	0	0	0	0	0	0	0	0	0	0	0	0	0	0	0	0	0	0	0	0	0	0	0	0	0	0	0	0	0	0	0	0	0	0	0	0	0	0	0	0	0	0	0	0	0	0	0	7	0	
k__Bacteria;p__Bacteroidota;c__Kapabacteria;o__Kapabacteriales;f__;g__	0	0	8	0	0	0	0	6	0	0	0	0	0	0	0	0	0	0	0	0	0	0	0	0	0	0	0	0	0	0	0	0	0	0	0	0	0	0	0	0	0	0	0	0	0	0	0	0	0	0	0	0	0	0	0	0	0	0	0	0	0	0	0	0	0	0	0	0	0	0	0	0	0	0	0	0	0	0	0	0	0	0	0	0	0	0	0	0	0	0	
k__Bacteria;p__Firmicutes;c__Clostridia;o__Lachnospirales;f__Lachnospiraceae;g__UC5-1-2E3	0	0	0	0	0	0	0	0	0	0	0	0	0	0	0	0	0	0	0	0	0	0	0	0	0	0	0	0	0	0	0	0	0	0	0	0	0	0	0	0	0	0	0	0	128	0	0	0	0	0	0	0	0	0	0	0	0	0	0	0	0	0	0	0	0	0	0	0	0	0	0	0	0	0	0	0	0	0	0	0	0	0	0	0	0	0	0	0	0	0	
k__Bacteria;p__Actinobacteriota;c__Actinobacteria;o__Corynebacteriales;f__Corynebacteriaceae;g__Corynebacterium	0	14	45	6	8	13	17	49	17	31	18	2	18	26	6	4	0	12	0	0	0	4	3	0	55	45	94	2	20	44	0	0	0	0	65	7	16	3	9	19	0	0	7	4	0	37	9	20	0	6	10	3	5	11	15	4	11	3	0	0	0	2	3	0	7	6	3	0	3	0	5	5	6	0	21	6	8	0	0	0	9	3	0	0	0	10	0	6	17	0	
k__Bacteria;p__Firmicutes;c__Clostridia;o__Lachnospirales;f__Lachnospiraceae;g__Lachnospiraceae ND3007 group	0	0	14	0	0	0	4	0	0	0	0	0	0	0	0	0	0	0	0	0	0	0	0	0	0	0	0	0	0	0	0	0	0	0	0	0	0	0	0	6	0	0	0	0	0	0	0	0	0	0	0	0	0	0	0	0	0	0	0	0	0	6	0	0	0	0	0	0	0	0	0	0	0	40	0	4	0	0	0	0	0	0	0	0	0	0	0	0	0	0	
k__Bacteria;p__Firmicutes;c__Clostridia;o__Lachnospirales;f__Lachnospiraceae;g__Coprococcus	0	0	13	0	0	0	0	0	0	0	0	0	0	0	0	0	0	0	0	0	0	0	0	0	0	0	0	0	0	0	0	0	0	0	0	0	0	0	0	0	0	0	0	0	0	0	0	0	0	0	0	0	0	0	0	0	0	0	0	0	0	0	0	0	0	0	0	0	0	0	0	0	0	56	0	0	0	0	0	0	0	0	0	0	0	0	0	0	0	0	
k__Bacteria;p__Deferribacterota;c__Deferribacteres;o__Deferribacterales;f__Deferribacteraceae;g__Mucispirillum	0	0	0	0	0	0	0	0	0	0	0	0	0	0	0	0	0	0	0	0	0	0	0	0	0	0	4	0	0	0	0	0	0	0	0	0	0	0	0	0	0	0	0	0	0	0	0	0	0	0	0	0	0	0	0	0	0	2	0	0	0	0	0	0	0	0	0	0	0	0	0	0	0	279	0	0	0	0	0	0	0	0	0	0	0	0	0	0	0	0	
k__Bacteria;p__Firmicutes;c__Clostridia;o__Peptostreptococcales-Tissierellales;f__Peptostreptococcaceae;g__Intestinibacter	0	0	0	0	0	0	0	0	0	0	0	0	0	0	0	0	0	0	0	0	0	0	0	0	0	0	0	8	0	0	0	3	0	0	0	0	6	0	0	0	0	0	0	0	0	0	13	0	0	0	0	0	0	0	0	0	0	0	0	0	0	0	0	0	0	9	0	0	0	0	0	0	0	16	0	0	0	0	0	0	0	0	0	0	0	0	0	0	0	0	
k__Bacteria;p__Firmicutes;c__Clostridia;o__;f__;g__	0	0	0	0	0	0	0	0	0	0	0	0	0	0	0	0	0	0	2	0	0	0	5	0	0	0	0	0	0	0	0	0	0	0	0	0	0	0	0	0	0	0	0	0	0	0	0	0	0	0	0	0	0	0	0	0	0	0	0	0	0	0	0	0	0	0	0	0	0	0	0	0	0	3	0	0	0	7	0	13	0	0	3	0	0	0	0	0	0	0	
k__Bacteria;p__Actinobacteriota;c__Actinobacteria;o__Actinomycetales;f__Actinomycetaceae;g__Actinomyces	0	0	88	0	0	0	0	20	0	0	0	0	0	0	0	0	0	0	0	0	0	0	0	0	0	0	45	0	0	0	0	0	0	0	0	0	0	0	0	0	0	0	0	0	0	0	0	0	0	0	0	0	0	0	0	0	0	0	0	0	0	0	0	0	0	0	0	0	0	0	0	0	0	0	0	0	0	0	0	0	0	0	0	0	0	0	0	0	17	0	
k__Bacteria;p__Proteobacteria;c__Gammaproteobacteria;o__Enterobacterales;f__Pasteurellaceae;g__Aggregatibacter	0	4	12	0	0	0	0	32	0	0	0	0	0	0	0	0	0	0	0	0	0	0	0	0	0	0	12	0	0	0	0	0	0	0	0	0	0	0	0	0	0	0	0	0	0	0	0	0	0	0	0	0	0	0	0	0	0	0	0	0	0	0	0	0	0	0	0	0	0	0	0	0	0	0	0	0	3	0	0	0	0	0	0	0	0	0	0	0	0	0	
k__Bacteria;p__Firmicutes;c__Clostridia;o__Oscillospirales;f__Ruminococcaceae;g__Paludicola	0	0	0	0	0	0	0	0	0	0	0	0	0	0	0	0	0	0	0	0	0	0	0	0	0	5	0	0	0	0	0	0	28	0	0	0	0	0	0	0	0	8	0	0	0	0	0	0	0	0	0	0	0	0	0	0	0	0	0	0	0	0	0	0	4	0	0	0	0	0	0	0	0	32	0	0	0	0	6	9	0	0	0	0	0	8	6	0	0	0	
k__Bacteria;p__Proteobacteria;c__Gammaproteobacteria;o__Cardiobacteriales;f__Cardiobacteriaceae;g__Cardiobacterium	0	0	4	0	0	0	0	4	0	0	0	0	0	0	0	0	0	0	0	0	0	0	0	0	0	0	3	0	0	0	0	0	0	0	0	0	0	0	0	0	0	0	0	0	0	0	0	0	0	0	0	0	0	0	0	0	0	0	0	0	0	0	0	0	0	0	0	0	0	0	0	0	0	0	0	0	0	0	0	0	0	0	0	0	0	0	0	0	0	0	
k__Bacteria;p__Firmicutes;c__Bacilli;o__Staphylococcales;f__Staphylococcaceae;g__Jeotgalicoccus	0	0	0	0	0	0	0	0	0	0	0	0	0	0	0	0	0	0	26	29	0	23	0	0	6	5	133	0	7	6	0	0	0	27	47	0	0	8	16	22	12	0	0	0	0	0	0	0	0	0	0	0	0	0	0	0	0	0	0	0	0	0	0	0	0	0	0	0	0	0	0	0	26	0	0	12	0	0	0	0	0	0	0	0	0	26	11	0	12	4	
k__Bacteria;p__Actinobacteriota;c__Actinobacteria;o__Micrococcales;f__Micrococcaceae;g__Rothia	0	0	70	0	0	0	0	6	0	0	0	0	0	0	0	0	0	0	0	0	0	0	0	0	0	0	12	0	0	0	0	0	0	0	0	0	0	0	0	0	0	0	0	0	0	0	0	0	0	0	0	0	0	0	0	0	0	0	0	0	0	0	0	0	0	0	0	0	0	0	0	0	0	0	0	0	0	0	0	0	0	0	0	0	0	0	0	0	0	0	
k__Bacteria;p__Proteobacteria;c__Alphaproteobacteria;o__Rhizobiales;f__Beijerinckiaceae;g__Methylobacterium-Methylorubrum	0	0	6	0	0	0	0	15	0	0	0	0	0	0	0	0	0	0	0	0	0	0	0	0	0	0	23	0	0	0	0	0	0	0	0	0	0	0	0	0	0	0	0	0	0	0	0	2	0	0	0	0	0	0	0	0	0	0	0	0	0	0	0	0	0	0	0	0	0	0	0	0	0	0	0	0	0	0	0	0	0	0	0	0	0	0	0	0	0	0	
k__Bacteria;p__Bacteroidota;c__Bacteroidia;o__Bacteroidales;f__Porphyromonadaceae;g__Porphyromonas	0	0	12	0	0	0	0	21	0	0	0	2	0	0	0	0	0	0	0	0	0	0	0	0	0	0	11	0	0	0	0	0	0	0	0	0	0	0	0	0	0	0	0	0	0	0	0	0	0	0	0	0	0	0	0	0	0	0	0	0	0	0	0	0	0	0	0	0	0	0	0	0	0	0	0	0	0	0	0	0	0	0	0	0	0	0	0	0	0	0	
k__Bacteria;p__Proteobacteria;c__Gammaproteobacteria;o__Burkholderiales;f__Comamonadaceae;g__	0	0	12	0	0	0	0	0	0	0	0	0	0	0	0	0	0	0	0	0	0	0	0	0	0	0	5	0	0	0	0	0	0	0	0	0	0	0	0	0	0	0	0	0	0	0	0	0	0	0	0	0	0	0	0	0	0	0	0	0	0	0	0	0	0	0	0	0	0	0	0	0	0	0	0	0	0	0	0	0	0	0	0	0	0	0	0	0	0	0	
k__Bacteria;p__Bacteroidota;c__Bacteroidia;o__Sphingobacteriales;f__env.OPS 17;g__	0	0	0	0	0	0	0	8	0	0	0	0	0	0	0	0	0	0	0	0	0	0	0	0	0	0	0	0	0	0	0	0	0	0	0	0	0	0	0	0	0	0	0	0	0	0	0	0	0	0	0	0	0	0	0	0	0	0	0	0	0	0	0	0	0	0	0	0	0	0	0	0	0	0	0	0	0	0	0	0	0	0	0	0	0	0	0	0	0	0	
k__Bacteria;p__Firmicutes;c__Bacilli;o__Lactobacillales;f__Lactobacillaceae;g__Weissella	0	20	0	0	0	0	0	0	0	13	0	0	0	99	0	0	0	0	0	8	0	0	0	0	35	21	66	0	29	30	0	0	0	9	20	5	4	0	0	10	0	0	6	5	0	0	0	0	0	0	0	0	5	0	0	0	8	0	0	19	0	0	0	0	0	0	0	0	11	0	0	0	0	0	0	0	0	0	0	0	0	0	0	0	0	0	0	0	0	0	
k__Bacteria;p__Proteobacteria;c__Gammaproteobacteria;o__Burkholderiales;f__Oxalobacteraceae;g__Massilia	0	0	0	0	0	0	0	11	0	0	0	0	0	0	0	0	0	0	0	0	0	0	0	0	0	0	0	0	0	0	0	0	0	0	0	0	0	0	0	0	0	0	0	0	0	0	0	0	0	0	0	0	0	0	0	0	0	0	0	0	0	0	0	0	0	0	0	0	0	0	0	0	0	0	0	0	0	0	0	0	0	0	0	0	0	0	0	0	0	0	
k__Bacteria;p__Actinobacteriota;c__Coriobacteriia;o__Coriobacteriales;f__Eggerthellaceae;g__Parvibacter	0	0	0	0	0	0	0	0	0	0	0	0	0	0	0	0	0	0	0	0	0	0	0	0	0	8	0	0	0	8	0	0	0	0	0	0	0	0	0	0	31	0	0	0	0	19	0	0	0	0	0	8	0	0	14	0	9	0	9	0	0	0	0	0	6	0	0	0	5	0	0	0	0	0	0	6	21	0	0	0	0	20	27	0	0	0	0	34	37	0	
k__Bacteria;p__Firmicutes;c__Bacilli;o__Erysipelotrichales;f__Erysipelatoclostridiaceae;g__Erysipelotrichaceae UCG-003	0	0	0	0	0	0	0	0	0	0	0	0	0	0	0	0	0	0	0	0	0	0	0	0	0	0	0	0	0	0	0	0	0	0	0	0	0	0	0	0	0	0	0	0	0	0	0	0	0	0	0	0	0	0	0	0	0	6	0	0	0	0	0	0	0	0	0	0	0	0	0	0	0	0	0	0	0	0	0	0	0	0	0	0	0	0	0	0	0	0	
k__Bacteria;p__Proteobacteria;c__Alphaproteobacteria;o__Rhizobiales;f__Rhizobiaceae;g__Mesorhizobium	0	0	0	0	11	17	0	0	0	0	0	4	0	22	30	0	0	0	0	11	4	0	0	0	0	0	0	0	0	0	0	0	0	0	0	0	0	0	0	0	0	0	0	0	0	6	0	22	0	0	0	2	0	17	0	0	0	0	0	0	0	0	0	0	0	0	0	0	23	0	3	16	0	0	43	0	7	0	0	0	0	0	0	0	0	0	0	0	0	0	
k__Bacteria;p__Proteobacteria;c__Gammaproteobacteria;o__Burkholderiales;f__Neisseriaceae;g__Neisseria	0	9	110	0	0	0	0	72	0	0	0	0	0	0	0	0	0	0	0	0	0	0	0	0	0	0	38	0	0	0	0	0	0	0	0	0	0	0	0	0	0	0	0	0	0	0	0	0	0	0	0	0	0	0	0	0	0	0	0	0	0	0	0	0	0	0	0	0	0	0	0	0	0	0	0	0	0	0	0	0	0	0	0	0	0	0	0	0	0	0	
k__Bacteria;p__Firmicutes;c__Clostridia;o__Lachnospirales;f__Lachnospiraceae;g__[Ruminococcus] gauvreauii group	0	0	18	0	0	0	0	11	0	0	0	0	0	0	0	0	0	0	0	0	0	0	0	7	0	0	0	0	0	0	0	8	0	0	0	0	0	0	0	0	0	0	0	0	0	0	0	0	0	0	0	0	0	0	0	0	0	0	0	0	0	0	0	0	0	0	0	0	0	0	0	0	0	0	0	0	0	0	0	0	0	0	0	0	0	0	0	0	0	0	
k__Bacteria;p__Proteobacteria;c__Alphaproteobacteria;o__Sphingomonadales;f__Sphingomonadaceae;g__Sphingobium	0	0	0	0	0	0	0	20	0	0	0	0	0	0	0	0	0	0	0	0	0	0	0	0	0	0	0	0	0	0	0	0	0	0	0	0	0	0	0	0	0	0	0	0	0	0	0	0	0	0	0	0	0	0	0	0	0	0	0	0	0	0	0	0	0	0	0	0	0	0	0	0	0	0	0	0	0	0	0	0	0	0	0	0	0	0	0	0	0	0	
k__Bacteria;p__Bacteroidota;c__Bacteroidia;o__Chitinophagales;f__Chitinophagaceae;g__Thermoflavifilum	0	0	8	0	0	0	0	0	0	0	0	0	0	0	0	0	0	0	0	0	0	0	0	0	0	0	0	0	0	0	0	0	0	0	0	0	0	0	0	0	0	0	0	0	0	0	0	0	0	0	0	0	0	0	0	0	0	0	0	0	0	0	0	0	0	0	0	0	0	0	0	0	0	0	0	0	0	0	0	0	0	0	0	0	0	0	0	0	0	0	
k__Bacteria;p__Firmicutes;c__Bacilli;o__Lactobacillales;f__Listeriaceae;g__Listeria	0	0	0	0	0	0	0	0	0	0	0	0	0	0	0	0	0	0	0	0	0	0	0	0	0	0	0	0	0	0	0	0	0	0	0	0	0	0	0	0	0	0	0	0	0	0	0	0	0	0	0	0	0	0	0	0	0	0	0	0	0	0	0	0	0	0	0	0	0	0	0	0	0	62	0	0	0	0	0	0	0	0	0	0	0	0	0	0	0	0	
k__Bacteria;p__Firmicutes;c__Bacilli;o__Lactobacillales;f__Streptococcaceae;g__Lactococcus	0	0	0	0	0	0	0	0	0	0	0	0	0	0	0	0	0	0	0	0	0	0	0	0	0	0	0	0	0	0	0	0	0	0	0	0	0	0	0	0	0	0	0	0	0	0	0	0	0	0	0	0	0	0	0	0	0	0	0	0	0	0	0	0	0	0	0	0	0	0	0	0	0	50	0	0	0	0	0	0	0	0	0	0	0	0	0	0	0	0	
k__Bacteria;p__Firmicutes;c__Clostridia;o__Lachnospirales;f__Lachnospiraceae;g__Lachnoanaerobaculum	0	0	6	0	0	0	0	4	0	0	0	0	0	0	0	0	0	0	0	0	0	0	0	0	0	0	15	0	0	0	0	0	0	0	0	0	0	0	0	0	0	0	0	0	0	0	0	0	0	0	0	0	0	0	0	0	0	0	0	0	0	0	0	0	0	0	0	0	0	0	0	0	0	0	0	0	0	0	0	0	0	0	0	0	0	0	0	0	0	0	
k__Bacteria;p__Proteobacteria;c__Alphaproteobacteria;o__Azospirillales;f__Azospirillaceae;g__Azospirillum	0	0	4	0	0	0	0	0	0	0	0	0	0	0	0	0	0	0	0	0	0	0	0	0	0	0	0	0	0	0	0	0	0	0	0	0	0	0	0	0	0	0	0	0	0	0	0	0	0	0	0	0	0	0	0	0	0	0	0	0	0	0	0	0	0	0	0	0	0	0	0	0	0	0	0	0	0	0	0	0	0	0	0	0	0	0	0	0	0	0	
k__Bacteria;p__Bacteroidota;c__Bacteroidia;o__Chitinophagales;f__Chitinophagaceae;g__Sediminibacterium	0	0	0	0	15	12	0	0	0	0	0	0	0	0	14	0	0	0	0	3	0	0	0	0	0	0	0	0	0	0	0	0	0	0	0	0	0	0	0	0	0	0	0	0	0	0	0	0	0	0	0	0	0	0	0	0	0	0	0	0	0	0	0	0	0	0	0	0	10	0	0	3	0	0	21	0	12	0	0	0	0	0	0	0	0	0	0	0	0	0	
k__Bacteria;p__Firmicutes;c__Negativicutes;o__Veillonellales-Selenomonadales;f__Veillonellaceae;g__Dialister	0	0	0	0	0	0	0	7	2	0	0	0	0	0	0	0	0	0	0	0	0	0	0	0	0	0	0	0	0	0	0	0	0	0	0	0	0	0	0	0	0	0	0	0	0	0	0	0	0	0	0	0	0	0	0	0	0	0	0	0	0	0	0	0	0	0	0	0	0	0	0	0	0	0	0	0	0	0	0	0	0	0	0	0	0	0	0	0	0	0	
k__Bacteria;p__Firmicutes;c__Clostridia;o__Lachnospirales;f__Lachnospiraceae;g__[Eubacterium] eligens group	0	0	0	0	0	0	0	0	0	0	0	0	0	0	0	0	0	0	0	0	0	0	0	0	0	0	0	0	0	0	0	0	0	0	0	0	0	0	0	0	0	0	0	0	0	0	0	0	0	0	0	0	0	0	0	0	0	0	0	0	0	0	0	0	0	0	0	0	0	0	0	0	0	28	0	0	0	0	0	0	0	0	0	0	0	0	0	0	0	0	
k__Bacteria;p__Fusobacteriota;c__Fusobacteriia;o__Fusobacteriales;f__Leptotrichiaceae;g__Leptotrichia	0	0	98	0	0	0	0	46	0	0	0	0	0	0	0	0	0	0	0	0	0	0	0	0	0	0	29	0	0	0	0	0	0	0	0	0	0	0	0	0	0	0	0	0	0	0	0	0	0	0	0	0	0	0	0	0	0	0	0	0	0	0	0	0	0	0	0	0	0	0	0	0	0	0	0	0	0	0	0	0	0	0	0	0	0	0	0	0	0	0	
k__Bacteria;p__Actinobacteriota;c__Actinobacteria;o__Micrococcales;f__Microbacteriaceae;g__Curtobacterium	0	0	0	0	0	0	0	0	0	0	0	0	0	0	0	0	0	0	0	0	0	0	0	0	44	0	36	0	0	0	0	3	0	0	0	0	0	0	0	0	0	0	0	0	0	0	0	0	0	0	0	0	0	5	0	0	0	0	0	0	0	0	0	0	0	0	0	0	0	0	0	0	0	0	0	0	0	0	0	0	0	0	0	0	0	13	0	0	0	0	
k__Bacteria;p__Fusobacteriota;c__Fusobacteriia;o__Fusobacteriales;f__Fusobacteriaceae;g__Fusobacterium	0	0	22	0	0	0	0	23	0	0	0	0	0	0	0	0	0	0	0	0	0	0	0	0	0	0	18	0	0	0	0	0	0	0	0	0	0	0	0	0	0	0	0	0	0	0	0	0	0	0	0	0	0	0	0	0	0	0	0	0	0	0	0	0	0	0	0	0	0	0	0	0	0	21	0	0	0	0	0	0	0	0	0	0	0	0	0	0	0	0	
k__Bacteria;p__Proteobacteria;c__Gammaproteobacteria;o__Pseudomonadales;f__Moraxellaceae;g__Acinetobacter	0	0	0	0	0	0	0	0	0	0	0	0	0	0	0	0	0	0	0	0	0	0	0	0	0	0	12	0	0	0	0	0	0	3	0	0	0	0	0	0	0	0	0	0	0	0	0	0	0	0	0	0	0	4	0	0	0	0	0	2	0	0	0	0	0	0	0	0	0	0	0	0	0	4	0	0	0	0	0	0	0	0	0	0	13	3	0	4	0	0	
k__Bacteria;p__Firmicutes;c__Clostridia;o__Peptostreptococcales-Tissierellales;f__Peptostreptococcaceae;g__Peptostreptococcus	0	0	0	0	0	0	0	0	0	0	0	0	0	0	0	0	0	0	0	6	0	0	0	0	37	0	11	0	0	0	0	0	0	0	18	0	0	0	0	0	0	0	0	0	0	0	2	0	0	0	0	0	0	0	0	0	0	0	0	0	0	0	0	0	0	0	0	0	0	0	0	0	0	0	0	0	0	0	0	0	0	0	0	0	0	11	0	0	0	0	
k__Bacteria;p__Firmicutes;c__Clostridia;o__Oscillospirales;f__Ruminococcaceae;g__CAG-352	0	0	0	0	0	0	0	0	0	0	0	0	0	0	0	0	0	0	0	0	0	0	0	0	0	0	0	0	0	0	0	0	0	0	0	0	0	0	0	0	0	0	0	0	0	0	0	0	0	0	0	0	0	0	0	0	0	0	0	0	0	0	0	0	0	0	0	0	0	0	0	0	0	25	0	0	0	0	0	0	0	0	0	0	0	0	0	0	0	0	
k__Bacteria;p__Actinobacteriota;c__Actinobacteria;o__Micrococcales;f__Brevibacteriaceae;g__Brevibacterium	0	0	0	0	0	0	0	0	0	0	0	0	0	0	0	0	0	0	0	0	0	0	0	0	49	31	10	0	0	0	0	0	0	0	0	0	0	0	0	0	0	0	0	0	0	0	0	0	0	0	0	0	0	0	0	0	0	0	0	0	0	0	0	0	0	0	0	0	0	0	0	0	0	0	0	0	0	0	0	0	0	0	0	0	0	0	0	0	3	0	
k__Bacteria;p__Bacteroidota;c__Bacteroidia;o__Flavobacteriales;f__Flavobacteriaceae;g__Capnocytophaga	0	0	14	0	0	0	0	25	0	0	0	0	0	0	0	0	0	0	0	0	0	0	0	0	0	0	0	0	0	0	0	0	0	0	0	0	0	0	0	0	0	0	0	0	0	0	0	0	0	0	0	0	0	0	0	0	0	0	0	0	0	0	0	0	0	0	0	0	0	0	0	0	0	0	0	0	0	0	0	0	0	0	0	0	0	0	0	0	0	0	
k__Bacteria;p__Firmicutes;c__Bacilli;o__Lactobacillales;f__Listeriaceae;g__Brochothrix	0	0	65	0	0	0	0	0	0	0	0	0	0	0	0	0	0	0	0	0	0	0	0	0	0	0	0	0	0	0	0	0	0	0	0	0	0	0	0	0	0	0	0	0	0	0	0	0	0	0	0	0	0	0	0	0	0	0	0	0	0	0	0	0	0	0	0	0	0	0	0	0	0	0	0	0	0	0	0	0	0	0	0	0	0	0	0	0	0	0	
k__Bacteria;p__Proteobacteria;c__Alphaproteobacteria;o__Caulobacterales;f__Caulobacteraceae;g__Brevundimonas	0	0	0	0	0	0	0	0	0	0	0	0	0	0	0	0	0	0	0	0	0	0	0	0	0	0	7	0	0	0	0	0	0	0	0	0	0	0	0	0	0	0	0	0	0	0	0	0	0	0	0	0	0	0	0	0	0	0	0	0	0	0	0	0	0	0	0	0	0	0	0	0	0	0	0	0	0	0	0	0	0	0	0	0	0	0	0	0	0	0	
k__Bacteria;p__Proteobacteria;c__;o__;f__;g__	0	0	0	0	0	0	0	0	0	0	0	0	0	0	0	0	0	0	0	0	0	0	0	0	0	0	0	0	0	0	0	0	0	0	0	0	0	0	0	0	0	0	0	0	0	0	0	0	0	0	0	0	0	0	0	0	0	0	0	0	0	0	0	0	0	0	0	0	0	0	0	0	0	33	0	0	0	0	0	0	0	0	0	0	0	0	0	0	0	0	
k__Bacteria;p__Actinobacteriota;c__Actinobacteria;o__Micrococcales;f__Microbacteriaceae;g__Leucobacter	0	0	0	0	0	0	0	0	0	0	0	0	0	0	0	0	0	0	0	0	0	0	0	0	33	22	0	0	0	0	0	0	0	0	0	0	0	0	0	0	0	0	0	0	0	0	0	0	0	0	0	0	0	0	0	0	0	0	0	0	0	0	0	0	0	0	0	0	0	0	0	0	0	0	0	0	0	0	0	0	0	0	0	0	0	0	0	0	0	0	
k__Bacteria;p__Patescibacteria;c__Saccharimonadia;o__Saccharimonadales;f__Saccharimonadaceae;g__Candidatus Saccharimonas	0	0	0	0	0	0	0	0	0	0	0	0	0	0	0	0	0	0	0	5	0	0	0	0	0	0	0	0	0	0	0	7	0	0	0	0	0	0	0	0	0	7	0	0	5	0	0	0	0	0	0	0	0	0	0	0	0	0	9	0	0	0	0	0	0	0	0	0	0	0	0	0	0	0	0	0	0	0	0	0	0	0	0	0	0	0	0	0	0	0	
k__Bacteria;p__Firmicutes;c__Clostridia;o__Oscillospirales;f__Ruminococcaceae;g__Negativibacillus	0	0	0	0	0	0	0	0	0	0	0	0	0	0	0	0	0	0	0	0	0	0	0	0	0	0	0	0	0	0	0	0	0	0	0	0	0	0	0	0	0	0	0	0	0	0	0	0	0	0	0	0	0	0	0	0	0	0	0	0	0	0	0	0	0	0	0	0	0	0	0	0	0	21	0	0	0	0	0	0	0	0	0	0	0	0	0	0	0	0	
k__Bacteria;p__Firmicutes;c__Bacilli;o__Erysipelotrichales;f__Erysipelotrichaceae;g__Holdemanella	0	0	0	0	0	0	0	0	0	0	0	0	0	0	0	0	0	0	0	0	0	0	0	0	0	0	0	0	0	0	0	0	0	0	0	0	0	0	0	0	0	0	0	0	0	0	0	0	0	0	0	0	0	0	0	0	0	0	0	0	0	0	0	0	0	0	0	0	0	0	0	0	0	52	0	0	0	0	0	0	0	0	0	0	0	0	0	0	0	0	
k__Bacteria;p__Firmicutes;c__Bacilli;o__Bacillales;f__Bacillaceae;g__Geobacillus	0	0	0	0	0	0	0	0	0	0	0	0	0	0	0	0	0	0	0	0	0	0	0	0	0	0	49	0	0	0	0	0	0	0	0	0	0	0	0	0	0	0	0	0	0	0	0	0	0	0	0	0	0	0	0	0	0	0	0	0	0	0	0	0	0	0	0	0	0	0	0	0	0	0	0	0	0	0	0	0	0	0	0	0	0	0	0	0	0	0	
k__Bacteria;p__Firmicutes;c__Negativicutes;o__Veillonellales-Selenomonadales;f__Selenomonadaceae;g__Selenomonas	0	0	21	0	0	0	0	18	0	0	0	0	0	0	0	0	0	0	0	0	0	0	0	0	0	0	0	0	0	0	0	0	0	0	0	0	0	0	0	0	0	0	0	0	0	0	0	0	0	0	0	0	0	0	0	0	0	0	0	0	0	0	0	0	0	0	0	0	0	0	0	0	0	0	0	0	0	0	0	0	0	0	0	0	0	0	0	0	0	0	
k__Bacteria;p__Firmicutes;c__Bacilli;o__Bacillales;f__Bacillaceae;g__	0	0	0	0	0	0	0	0	0	0	0	0	0	0	0	0	0	0	0	0	0	0	0	0	6	0	12	0	0	0	0	0	0	0	0	0	3	6	0	0	0	0	7	0	0	0	0	0	2	0	0	0	0	0	0	0	0	0	0	0	0	0	0	0	0	0	0	0	0	0	0	0	0	0	0	0	0	0	0	0	0	0	2	0	6	6	0	0	0	0	
k__Bacteria;p__Firmicutes;c__Clostridia;o__Lachnospirales;f__Lachnospiraceae;g__Lachnospira	0	0	0	0	0	0	0	0	0	0	0	0	0	0	0	0	0	0	0	0	0	0	0	0	0	0	0	0	0	0	0	0	0	0	0	0	0	0	0	0	0	0	0	0	0	0	0	0	0	0	0	0	0	0	0	0	0	0	0	0	0	0	0	0	0	0	0	0	0	0	0	0	0	40	0	0	0	0	0	0	0	0	0	0	0	0	0	0	0	0	
k__Bacteria;p__Campylobacterota;c__Campylobacteria;o__Campylobacterales;f__Campylobacteraceae;g__Campylobacter	0	0	26	0	0	0	0	9	0	0	0	0	0	0	0	0	0	0	0	0	0	0	0	0	0	0	4	0	0	0	0	0	0	0	0	0	0	0	0	0	0	0	0	0	0	0	0	0	0	0	0	0	0	0	0	0	0	0	0	0	0	0	0	0	0	0	0	0	0	0	0	0	0	0	0	0	0	0	0	0	0	0	0	0	0	0	0	0	0	0	
k__Bacteria;p__Firmicutes;c__Clostridia;o__Christensenellales;f__Christensenellaceae;g__Catabacter	0	0	0	0	0	0	0	0	0	0	0	0	0	0	0	0	0	0	0	0	0	0	0	0	0	0	0	0	0	0	0	0	0	0	0	0	0	0	0	0	0	0	0	0	0	0	0	0	0	0	0	0	0	0	0	0	0	0	0	0	0	0	0	0	0	0	0	0	0	0	0	0	0	23	0	0	0	0	0	0	0	0	0	0	0	0	0	0	0	0	
k__Bacteria;p__Firmicutes;c__Negativicutes;o__Acidaminococcales;f__Acidaminococcaceae;g__Acidaminococcus	0	0	6	0	0	0	0	0	0	0	0	0	0	0	0	0	0	0	0	0	0	0	0	0	0	0	0	0	0	0	0	0	0	0	0	0	0	0	0	0	0	0	0	0	0	0	0	0	0	0	0	0	0	0	0	0	0	0	0	0	0	0	0	0	0	0	0	0	0	0	0	0	0	24	0	0	0	0	0	0	0	0	0	0	0	0	0	0	0	0	
k__Bacteria;p__Proteobacteria;c__Alphaproteobacteria;o__Caulobacterales;f__Caulobacteraceae;g__	0	0	0	0	5	5	0	0	0	0	0	0	0	0	2	0	0	0	0	0	0	0	0	0	0	0	0	0	0	0	0	0	0	0	0	0	0	0	0	0	0	0	0	0	0	0	0	0	0	0	0	0	0	0	0	0	0	0	0	0	0	0	0	0	0	0	0	0	0	0	0	0	0	0	3	0	3	0	0	0	0	0	0	0	0	0	0	0	0	0	
k__Bacteria;p__Firmicutes;c__Clostridia;o__Lachnospirales;f__Lachnospiraceae;g__Lachnospiraceae NK3A20 group	0	0	0	0	0	0	0	0	0	0	0	0	0	0	0	0	0	0	0	0	0	0	0	0	0	0	0	0	0	0	0	0	0	0	0	0	0	0	0	0	0	0	0	0	0	0	0	0	0	0	0	0	0	0	0	0	0	0	0	0	0	0	0	0	0	0	0	0	0	0	0	0	0	18	0	0	0	0	0	0	0	0	0	0	0	0	0	0	0	0	
k__Bacteria;p__Bacteroidota;c__Bacteroidia;o__Bacteroidales;f__Marinifilaceae;g__Butyricimonas	0	0	11	0	0	0	0	0	0	0	0	0	4	0	0	0	0	0	0	0	0	0	0	0	0	0	8	0	0	0	0	0	0	0	0	0	0	0	0	0	0	0	0	0	0	0	0	0	0	0	0	0	0	0	0	0	0	0	0	0	0	0	0	0	0	0	0	0	0	0	0	0	0	11	0	0	0	0	0	0	0	0	0	0	0	0	0	0	0	0	
k__Bacteria;p__Bacteroidota;c__Bacteroidia;o__Bacteroidales;f__Prevotellaceae;g__Paraprevotella	0	0	0	0	0	0	0	0	0	0	0	0	0	0	0	0	0	0	0	0	0	0	0	0	0	0	0	0	0	0	0	0	0	0	0	0	0	0	0	0	0	0	0	0	0	0	0	0	0	0	0	0	0	0	0	0	0	0	0	0	0	0	0	0	0	0	0	0	0	0	0	0	0	18	0	0	0	0	0	0	0	0	0	0	0	0	0	0	0	0	
k__Bacteria;p__Firmicutes;c__Clostridia;o__Lachnospirales;f__Lachnospiraceae;g__Robinsoniella	0	0	0	0	0	0	0	0	0	0	0	0	0	0	0	0	0	0	0	0	0	0	0	0	0	0	0	0	0	0	0	0	0	0	0	0	0	0	0	0	0	0	0	0	0	0	0	0	0	0	0	0	0	0	0	0	0	0	0	0	0	0	0	0	0	0	0	0	0	0	0	0	0	18	0	0	0	0	0	0	0	0	0	0	0	0	0	0	0	0	
k__Bacteria;p__Proteobacteria;c__Gammaproteobacteria;o__Burkholderiales;f__Neisseriaceae;g__	0	0	0	0	0	0	0	0	0	0	0	0	0	0	0	0	0	0	0	0	0	0	0	0	0	0	28	0	0	0	0	0	0	0	0	0	0	0	0	0	0	0	0	0	0	0	0	0	0	0	0	0	0	0	0	0	0	0	0	0	0	0	0	0	0	0	0	0	0	0	0	0	0	0	0	0	0	0	0	0	0	0	0	0	0	0	0	0	0	0	
k__Bacteria;p__Firmicutes;c__Bacilli;o__Bacillales;f__Bacillaceae;g__Oceanobacillus	0	0	0	0	0	0	0	0	0	0	0	0	0	0	0	0	0	0	0	0	0	0	0	0	0	0	0	0	0	0	0	0	0	0	26	0	0	0	0	0	0	0	0	0	0	0	0	0	0	0	0	0	0	0	0	0	0	0	0	0	0	0	0	0	0	0	0	0	0	0	0	0	0	0	0	0	0	0	0	0	0	0	0	0	0	0	0	0	0	0	
k__Bacteria;p__Firmicutes;c__Clostridia;o__Oscillospirales;f__Ruminococcaceae;g__DTU089	0	0	0	0	0	0	0	0	0	0	0	0	0	0	0	0	0	0	0	0	0	0	0	0	0	0	0	0	0	0	0	0	0	0	0	0	0	0	0	0	0	0	0	0	0	0	0	0	0	0	0	0	0	0	0	0	0	0	0	0	0	0	0	0	0	0	0	0	0	0	0	0	0	7	0	0	0	0	0	0	0	0	0	0	0	0	0	0	0	0	
k__Bacteria;p__Actinobacteriota;c__Actinobacteria;o__Micrococcales;f__Dermabacteraceae;g__Brachybacterium	0	0	0	0	0	0	0	0	0	0	0	0	0	0	0	0	0	0	0	0	0	0	0	0	19	6	0	0	0	0	0	0	0	0	0	0	0	0	0	0	0	0	0	0	0	0	0	0	0	0	0	0	0	0	0	0	0	0	0	0	0	0	0	0	0	0	0	0	0	0	0	0	0	0	0	0	0	0	0	0	0	0	0	0	0	0	0	0	0	0	
k__Bacteria;p__Firmicutes;c__Clostridia;o__Lachnospirales;f__Lachnospiraceae;g__Hungatella	0	0	0	0	0	0	0	0	0	0	0	0	0	0	0	0	0	0	0	0	0	0	0	0	0	0	0	0	0	0	0	0	0	0	0	0	0	0	0	0	0	0	0	0	0	0	0	0	0	0	0	0	0	0	0	0	0	0	0	0	0	0	0	0	0	0	0	0	0	0	0	0	0	9	0	0	0	0	0	0	0	0	0	0	0	0	0	0	0	0	
k__Bacteria;p__Proteobacteria;c__Alphaproteobacteria;o__Rhizobiales;f__Rhizobiaceae;g__Neorhizobium	0	0	0	0	0	0	0	0	0	0	0	0	0	0	0	0	0	0	0	3	0	0	0	0	0	0	0	0	18	0	0	0	0	0	0	0	0	0	0	0	0	0	0	0	0	0	2	0	0	0	0	0	0	0	0	0	0	0	0	0	0	0	0	0	0	0	0	0	0	0	0	0	0	0	0	0	0	0	0	0	0	0	0	0	3	2	0	0	0	0	
k__Bacteria;p__Bacteroidota;c__Bacteroidia;o__Bacteroidales;f__Prevotellaceae;g__Alloprevotella	0	0	10	0	0	0	0	4	0	0	0	0	0	0	0	0	0	0	0	0	0	0	0	0	0	0	5	0	0	0	0	0	0	0	0	0	0	0	0	0	0	0	0	0	0	0	0	0	0	0	0	0	0	0	0	0	0	0	0	0	0	0	0	0	0	0	0	0	0	0	0	0	0	4	0	0	0	0	0	0	0	0	0	0	0	0	0	0	0	0	
k__Bacteria;p__Actinobacteriota;c__Actinobacteria;o__Micrococcales;f__Sanguibacteraceae;g__Sanguibacter-Flavimobilis	0	0	0	0	0	0	0	0	0	0	0	0	0	0	0	0	0	3	0	0	0	0	0	0	0	0	4	0	15	0	0	0	0	0	0	0	0	0	0	0	0	0	0	0	0	0	0	0	0	0	0	0	0	0	0	0	0	0	0	0	0	0	0	0	0	0	0	0	0	0	0	0	0	0	0	0	0	0	0	0	0	0	0	0	0	0	0	0	0	0	
k__Bacteria;p__Firmicutes;c__Bacilli;o__Lactobacillales;f__Lactobacillaceae;g__Leuconostoc	0	0	2	0	0	0	0	0	0	0	0	0	0	0	0	0	0	0	0	0	0	0	0	0	0	0	8	0	0	0	0	0	0	0	0	0	0	0	0	0	0	0	0	0	0	0	0	0	0	0	0	0	0	0	0	0	0	0	0	0	0	0	0	0	0	0	0	0	0	0	0	0	0	0	0	0	0	0	0	0	0	0	0	0	0	0	0	0	0	0	
k__Bacteria;p__Firmicutes;c__Bacilli;o__Erysipelotrichales;f__Erysipelatoclostridiaceae;g__Coprobacillus	0	0	10	0	0	0	0	0	0	0	0	0	0	0	0	0	0	0	0	0	0	0	0	0	0	0	0	0	0	0	0	0	0	0	0	0	0	0	0	0	0	0	0	0	0	0	0	0	0	0	0	0	0	0	0	0	0	0	0	0	0	0	0	0	0	0	0	0	0	0	0	0	0	0	0	0	0	0	0	0	0	0	0	0	0	0	0	0	0	0	
k__Bacteria;p__Firmicutes;c__Clostridia;o__Clostridiales;f__Clostridiaceae;g__Clostridium sensu stricto 13	0	0	0	0	0	0	0	0	0	0	0	0	0	0	0	0	0	0	0	0	0	0	0	0	0	0	0	0	0	0	0	0	0	0	0	0	0	0	0	0	0	0	0	0	0	0	0	0	0	0	0	0	0	0	0	0	0	0	0	0	0	0	0	0	0	0	0	0	0	0	0	0	0	11	0	0	0	0	0	0	0	0	0	0	0	0	0	0	0	0	
k__Bacteria;p__Proteobacteria;c__Alphaproteobacteria;o__Sphingomonadales;f__Sphingomonadaceae;g__Sphingomonas	0	0	0	0	0	0	0	0	0	0	0	0	0	0	0	0	0	0	0	0	0	0	0	0	0	0	5	0	0	0	0	0	0	0	0	0	0	0	0	0	0	0	0	0	0	0	0	0	0	0	0	0	0	0	0	0	0	0	0	0	0	0	0	0	0	0	0	0	0	0	0	0	0	0	0	0	0	0	0	0	0	0	0	0	0	0	0	0	0	0	
k__Bacteria;p__Bacteroidota;c__Bacteroidia;o__Bacteroidales;f__Prevotellaceae;g__Prevotella	0	0	20	0	0	0	0	4	0	0	0	0	0	0	0	0	0	0	0	0	0	0	0	0	0	0	12	0	0	0	0	0	0	0	0	0	0	0	0	0	0	0	0	0	0	0	0	0	0	0	0	0	0	0	0	0	0	0	0	0	0	0	0	0	0	0	0	0	0	0	0	0	0	0	0	0	0	0	0	0	0	0	0	0	0	0	0	0	0	0	
k__Bacteria;p__Firmicutes;c__Negativicutes;o__Veillonellales-Selenomonadales;f__Veillonellaceae;g__Megasphaera	0	0	0	0	0	0	0	0	0	0	0	0	0	0	0	0	0	0	0	0	0	0	0	0	0	0	6	0	0	0	0	0	0	0	0	0	0	0	0	0	0	0	0	0	0	0	0	0	0	0	0	0	0	0	0	0	0	0	0	0	0	0	0	0	0	0	0	0	0	0	0	0	0	0	0	0	0	0	0	0	0	0	0	0	0	0	0	0	0	0	
k__Bacteria;p__Bacteroidota;c__Bacteroidia;o__Bacteroidales;f__Barnesiellaceae;g__Barnesiella	0	0	0	0	0	0	0	0	0	0	0	0	2	0	0	0	0	0	0	0	0	0	0	0	0	0	0	0	0	0	0	0	0	0	0	0	0	0	0	0	0	0	0	0	0	0	0	0	0	0	0	0	0	0	0	0	0	0	0	0	0	0	0	0	0	0	0	0	0	0	0	0	0	12	2	0	0	0	0	0	0	0	0	0	0	0	0	0	0	0	
k__Bacteria;p__Firmicutes;c__Clostridia;o__Peptostreptococcales-Tissierellales;f__;g__	0	0	0	0	0	0	0	0	0	0	0	0	0	0	0	0	0	0	0	0	0	0	0	0	0	0	0	0	0	6	0	0	0	0	0	0	0	0	0	0	0	0	0	0	0	0	0	0	0	0	0	0	0	0	0	0	0	0	0	0	0	0	0	0	0	0	0	0	0	0	0	0	0	0	0	0	0	0	0	0	0	0	0	0	0	0	0	0	0	0	
k__Bacteria;p__Firmicutes;c__Bacilli;o__Erysipelotrichales;f__Erysipelotrichaceae;g__[Clostridium] innocuum group	0	0	9	0	0	0	0	0	0	0	0	0	0	0	0	0	0	0	0	0	0	0	0	0	0	0	8	0	0	0	0	0	0	0	0	0	0	0	0	0	0	0	0	0	0	0	0	0	0	0	0	0	0	0	0	0	0	0	0	0	0	0	0	0	0	0	0	0	0	0	0	0	0	0	0	0	0	0	0	0	0	0	0	0	0	0	0	0	0	0	
k__Bacteria;p__Firmicutes;c__Clostridia;o__Peptostreptococcales-Tissierellales;f__Family XI;g__Finegoldia	0	0	16	0	0	0	0	0	0	0	0	0	0	0	0	0	0	0	0	0	0	0	0	0	0	0	0	0	0	0	0	0	0	0	0	0	0	0	0	0	0	0	0	0	0	0	0	0	0	0	0	0	0	0	0	0	0	0	0	0	0	0	0	0	0	0	0	0	0	0	0	0	0	0	0	0	0	0	0	0	0	0	0	0	0	0	0	0	0	0	
k__Bacteria;p__Proteobacteria;c__Gammaproteobacteria;o__Enterobacterales;f__Erwiniaceae;g__Erwinia	0	0	16	0	0	0	0	0	0	0	0	0	0	0	0	0	0	0	0	0	0	0	0	0	0	0	0	0	0	0	0	0	0	0	0	0	0	0	0	0	0	0	0	0	0	0	0	0	0	0	0	0	0	0	0	0	0	0	0	0	0	0	0	0	0	0	0	0	0	0	0	0	0	0	0	0	0	0	0	0	0	0	0	0	0	0	0	0	0	0	
k__Bacteria;p__Firmicutes;c__Clostridia;o__Peptostreptococcales-Tissierellales;f__Peptostreptococcaceae;g__Paeniclostridium	0	0	0	0	0	0	0	16	0	0	0	0	0	0	0	0	0	0	0	10	0	0	0	0	0	0	0	0	0	0	0	0	0	0	0	0	0	0	0	0	0	0	0	0	0	0	0	0	0	0	0	0	0	0	0	0	0	0	0	0	0	0	0	0	0	0	0	0	0	0	0	0	0	0	0	0	0	0	0	0	0	0	0	0	0	0	0	0	0	0	
k__Bacteria;p__Firmicutes;c__Clostridia;o__Peptostreptococcales-Tissierellales;f__Peptostreptococcaceae;g__Terrisporobacter	0	0	0	0	0	0	0	0	0	0	0	0	0	0	0	0	0	0	0	0	0	0	0	0	0	0	0	0	0	0	0	0	0	0	0	0	0	0	0	0	0	0	0	0	0	0	0	0	0	0	0	0	0	9	0	0	0	0	0	0	0	0	0	0	0	0	0	0	0	0	0	0	0	10	0	7	0	0	0	0	0	0	0	0	0	0	0	0	0	0	
k__Bacteria;p__Firmicutes;c__Negativicutes;o__Veillonellales-Selenomonadales;f__Selenomonadaceae;g__Centipeda	0	0	0	0	0	0	0	0	0	0	0	0	0	0	0	0	0	0	0	0	0	0	0	0	0	0	15	0	0	0	0	0	0	0	0	0	0	0	0	0	0	0	0	0	0	0	0	0	0	0	0	0	0	0	0	0	0	0	0	0	0	0	0	0	0	0	0	0	0	0	0	0	0	0	0	0	0	0	0	0	0	0	0	0	0	0	0	0	0	0	
k__Bacteria;p__Proteobacteria;c__Alphaproteobacteria;o__Rhizobiales;f__Rhizobiaceae;g__Allorhizobium-Neorhizobium-Pararhizobium-Rhizobium	0	0	0	0	0	0	0	0	0	0	0	0	0	0	0	0	0	0	0	0	0	0	0	0	0	0	13	0	0	0	0	0	0	0	0	0	0	0	0	0	0	0	0	0	0	0	0	0	0	0	0	0	0	0	0	0	0	0	0	0	0	0	0	0	0	0	0	0	0	0	0	0	0	0	0	0	0	0	0	0	0	0	0	0	0	0	0	0	0	0	
k__Bacteria;p__Firmicutes;c__Bacilli;o__;f__;g__	0	0	0	0	0	0	0	0	0	0	0	0	0	0	0	0	0	0	0	0	0	0	0	0	0	0	0	0	0	0	13	0	0	0	0	0	0	0	0	0	0	0	0	0	0	0	0	0	0	0	0	0	0	0	0	0	0	0	0	0	0	0	0	0	0	0	0	0	0	0	0	0	0	0	0	0	0	0	0	0	0	0	0	0	0	0	0	0	0	0	
k__Bacteria;p__Proteobacteria;c__Alphaproteobacteria;o__Rhizobiales;f__Beijerinckiaceae;g__Methylocella	0	0	0	0	0	0	0	3	0	0	0	0	0	0	0	0	0	0	0	0	0	0	0	0	0	0	0	0	0	0	0	0	0	0	0	0	0	0	0	0	0	0	0	0	0	0	0	0	0	0	0	0	0	0	0	0	0	0	0	0	0	0	0	0	0	0	0	0	0	0	0	0	0	0	0	0	0	0	0	0	0	0	0	0	0	0	0	0	0	0	
k__Bacteria;p__Firmicutes;c__Clostridia;o__Lachnospirales;f__Lachnospiraceae;g__Stomatobaculum	0	0	6	0	0	0	0	5	0	0	0	0	0	0	0	0	0	0	0	0	0	0	0	0	0	0	0	0	0	0	0	0	0	0	0	0	0	0	0	0	0	0	0	0	0	0	0	0	0	0	0	0	0	0	0	0	0	0	0	0	0	0	0	0	0	0	0	0	0	0	0	0	0	0	0	0	0	0	0	0	0	0	0	0	0	0	0	0	0	0	
k__Bacteria;p__Actinobacteriota;c__Actinobacteria;o__Actinomycetales;f__Actinomycetaceae;g__F0332	0	0	0	0	0	0	0	11	0	0	0	0	0	0	0	0	0	0	0	0	0	0	0	0	0	0	0	0	0	0	0	0	0	0	0	0	0	0	0	0	0	0	0	0	0	0	0	0	0	0	0	0	0	0	0	0	0	0	0	0	0	0	0	0	0	0	0	0	0	0	0	0	0	0	0	0	0	0	0	0	0	0	0	0	0	0	0	0	0	0	
k__Bacteria;p__Actinobacteriota;c__Actinobacteria;o__Micrococcales;f__Microbacteriaceae;g__Frondihabitans	0	0	0	0	0	0	0	0	0	0	0	0	0	0	0	0	0	0	0	0	0	0	0	0	0	0	9	0	0	0	0	0	0	0	0	0	0	0	0	0	0	0	0	0	0	0	0	0	0	0	0	0	0	0	0	0	0	0	0	0	0	0	0	0	0	0	0	0	0	0	2	0	0	0	0	0	0	0	0	0	0	0	0	0	0	0	0	0	0	0	
k__Bacteria;p__Bacteroidota;c__Bacteroidia;o__Flavobacteriales;f__Weeksellaceae;g__Bergeyella	0	0	10	0	0	0	0	0	0	0	0	0	0	0	0	0	0	0	0	0	0	0	0	0	0	0	4	0	0	0	0	0	0	0	0	0	0	0	0	0	0	0	0	0	0	0	0	0	0	0	0	0	0	0	0	0	0	0	0	0	0	0	0	0	0	0	0	0	0	0	0	0	0	0	0	0	0	0	0	0	0	0	0	0	0	0	0	0	0	0	
k__Bacteria;p__Firmicutes;c__;o__;f__;g__	0	0	10	0	0	0	0	0	0	0	0	0	0	0	0	0	0	0	0	0	0	0	0	0	0	0	0	0	0	0	0	0	0	0	0	0	0	0	0	0	0	0	0	0	0	0	0	0	0	0	0	0	0	0	0	0	0	0	0	0	0	0	0	0	0	0	0	0	0	0	0	0	0	0	0	0	0	0	0	0	0	0	0	0	0	0	0	0	0	0	
k__Bacteria;p__Firmicutes;c__Bacilli;o__Lactobacillales;f__Lactobacillaceae;g__Latilactobacillus	0	0	0	0	0	0	0	0	0	0	0	0	10	0	0	0	0	0	0	0	0	0	0	0	0	0	0	0	0	0	0	0	0	0	0	0	0	0	0	0	0	0	0	0	0	0	0	0	0	0	0	0	0	0	0	0	0	0	0	0	0	0	0	0	0	0	0	0	0	0	0	0	0	0	0	0	0	0	0	0	0	0	0	0	0	0	0	0	0	0	
k__Bacteria;p__Actinobacteriota;c__Actinobacteria;o__Kineosporiales;f__Kineosporiaceae;g__Quadrisphaera	0	0	0	0	0	0	0	0	0	0	0	0	0	0	0	0	0	0	0	0	0	0	0	0	0	0	10	0	0	0	0	0	0	0	0	0	0	0	0	0	0	0	0	3	0	0	0	0	0	0	0	0	0	0	0	0	0	0	0	0	0	0	0	0	0	0	0	0	0	0	0	0	0	0	0	0	0	0	0	0	0	0	0	0	0	0	0	0	0	0	
k__Bacteria;p__Firmicutes;c__Clostridia;o__Peptostreptococcales-Tissierellales;f__Peptostreptococcaceae;g__Paraclostridium	0	0	0	0	0	0	0	0	0	0	0	0	0	0	0	0	0	0	0	0	0	0	0	0	0	0	0	0	0	0	0	0	0	0	10	0	0	0	0	0	0	0	0	0	0	0	0	0	0	0	0	0	0	0	0	0	0	0	0	0	0	0	0	0	0	0	0	0	0	0	0	0	0	0	0	0	0	0	0	0	0	0	0	0	0	0	0	0	0	0	
k__Bacteria;p__Actinobacteriota;c__Actinobacteria;o__Corynebacteriales;f__;g__	0	0	0	0	0	0	0	0	0	0	0	0	0	0	0	0	0	0	0	0	0	0	0	0	0	0	0	0	0	0	0	0	0	0	10	0	0	0	0	0	0	0	0	0	0	0	0	0	0	0	0	0	0	0	0	0	0	0	0	0	0	0	0	0	0	0	0	0	0	0	0	0	0	0	0	0	0	0	0	0	0	0	0	0	0	0	0	0	0	0	
k__Bacteria;p__Bacteroidota;c__Bacteroidia;o__Bacteroidales;f__Prevotellaceae;g__Prevotellaceae NK3B31 group	0	0	0	0	0	0	0	0	0	0	0	0	0	0	0	0	0	0	0	0	0	0	0	0	0	0	0	0	0	0	0	0	0	0	0	0	0	0	0	0	0	0	0	0	0	0	0	0	0	0	0	0	0	0	0	0	0	0	0	0	0	0	0	0	0	0	0	0	0	0	0	0	0	10	0	0	0	0	0	0	0	0	0	0	0	0	0	0	0	0	
k__Bacteria;p__Firmicutes;c__Bacilli;o__Alicyclobacillales;f__Alicyclobacillaceae;g__Effusibacillus	0	0	9	0	0	0	0	0	0	0	0	0	0	0	0	0	0	0	0	0	0	0	0	0	0	0	0	0	0	0	0	0	0	0	0	0	0	0	0	0	0	0	0	0	0	0	0	0	0	0	0	0	0	0	0	0	0	0	0	0	0	0	0	0	0	0	0	0	0	0	0	0	0	0	0	0	0	0	0	0	0	0	0	0	0	0	0	0	0	0	
k__Bacteria;p__Firmicutes;c__Clostridia;o__Lachnospirales;f__Lachnospiraceae;g__Johnsonella	0	0	9	0	0	0	0	0	0	0	0	0	0	0	0	0	0	0	0	0	0	0	0	0	0	0	0	0	0	0	0	0	0	0	0	0	0	0	0	0	0	0	0	0	0	0	0	0	0	0	0	0	0	0	0	0	0	0	0	0	0	0	0	0	0	0	0	0	0	0	0	0	0	0	0	0	0	0	0	0	0	0	0	0	0	0	0	0	0	0	
k__Bacteria;p__Firmicutes;c__Clostridia;o__Peptostreptococcales-Tissierellales;f__Family XI;g__Gallicola	0	0	0	0	0	0	0	0	0	0	0	0	0	2	0	0	0	0	0	0	0	0	0	0	0	0	7	0	0	0	0	0	0	0	0	0	0	0	0	0	0	0	0	0	0	0	0	0	0	0	0	0	0	0	0	0	0	0	0	0	0	0	0	0	0	0	0	0	0	0	0	0	0	0	0	0	0	0	0	0	0	0	0	0	0	0	0	0	0	0	
k__Bacteria;p__Actinobacteriota;c__Actinobacteria;o__Pseudonocardiales;f__Pseudonocardiaceae;g__Saccharopolyspora	0	0	0	0	0	0	0	0	0	0	0	0	0	0	0	0	0	0	0	0	0	0	0	0	0	0	9	0	0	0	0	0	0	0	0	0	0	0	0	0	0	0	0	0	0	0	0	0	0	0	0	0	0	0	0	0	0	0	0	0	0	0	0	0	0	0	0	0	0	0	0	0	0	0	0	0	0	0	0	0	0	0	0	0	0	0	0	0	0	0	
k__Bacteria;p__Firmicutes;c__Bacilli;o__Lactobacillales;f__Aerococcaceae;g__Abiotrophia	0	0	8	0	0	0	0	0	0	0	0	0	0	0	0	0	0	0	0	0	0	0	0	0	0	0	0	0	0	0	0	0	0	0	0	0	0	0	0	0	0	0	0	0	0	0	0	0	0	0	0	0	0	0	0	0	0	0	0	0	0	0	0	0	0	0	0	0	0	0	0	0	0	0	0	0	0	0	0	0	0	0	0	0	0	0	0	0	0	0	
k__Bacteria;p__Actinobacteriota;c__Actinobacteria;o__Micrococcales;f__Micrococcaceae;g__Enteractinococcus	0	0	0	0	0	0	0	0	0	0	0	0	0	0	0	0	0	0	0	0	0	0	0	0	0	0	0	0	0	0	0	0	0	0	0	0	0	0	8	0	0	0	0	0	0	0	0	0	0	0	0	0	0	0	0	0	0	0	0	0	0	0	0	0	0	0	0	0	0	0	0	0	0	0	0	0	0	0	0	0	0	0	0	0	0	0	0	0	0	0	
k__Bacteria;p__Firmicutes;c__Bacilli;o__Paenibacillales;f__Paenibacillaceae;g__Saccharibacillus	0	0	0	0	0	0	0	0	0	0	0	0	0	0	0	0	0	0	0	0	0	0	0	0	0	0	0	0	0	0	0	0	0	0	0	0	0	0	0	0	0	0	0	0	0	0	0	0	0	0	0	8	0	0	0	0	0	0	0	0	0	0	0	0	0	0	0	0	0	0	0	0	0	0	0	0	0	0	0	0	0	0	0	0	0	0	0	0	0	0	
k__Bacteria;p__Firmicutes;c__Bacilli;o__Izemoplasmatales;f__;g__	0	0	0	0	0	0	0	0	0	0	0	0	0	0	0	0	0	0	0	0	0	0	0	0	0	0	0	0	0	0	0	0	0	0	0	0	0	0	0	0	0	0	0	0	0	0	0	0	0	0	0	0	0	0	0	0	0	0	0	0	0	0	0	0	0	0	0	0	0	0	0	0	0	8	0	0	0	0	0	0	0	0	0	0	0	0	0	0	0	0	
k__Bacteria;p__Firmicutes;c__Negativicutes;o__Veillonellales-Selenomonadales;f__Selenomonadaceae;g__Mitsuokella	0	0	7	0	0	0	0	0	0	0	0	0	0	0	0	0	0	0	0	0	0	0	0	0	0	0	0	0	0	0	0	0	0	0	0	0	0	0	0	0	0	0	0	0	0	0	0	0	0	0	0	0	0	0	0	0	0	0	0	0	0	0	0	0	0	0	0	0	0	0	0	0	0	0	0	0	0	0	0	0	0	0	0	0	0	0	0	0	0	0	
k__Bacteria;p__;c__;o__;f__;g__	0	0	0	0	0	3	0	6	0	0	0	0	0	0	0	0	0	0	0	0	0	0	0	0	2	7	5	0	0	0	0	0	0	0	0	0	0	0	0	0	0	0	2	0	0	0	0	0	0	0	0	0	0	0	0	0	0	0	0	0	0	0	0	0	0	0	0	0	0	0	0	0	0	0	0	0	0	0	0	0	0	0	0	2	0	0	0	2	3	0	
k__Bacteria;p__Firmicutes;c__Bacilli;o__Bacillales;f__Planococcaceae;g__Kurthia	0	0	0	0	0	0	0	0	0	0	0	0	0	0	0	0	0	0	0	0	0	0	0	0	0	0	7	0	0	0	0	0	0	0	0	0	0	0	0	0	0	0	0	0	0	0	0	0	0	0	0	0	0	0	0	0	0	0	0	0	0	0	0	0	0	0	0	0	0	0	0	0	0	0	0	0	0	0	0	0	0	0	0	0	0	0	0	0	0	0	
k__Bacteria;p__Firmicutes;c__Bacilli;o__Thermoactinomycetales;f__Thermoactinomycetaceae;g__Thermoactinomyces	0	0	0	0	0	0	0	0	0	0	0	0	0	0	0	0	0	0	0	0	0	0	0	0	0	0	0	0	0	0	0	0	0	0	0	0	0	0	0	0	0	0	0	0	0	0	0	0	0	0	0	0	0	7	0	0	0	0	0	0	0	0	0	0	0	0	0	0	0	0	0	0	0	0	0	0	0	0	0	0	0	0	0	0	0	0	0	0	0	0	
k__Bacteria;p__Firmicutes;c__Desulfotomaculia;o__Desulfotomaculales;f__Desulfotomaculales Incertae Sedis;g__Desulfallas-Sporotomaculum	0	0	6	0	0	0	0	0	0	0	0	0	0	0	0	0	0	0	0	0	0	0	0	0	0	0	0	0	0	0	0	0	0	0	0	0	0	0	0	0	0	0	0	0	0	0	0	0	0	0	0	0	0	0	0	0	0	0	0	0	0	0	0	0	0	0	0	0	0	0	0	0	0	0	0	0	0	0	0	0	0	0	0	0	0	0	0	0	0	0	
k__Bacteria;p__Bacteroidota;c__Bacteroidia;o__Bacteroidales;f__Tannerellaceae;g__Tannerella	0	0	6	0	0	0	0	0	0	0	0	0	0	0	0	0	0	0	0	0	0	0	0	0	0	0	0	0	0	0	0	0	0	0	0	0	0	0	0	0	0	0	0	0	0	0	0	0	0	0	0	0	0	0	0	0	0	0	0	0	0	0	0	0	0	0	0	0	0	0	0	0	0	0	0	0	0	0	0	0	0	0	0	0	0	0	0	0	0	0	
k__Bacteria;p__Acidobacteriota;c__Blastocatellia;o__;f__;g__	0	0	0	0	0	0	0	6	0	0	0	0	0	0	0	0	0	0	0	0	0	0	0	0	0	0	0	0	0	0	0	0	0	0	0	0	0	0	0	0	0	0	0	0	0	0	0	0	0	0	0	0	0	0	0	0	0	0	0	0	0	0	0	0	0	0	0	0	0	0	0	0	0	0	0	0	0	0	0	0	0	0	0	0	0	0	0	0	0	0	
k__Bacteria;p__Actinobacteriota;c__Coriobacteriia;o__Coriobacteriales;f__;g__	0	0	0	0	0	0	0	0	0	0	0	0	0	0	0	0	0	0	0	0	0	0	0	0	6	0	0	0	0	0	0	0	0	0	0	0	0	0	0	0	0	0	0	0	0	0	0	0	0	0	0	0	0	0	0	0	0	0	0	0	0	0	0	0	0	0	0	0	0	0	0	0	0	0	0	0	0	0	0	0	0	0	0	0	0	0	0	0	0	0	
k__Bacteria;p__Actinobacteriota;c__Actinobacteria;o__Pseudonocardiales;f__Pseudonocardiaceae;g__	0	0	0	0	0	0	0	0	0	0	0	0	0	0	0	0	0	0	0	0	0	0	0	0	0	0	6	0	0	0	0	0	0	0	0	0	0	0	0	0	0	0	0	0	0	0	0	0	0	0	0	0	0	0	0	0	0	0	0	0	0	0	0	0	0	0	0	0	0	0	0	0	0	0	0	0	0	0	0	0	0	0	0	0	0	0	0	0	0	0	
k__Archaea;p__Halobacterota;c__Halobacteria;o__Halobacterales;f__Haloferacaceae;g__Halolamina	0	0	5	0	0	0	0	0	0	0	0	0	0	0	0	0	0	0	0	0	0	0	0	0	0	0	0	0	0	0	0	0	0	0	0	0	0	0	0	0	0	0	0	0	0	0	0	0	0	0	0	0	0	0	0	0	0	0	0	0	0	0	0	0	0	0	0	0	0	0	0	0	0	0	0	0	0	0	0	0	0	0	0	0	0	0	0	0	0	0	
k__Bacteria;p__Firmicutes;c__Bacilli;o__Lactobacillales;f__;g__	0	0	0	0	0	5	0	0	0	0	0	0	0	0	0	0	0	0	0	0	0	0	0	0	0	0	0	0	0	0	0	0	0	0	0	0	0	0	0	0	0	0	0	0	0	0	0	0	0	0	0	0	0	0	0	0	0	0	0	0	0	0	0	0	0	0	0	0	0	0	0	0	0	0	0	0	0	0	0	0	0	0	0	0	0	0	0	0	0	0	
k__Bacteria;p__Proteobacteria;c__Gammaproteobacteria;o__Enterobacterales;f__Pasteurellaceae;g__	0	0	4	0	0	0	0	5	0	0	0	0	0	0	0	0	0	0	0	0	0	0	0	0	0	0	0	0	0	0	0	0	0	0	0	0	0	0	0	0	0	0	0	0	0	0	0	0	0	0	0	0	0	0	0	0	0	0	0	0	0	0	0	0	0	0	0	0	0	0	0	0	0	0	0	0	0	0	0	0	0	0	0	0	0	0	0	0	0	0	
k__Bacteria;p__Actinobacteriota;c__Actinobacteria;o__Micrococcales;f__Bogoriellaceae;g__	0	0	0	0	0	0	0	0	0	5	0	0	0	0	0	0	0	0	0	0	0	0	0	0	0	0	0	0	0	0	0	0	0	0	0	0	0	0	0	0	0	0	0	0	0	0	0	0	0	0	0	0	0	0	0	0	0	0	0	0	0	0	0	0	0	0	0	0	0	0	0	0	0	0	0	0	0	0	0	0	0	0	0	0	0	0	0	0	0	0	
k__Bacteria;p__Firmicutes;c__Clostridia;o__Peptostreptococcales-Tissierellales;f__Family XI;g__Anaerosalibacter	0	0	0	0	0	0	0	0	0	0	0	0	0	0	0	0	0	0	0	0	0	0	0	0	0	5	0	0	0	0	0	0	0	0	0	0	0	0	0	0	0	0	0	0	0	0	0	0	0	0	0	0	0	0	0	0	0	0	0	0	0	0	0	0	0	0	0	0	0	0	0	0	0	0	0	0	0	0	0	0	0	0	0	0	0	0	0	0	0	0	
k__Bacteria;p__Firmicutes;c__Bacilli;o__Bacillales;f__Bacillaceae;g__Ureibacillus	0	0	0	0	0	0	0	0	0	0	0	0	0	0	0	0	0	0	0	0	0	0	0	0	0	0	5	0	0	0	0	0	0	0	0	0	0	0	0	0	0	0	0	0	0	0	0	0	0	0	0	0	0	0	0	0	0	0	0	0	0	0	0	0	0	0	0	0	0	0	0	0	0	0	0	0	0	0	0	0	0	0	0	0	0	0	0	0	0	0	
k__Bacteria;p__Proteobacteria;c__Gammaproteobacteria;o__Xanthomonadales;f__Xanthomonadaceae;g__Xanthomonas	0	0	0	0	0	0	0	0	0	0	0	0	0	0	0	0	0	0	0	0	0	0	0	0	0	0	5	0	0	0	0	0	0	0	0	0	0	0	0	0	0	0	0	0	0	0	0	0	0	0	0	0	0	0	0	0	0	0	0	0	0	0	0	0	0	0	0	0	0	0	0	0	0	0	0	0	0	0	0	0	0	0	0	0	0	0	0	0	0	0	
k__Bacteria;p__Firmicutes;c__Clostridia;o__Peptostreptococcales-Tissierellales;f__Peptostreptococcaceae;g__	0	0	0	0	0	0	0	0	0	0	0	0	0	0	0	0	0	0	0	0	0	0	0	0	0	0	0	0	0	0	0	0	0	0	0	0	0	0	0	0	0	0	0	5	0	0	0	0	0	0	0	0	0	0	0	0	0	0	0	0	0	0	0	0	0	0	0	0	0	0	0	0	0	0	0	0	0	0	0	0	0	0	0	0	0	0	0	0	0	0	
k__Bacteria;p__Actinobacteriota;c__Actinobacteria;o__Streptosporangiales;f__Nocardiopsaceae;g__Nocardiopsis	0	0	0	0	0	0	0	0	0	0	0	0	0	0	0	0	0	0	0	0	0	0	0	0	0	0	0	0	0	0	0	0	0	0	0	0	0	0	0	0	0	0	0	0	0	0	0	5	0	0	0	0	0	0	0	0	0	0	0	0	0	0	0	0	0	0	0	0	0	0	0	0	0	0	0	0	0	0	0	0	0	0	0	0	0	0	0	0	0	0	
k__Bacteria;p__Bacteroidota;c__Bacteroidia;o__Flavobacteriales;f__;g__	0	0	0	0	0	0	0	0	0	0	0	0	0	0	0	0	0	0	0	0	0	0	0	0	0	0	0	0	0	0	0	0	0	0	0	0	0	0	0	0	0	0	0	0	0	0	0	0	0	0	0	0	0	0	0	0	0	0	0	0	0	0	0	0	0	0	0	0	0	0	0	0	0	5	0	0	0	0	0	0	0	0	0	0	0	0	0	0	0	0	
k__Bacteria;p__Chloroflexi;c__KD4-96;o__;f__;g__	0	0	4	0	0	0	0	0	0	0	0	0	0	0	0	0	0	0	0	0	0	0	0	0	0	0	0	0	0	0	0	0	0	0	0	0	0	0	0	0	0	0	0	0	0	0	0	0	0	0	0	0	0	0	0	0	0	0	0	0	0	0	0	0	0	0	0	0	0	0	0	0	0	0	0	0	0	0	0	0	0	0	0	0	0	0	0	0	0	0	
k__Bacteria;p__Spirochaetota;c__Spirochaetia;o__Spirochaetales;f__Spirochaetaceae;g__Treponema	0	0	0	0	0	0	0	0	0	0	0	0	0	0	0	0	0	0	0	0	0	0	0	0	0	0	4	0	0	0	0	0	0	0	0	0	0	0	0	0	0	0	0	0	0	0	0	0	0	0	0	0	0	0	0	0	0	0	0	0	0	0	0	0	0	0	0	0	0	0	0	0	0	0	0	0	0	0	0	0	0	0	0	0	0	0	0	0	0	0	
k__Bacteria;p__Actinobacteriota;c__Actinobacteria;o__Corynebacteriales;f__Dietziaceae;g__Dietzia	0	0	0	0	0	0	0	0	0	0	0	0	0	0	0	0	0	0	0	0	0	0	0	0	0	0	0	0	0	0	0	0	0	0	0	0	0	0	4	0	0	0	0	0	0	0	0	0	0	0	0	0	0	0	0	0	0	0	0	0	0	0	0	0	0	0	0	0	0	0	0	0	0	0	0	0	0	0	0	0	0	0	0	0	0	0	0	0	0	0	
k__Bacteria;p__Actinobacteriota;c__Actinobacteria;o__Micrococcales;f__Microbacteriaceae;g__Rathayibacter	0	0	0	0	0	0	0	0	0	0	0	0	0	0	0	0	0	0	0	0	0	0	0	0	0	0	0	0	0	0	0	0	0	0	0	0	0	0	0	0	0	0	0	0	0	0	0	4	0	0	0	0	0	0	0	0	0	0	0	0	0	0	0	0	0	0	0	0	0	0	0	0	0	0	0	0	0	0	0	0	0	0	0	0	0	0	0	0	0	0	
k__Bacteria;p__Bacteroidota;c__Bacteroidia;o__Bacteroidales;f__;g__	0	0	0	0	0	0	0	0	0	3	0	0	0	0	0	0	0	0	0	0	0	0	0	0	0	0	0	0	0	0	0	0	0	0	0	0	0	0	0	0	0	0	0	0	0	0	0	0	0	0	0	0	0	0	0	0	0	0	0	0	0	0	4	0	0	0	0	0	0	0	0	0	0	0	3	0	0	0	0	0	0	0	0	0	0	0	0	0	2	0	
k__Bacteria;p__Firmicutes;c__Clostridia;o__Oscillospirales;f__;g__	0	0	0	0	0	0	0	0	0	0	0	0	0	0	0	0	0	0	0	0	0	0	0	0	0	0	0	0	0	0	0	0	0	0	0	0	0	0	0	0	0	0	0	0	0	0	0	0	0	0	0	0	0	0	0	0	0	0	0	0	0	0	0	0	0	0	0	0	0	4	0	0	0	0	0	0	0	0	0	0	0	0	0	0	0	0	0	0	0	0	
k__Bacteria;p__Firmicutes;c__Bacilli;o__Paenibacillales;f__Paenibacillaceae;g__Paenibacillus	0	0	0	0	0	0	0	0	0	0	0	0	0	0	0	0	0	0	0	0	0	0	0	0	0	2	0	0	0	0	0	0	0	0	0	0	0	0	0	0	0	0	0	0	0	0	0	0	0	0	0	3	0	0	0	0	0	0	0	0	0	0	0	0	0	0	0	0	0	0	0	0	0	0	0	0	0	0	0	0	0	0	0	0	0	4	0	0	0	0	
k__Bacteria;p__Actinobacteriota;c__Coriobacteriia;o__Coriobacteriales;f__Eggerthellaceae;g__Gordonibacter	0	0	0	0	0	0	0	0	0	0	0	0	0	0	0	0	0	0	0	0	0	0	0	0	0	0	0	0	0	0	0	0	0	0	0	0	0	0	0	0	0	0	0	0	0	0	0	0	0	0	0	0	0	0	0	0	0	0	0	0	0	0	0	0	0	0	0	0	0	0	0	0	0	0	0	0	0	0	0	0	0	0	0	0	0	0	0	4	0	0	
k__Bacteria;p__Proteobacteria;c__Gammaproteobacteria;o__Gammaproteobacteria Incertae Sedis;f__Unknown Family;g__Acidibacter	0	0	0	0	0	0	0	0	0	0	0	0	0	0	0	0	0	0	0	0	0	0	0	0	0	0	0	0	0	0	0	0	0	0	0	0	0	0	0	0	0	0	0	0	0	0	0	3	0	0	0	0	0	0	0	0	0	0	0	0	0	0	0	0	0	0	0	0	0	0	0	0	0	0	0	0	0	0	0	0	0	0	0	0	0	0	0	0	0	0	
k__Bacteria;p__Actinobacteriota;c__Actinobacteria;o__Micrococcales;f__Microbacteriaceae;g__	0	0	0	0	0	0	0	0	0	0	0	0	0	2	0	0	0	0	0	0	0	0	0	0	0	0	0	0	0	0	0	0	0	0	0	0	0	0	0	0	0	0	0	0	0	0	0	0	0	0	0	0	0	0	0	0	0	0	0	0	0	0	0	0	0	0	0	0	0	0	0	0	0	0	0	0	0	0	0	0	0	0	0	0	0	0	0	0	0	0	
k__Bacteria;p__Firmicutes;c__Clostridia;o__Peptostreptococcales-Tissierellales;f__Family XI;g__Tepidimicrobium	0	0	0	0	0	0	0	0	0	0	0	0	0	0	0	0	0	0	0	0	0	0	0	0	0	0	0	0	0	0	0	0	0	0	0	0	0	0	0	0	0	0	2	0	0	0	0	0	0	0	0	0	0	0	0	0	0	0	0	0	0	0	0	0	0	0	0	0	0	0	0	0	0	0	0	0	0	0	0	0	0	0	0	0	0	0	0	0	0	0	
k__Bacteria;p__Actinobacteriota;c__Thermoleophilia;o__Solirubrobacterales;f__Solirubrobacteraceae;g__Patulibacter	0	0	0	0	0	0	0	0	0	0	0	0	0	0	0	0	0	0	0	0	0	0	0	0	0	0	0	0	0	0	0	0	0	0	0	0	0	0	0	0	0	0	0	0	0	0	0	0	0	0	0	0	0	0	2	0	0	0	0	0	0	0	0	0	0	0	0	0	0	0	0	0	0	0	0	0	0	0	0	0	0	0	0	0	0	0	0	0	0	0	
k__Bacteria;p__Firmicutes;c__Bacilli;o__Lactobacillales;f__Lactobacillaceae;g__Pediococcus	0	0	0	0	0	0	0	0	0	0	0	0	0	0	0	0	0	0	0	0	0	0	0	0	0	0	0	0	0	0	0	0	0	0	0	0	0	0	0	0	0	0	0	0	0	0	0	0	0	0	0	0	0	0	0	0	0	0	0	0	0	0	0	0	0	0	0	0	2	0	0	0	0	0	0	0	0	0	0	0	0	0	0	0	0	0	0	0	0	0	
k__Bacteria;p__Proteobacteria;c__Gammaproteobacteria;o__Burkholderiales;f__Oxalobacteraceae;g__Oxalobacter	0	0	0	0	0	0	0	0	0	0	0	0	0	0	0	0	0	0	0	0	0	0	0	0	0	0	0	0	0	0	0	0	0	0	0	0	0	0	0	0	0	0	0	0	0	0	0	0	0	0	0	0	0	0	0	0	0	0	0	0	0	0	0	0	0	0	0	0	0	0	0	0	0	2	0	0	0	0	0	0	0	0	0	0	0	0	0	0	0	0	
